#VRML V1.0 ascii

Separator {
    Info {
	string	"Object Creator: Thad Beier
Copyright: Public Domain
"
    }
    ShapeHints {
	vertexOrdering	COUNTERCLOCKWISE
	shapeType	SOLID
    }
    Coordinate3 {
	point	[ -0.460165 -0.17729 -0.241543,
			  -0.369531 -0.190028 -0.241543,
			  -0.371877 -0.206723 -0.241543,
			  -0.462512 -0.193986 -0.241543,
			  -0.369531 -0.190028 0.241543,
			  -0.460165 -0.17729 0.241543,
			  -0.462512 -0.193986 0.241543,
			  -0.371877 -0.206723 0.241543,
			  -0.461119 -0.177156 0.240855,
			  -0.461119 -0.177156 -0.240855,
			  -0.463466 -0.193852 -0.240855,
			  -0.463466 -0.193852 0.240855,
			  -0.368577 -0.190162 -0.240855,
			  -0.368577 -0.190162 0.240855,
			  -0.370923 -0.206858 0.240855,
			  -0.370923 -0.206858 -0.240855,
			  -0.462646 -0.19494 -0.240855,
			  -0.372011 -0.207677 -0.240855,
			  -0.372011 -0.207677 0.240855,
			  -0.462646 -0.19494 0.240855,
			  -0.460031 -0.176336 0.240855,
			  -0.369397 -0.189074 0.240855,
			  -0.369397 -0.189074 -0.240855,
			  -0.460031 -0.176336 -0.240855,
			  -0.368856 -0.190122 0.241342,
			  -0.371203 -0.206818 0.241342,
			  -0.368762 -0.189448 0.240855,
			  -0.368959 -0.18942 0.241199,
			  -0.369436 -0.189353 0.241342,
			  -0.371298 -0.207493 0.240855,
			  -0.371495 -0.207465 0.241199,
			  -0.371972 -0.207398 0.241342,
			  -0.46084 -0.177195 0.241342,
			  -0.463186 -0.193891 0.241342,
			  -0.46007 -0.176615 0.241342,
			  -0.460547 -0.176548 0.241199,
			  -0.460745 -0.17652 0.240855,
			  -0.462606 -0.19466 0.241342,
			  -0.463084 -0.194593 0.241199,
			  -0.463281 -0.194565 0.240855,
			  -0.46084 -0.177195 -0.241342,
			  -0.463186 -0.193891 -0.241342,
			  -0.460745 -0.17652 -0.240855,
			  -0.460547 -0.176548 -0.241199,
			  -0.46007 -0.176615 -0.241342,
			  -0.463281 -0.194565 -0.240855,
			  -0.463084 -0.194593 -0.241199,
			  -0.462606 -0.19466 -0.241342,
			  -0.368856 -0.190122 -0.241342,
			  -0.371203 -0.206818 -0.241342,
			  -0.369436 -0.189353 -0.241342,
			  -0.368959 -0.18942 -0.241199,
			  -0.368762 -0.189448 -0.240855,
			  -0.371972 -0.207398 -0.241342,
			  -0.371495 -0.207465 -0.241199,
			  -0.371298 -0.207493 -0.240855,
			  -0.354191 -0.194732 -0.241543,
			  -0.265012 -0.21532 -0.241543,
			  -0.268805 -0.231748 -0.241543,
			  -0.357984 -0.21116 -0.241543,
			  -0.265012 -0.21532 0.241543,
			  -0.354191 -0.194732 0.241543,
			  -0.357984 -0.21116 0.241543,
			  -0.268805 -0.231748 0.241543,
			  -0.35513 -0.194515 0.240855,
			  -0.35513 -0.194515 -0.240855,
			  -0.358923 -0.210943 -0.240855,
			  -0.358923 -0.210943 0.240855,
			  -0.264073 -0.215537 -0.240855,
			  -0.264073 -0.215537 0.240855,
			  -0.267866 -0.231965 0.240855,
			  -0.267866 -0.231965 -0.240855,
			  -0.3582 -0.212098 -0.240855,
			  -0.269021 -0.232687 -0.240855,
			  -0.269021 -0.232687 0.240855,
			  -0.3582 -0.212098 0.240855,
			  -0.353974 -0.193793 0.240855,
			  -0.264795 -0.214382 0.240855,
			  -0.264795 -0.214382 -0.240855,
			  -0.353974 -0.193793 -0.240855,
			  -0.264348 -0.215474 0.241342,
			  -0.268141 -0.231901 0.241342,
			  -0.264195 -0.21481 0.240855,
			  -0.264389 -0.214765 0.241199,
			  -0.264859 -0.214657 0.241342,
			  -0.268294 -0.232565 0.240855,
			  -0.268488 -0.23252 0.241199,
			  -0.268958 -0.232412 0.241342,
			  -0.354855 -0.194579 0.241342,
			  -0.358648 -0.211006 0.241342,
			  -0.354038 -0.194068 0.241342,
			  -0.354507 -0.19396 0.241199,
			  -0.354702 -0.193915 0.240855,
			  -0.358137 -0.211823 0.241342,
			  -0.358606 -0.211715 0.241199,
			  -0.358801 -0.21167 0.240855,
			  -0.354855 -0.194579 -0.241342,
			  -0.358648 -0.211006 -0.241342,
			  -0.354702 -0.193915 -0.240855,
			  -0.354507 -0.19396 -0.241199,
			  -0.354038 -0.194068 -0.241342,
			  -0.358801 -0.21167 -0.240855,
			  -0.358606 -0.211715 -0.241199,
			  -0.358137 -0.211823 -0.241342,
			  -0.264348 -0.215474 -0.241342,
			  -0.268141 -0.231901 -0.241342,
			  -0.264859 -0.214657 -0.241342,
			  -0.264389 -0.214765 -0.241199,
			  -0.264195 -0.21481 -0.240855,
			  -0.268958 -0.232412 -0.241342,
			  -0.268488 -0.23252 -0.241199,
			  -0.268294 -0.232565 -0.240855,
			  -0.250855 -0.218988 -0.241543,
			  -0.160456 -0.233306 -0.241543,
			  -0.163094 -0.249958 -0.241543,
			  -0.253492 -0.235641 -0.241543,
			  -0.160456 -0.233306 0.241543,
			  -0.250855 -0.218988 0.241543,
			  -0.253492 -0.235641 0.241543,
			  -0.163094 -0.249958 0.241543,
			  -0.251806 -0.218838 0.240855,
			  -0.251806 -0.218838 -0.240855,
			  -0.254444 -0.23549 -0.240855,
			  -0.254444 -0.23549 0.240855,
			  -0.159505 -0.233457 -0.240855,
			  -0.159505 -0.233457 0.240855,
			  -0.162142 -0.250109 0.240855,
			  -0.162142 -0.250109 -0.240855,
			  -0.253643 -0.236592 -0.240855,
			  -0.163245 -0.25091 -0.240855,
			  -0.163245 -0.25091 0.240855,
			  -0.253643 -0.236592 0.240855,
			  -0.250704 -0.218037 0.240855,
			  -0.160306 -0.232355 0.240855,
			  -0.160306 -0.232355 -0.240855,
			  -0.250704 -0.218037 -0.240855,
			  -0.159784 -0.233413 0.241342,
			  -0.162421 -0.250065 0.241342,
			  -0.159677 -0.23274 0.240855,
			  -0.159874 -0.232709 0.241199,
			  -0.16035 -0.232633 0.241342,
			  -0.162528 -0.250738 0.240855,
			  -0.162725 -0.250707 0.241199,
			  -0.163201 -0.250631 0.241342,
			  -0.251528 -0.218882 0.241342,
			  -0.254165 -0.235534 0.241342,
			  -0.250748 -0.218316 0.241342,
			  -0.251224 -0.21824 0.241199,
			  -0.251421 -0.218209 0.240855,
			  -0.253599 -0.236314 0.241342,
			  -0.254075 -0.236238 0.241199,
			  -0.254272 -0.236207 0.240855,
			  -0.251528 -0.218882 -0.241342,
			  -0.254165 -0.235534 -0.241342,
			  -0.251421 -0.218209 -0.240855,
			  -0.251224 -0.21824 -0.241199,
			  -0.250748 -0.218316 -0.241342,
			  -0.254272 -0.236207 -0.240855,
			  -0.254075 -0.236238 -0.241199,
			  -0.253599 -0.236314 -0.241342,
			  -0.159784 -0.233413 -0.241342,
			  -0.162421 -0.250065 -0.241342,
			  -0.16035 -0.232633 -0.241342,
			  -0.159874 -0.232709 -0.241199,
			  -0.159677 -0.23274 -0.240855,
			  -0.163201 -0.250631 -0.241342,
			  -0.162725 -0.250707 -0.241199,
			  -0.162528 -0.250738 -0.240855,
			  -0.146465 -0.233723 -0.241543,
			  -0.055288 -0.2417 -0.241543,
			  -0.056758 -0.258496 -0.241543,
			  -0.147934 -0.250519 -0.241543,
			  -0.055288 -0.2417 0.241543,
			  -0.146465 -0.233723 0.241543,
			  -0.147934 -0.250519 0.241543,
			  -0.056758 -0.258496 0.241543,
			  -0.147425 -0.233639 0.240855,
			  -0.147425 -0.233639 -0.240855,
			  -0.148894 -0.250435 -0.240855,
			  -0.148894 -0.250435 0.240855,
			  -0.054328 -0.241784 -0.240855,
			  -0.054328 -0.241784 0.240855,
			  -0.055798 -0.258579 0.240855,
			  -0.055798 -0.258579 -0.240855,
			  -0.148018 -0.251478 -0.240855,
			  -0.056842 -0.259455 -0.240855,
			  -0.056842 -0.259455 0.240855,
			  -0.148018 -0.251478 0.240855,
			  -0.146381 -0.232763 0.240855,
			  -0.055204 -0.24074 0.240855,
			  -0.055204 -0.24074 -0.240855,
			  -0.146381 -0.232763 -0.240855,
			  -0.054609 -0.241759 0.241342,
			  -0.056079 -0.258555 0.241342,
			  -0.05455 -0.241081 0.240855,
			  -0.054749 -0.241063 0.241199,
			  -0.055229 -0.241021 0.241342,
			  -0.056138 -0.259234 0.240855,
			  -0.056337 -0.259216 0.241199,
			  -0.056817 -0.259174 0.241342,
			  -0.147144 -0.233664 0.241342,
			  -0.148613 -0.250459 0.241342,
			  -0.146405 -0.233044 0.241342,
			  -0.146885 -0.233002 0.241199,
			  -0.147084 -0.232985 0.240855,
			  -0.147994 -0.251197 0.241342,
			  -0.148474 -0.251155 0.241199,
			  -0.148672 -0.251138 0.240855,
			  -0.147144 -0.233664 -0.241342,
			  -0.148613 -0.250459 -0.241342,
			  -0.147084 -0.232985 -0.240855,
			  -0.146885 -0.233002 -0.241199,
			  -0.146405 -0.233044 -0.241342,
			  -0.148672 -0.251138 -0.240855,
			  -0.148474 -0.251155 -0.241199,
			  -0.147994 -0.251197 -0.241342,
			  -0.054609 -0.241759 -0.241342,
			  -0.056079 -0.258555 -0.241342,
			  -0.055229 -0.241021 -0.241342,
			  -0.054749 -0.241063 -0.241199,
			  -0.05455 -0.241081 -0.240855,
			  -0.056817 -0.259174 -0.241342,
			  -0.056337 -0.259216 -0.241199,
			  -0.056138 -0.259234 -0.240855,
			  -0.041101 -0.243744 -0.241543,
			  0.050201 -0.250129 -0.241543,
			  0.049025 -0.266947 -0.241543,
			  -0.042277 -0.260563 -0.241543,
			  0.050201 -0.250129 0.241543,
			  -0.041101 -0.243744 0.241543,
			  -0.042277 -0.260563 0.241543,
			  0.049025 -0.266947 0.241543,
			  -0.042062 -0.243677 0.240855,
			  -0.042062 -0.243677 -0.240855,
			  -0.043238 -0.260496 -0.240855,
			  -0.043238 -0.260496 0.240855,
			  0.051162 -0.250196 -0.240855,
			  0.051162 -0.250196 0.240855,
			  0.049986 -0.267014 0.240855,
			  0.049986 -0.267014 -0.240855,
			  -0.042344 -0.261524 -0.240855,
			  0.048958 -0.267908 -0.240855,
			  0.048958 -0.267908 0.240855,
			  -0.042344 -0.261524 0.240855,
			  -0.041034 -0.242783 0.240855,
			  0.050268 -0.249167 0.240855,
			  0.050268 -0.249167 -0.240855,
			  -0.041034 -0.242783 -0.240855,
			  0.050881 -0.250176 0.241342,
			  0.049704 -0.266995 0.241342,
			  0.050928 -0.249496 0.240855,
			  0.050729 -0.249483 0.241199,
			  0.050248 -0.249449 0.241342,
			  0.049657 -0.267674 0.240855,
			  0.049458 -0.26766 0.241199,
			  0.048977 -0.267627 0.241342,
			  -0.041781 -0.243696 0.241342,
			  -0.042957 -0.260515 0.241342,
			  -0.041054 -0.243064 0.241342,
			  -0.041534 -0.243031 0.241199,
			  -0.041733 -0.243017 0.240855,
			  -0.042325 -0.261242 0.241342,
			  -0.042805 -0.261209 0.241199,
			  -0.043004 -0.261195 0.240855,
			  -0.041781 -0.243696 -0.241342,
			  -0.042957 -0.260515 -0.241342,
			  -0.041733 -0.243017 -0.240855,
			  -0.041534 -0.243031 -0.241199,
			  -0.041054 -0.243064 -0.241342,
			  -0.043004 -0.261195 -0.240855,
			  -0.042805 -0.261209 -0.241199,
			  -0.042325 -0.261242 -0.241342,
			  0.050881 -0.250176 -0.241342,
			  0.049704 -0.266995 -0.241342,
			  0.050248 -0.249449 -0.241342,
			  0.050729 -0.249483 -0.241199,
			  0.050928 -0.249496 -0.240855,
			  0.048977 -0.267627 -0.241342,
			  0.049458 -0.26766 -0.241199,
			  0.049657 -0.267674 -0.240855,
			  0.497376 -0.471202 0.231634,
			  0.487828 -0.444295 0.231634,
			  0.485333 -0.445386 0.232253,
			  0.493139 -0.467386 0.232253,
			  0.5 -0.473566 0.227367,
			  0.489374 -0.44362 0.227367,
			  0.487828 -0.444295 0.231634,
			  0.497376 -0.471202 0.231634,
			  0.5 -0.473566 0.219935,
			  0.489374 -0.44362 0.219935,
			  0.489374 -0.44362 0.227367,
			  0.5 -0.473566 0.227367,
			  0.497376 -0.471202 0.215669,
			  0.487828 -0.444295 0.215669,
			  0.489374 -0.44362 0.219935,
			  0.5 -0.473566 0.219935,
			  0.493139 -0.467386 0.215049,
			  0.485333 -0.445386 0.215049,
			  0.487828 -0.444295 0.215669,
			  0.497376 -0.471202 0.215669,
			  0.476799 -0.42326 0.231634,
			  0.474568 -0.424856 0.232253,
			  0.478181 -0.422272 0.227367,
			  0.476799 -0.42326 0.231634,
			  0.478181 -0.422272 0.219935,
			  0.478181 -0.422272 0.227367,
			  0.476799 -0.42326 0.215669,
			  0.478181 -0.422272 0.219935,
			  0.474568 -0.424856 0.215049,
			  0.476799 -0.42326 0.215669,
			  0.45956 -0.405081 0.231634,
			  0.457888 -0.407266 0.232253,
			  0.460596 -0.403728 0.227367,
			  0.45956 -0.405081 0.231634,
			  0.460596 -0.403728 0.219935,
			  0.460596 -0.403728 0.227367,
			  0.45956 -0.405081 0.215669,
			  0.460596 -0.403728 0.219935,
			  0.457888 -0.407266 0.215049,
			  0.45956 -0.405081 0.215669,
			  0.433471 -0.391012 0.231634,
			  0.432384 -0.393512 0.232253,
			  0.434144 -0.389463 0.227367,
			  0.433471 -0.391012 0.231634,
			  0.434144 -0.389463 0.219935,
			  0.434144 -0.389463 0.227367,
			  0.433471 -0.391012 0.215669,
			  0.434144 -0.389463 0.219935,
			  0.432384 -0.393512 0.215049,
			  0.433471 -0.391012 0.215669,
			  0.39627 -0.37845 0.231634,
			  0.39545 -0.381041 0.232253,
			  0.396777 -0.376845 0.227367,
			  0.39627 -0.37845 0.231634,
			  0.396777 -0.376845 0.219935,
			  0.396777 -0.376845 0.227367,
			  0.39627 -0.37845 0.215669,
			  0.396777 -0.376845 0.219935,
			  0.39545 -0.381041 0.215049,
			  0.39627 -0.37845 0.215669,
			  0.345384 -0.363421 0.231634,
			  0.344592 -0.36602 0.232253,
			  0.345874 -0.361811 0.227367,
			  0.345384 -0.363421 0.231634,
			  0.345874 -0.361811 0.219935,
			  0.345874 -0.361811 0.227367,
			  0.345384 -0.363421 0.215669,
			  0.345874 -0.361811 0.219935,
			  0.344592 -0.36602 0.215049,
			  0.345384 -0.363421 0.215669,
			  0.279168 -0.342636 0.231634,
			  0.278337 -0.345223 0.232253,
			  0.279683 -0.341034 0.227367,
			  0.279168 -0.342636 0.231634,
			  0.279683 -0.341034 0.219935,
			  0.279683 -0.341034 0.227367,
			  0.279168 -0.342636 0.215669,
			  0.279683 -0.341034 0.219935,
			  0.278337 -0.345223 0.215049,
			  0.279168 -0.342636 0.215669,
			  0.205463 -0.318418 0.231634,
			  0.204617 -0.320999 0.232253,
			  0.205987 -0.316818 0.227367,
			  0.205463 -0.318418 0.231634,
			  0.205987 -0.316818 0.219935,
			  0.205987 -0.316818 0.227367,
			  0.205463 -0.318418 0.215669,
			  0.205987 -0.316818 0.219935,
			  0.204617 -0.320999 0.215049,
			  0.205463 -0.318418 0.215669,
			  0.137243 -0.296114 0.231634,
			  0.136428 -0.298706 0.232253,
			  0.137748 -0.294509 0.227367,
			  0.137243 -0.296114 0.231634,
			  0.137748 -0.294509 0.219935,
			  0.137748 -0.294509 0.227367,
			  0.137243 -0.296114 0.215669,
			  0.137748 -0.294509 0.219935,
			  0.136428 -0.298706 0.215049,
			  0.137243 -0.296114 0.215669,
			  0.086538 -0.280787 0.231634,
			  0.08585 -0.283417 0.232253,
			  0.086965 -0.279158 0.227367,
			  0.086538 -0.280787 0.231634,
			  0.086965 -0.279158 0.219935,
			  0.086965 -0.279158 0.227367,
			  0.086538 -0.280787 0.215669,
			  0.086965 -0.279158 0.219935,
			  0.08585 -0.283417 0.215049,
			  0.086538 -0.280787 0.215669,
			  0.050905 -0.272867 0.231634,
			  0.050465 -0.275552 0.232253,
			  0.051178 -0.271203 0.227367,
			  0.050905 -0.272867 0.231634,
			  0.051178 -0.271203 0.219935,
			  0.051178 -0.271203 0.227367,
			  0.050905 -0.272867 0.215669,
			  0.051178 -0.271203 0.219935,
			  0.050465 -0.275552 0.215049,
			  0.050905 -0.272867 0.215669,
			  0.016919 -0.269238 0.231634,
			  0.016698 -0.271947 0.232253,
			  0.017056 -0.267561 0.227367,
			  0.016919 -0.269238 0.231634,
			  0.017056 -0.267561 0.219935,
			  0.017056 -0.267561 0.227367,
			  0.016919 -0.269238 0.215669,
			  0.017056 -0.267561 0.219935,
			  0.016698 -0.271947 0.215049,
			  0.016919 -0.269238 0.215669,
			  -0.028804 -0.266661 0.231634,
			  -0.028969 -0.269373 0.232253,
			  -0.028702 -0.264982 0.227367,
			  -0.028804 -0.266661 0.231634,
			  -0.028702 -0.264982 0.219935,
			  -0.028702 -0.264982 0.227367,
			  -0.028804 -0.266661 0.215669,
			  -0.028702 -0.264982 0.219935,
			  -0.028969 -0.269373 0.215049,
			  -0.028804 -0.266661 0.215669,
			  -0.090535 -0.262635 0.231634,
			  -0.090758 -0.265343 0.232253,
			  -0.090397 -0.260957 0.227367,
			  -0.090535 -0.262635 0.231634,
			  -0.090397 -0.260957 0.219935,
			  -0.090397 -0.260957 0.227367,
			  -0.090535 -0.262635 0.215669,
			  -0.090397 -0.260957 0.219935,
			  -0.090758 -0.265343 0.215049,
			  -0.090535 -0.262635 0.215669,
			  -0.162407 -0.255481 0.231634,
			  -0.162753 -0.258177 0.232253,
			  -0.162193 -0.253811 0.227367,
			  -0.162407 -0.255481 0.231634,
			  -0.162193 -0.253811 0.219935,
			  -0.162193 -0.253811 0.227367,
			  -0.162407 -0.255481 0.215669,
			  -0.162193 -0.253811 0.219935,
			  -0.162753 -0.258177 0.215049,
			  -0.162407 -0.255481 0.215669,
			  -0.238021 -0.243606 0.231634,
			  -0.23852 -0.246278 0.232253,
			  -0.237711 -0.241951 0.227367,
			  -0.238021 -0.243606 0.231634,
			  -0.237711 -0.241951 0.219935,
			  -0.237711 -0.241951 0.227367,
			  -0.238021 -0.243606 0.215669,
			  -0.237711 -0.241951 0.219935,
			  -0.23852 -0.246278 0.215049,
			  -0.238021 -0.243606 0.215669,
			  -0.310941 -0.227792 0.231634,
			  -0.311546 -0.230441 0.232253,
			  -0.310566 -0.226152 0.227367,
			  -0.310941 -0.227792 0.231634,
			  -0.310566 -0.226152 0.219935,
			  -0.310566 -0.226152 0.227367,
			  -0.310941 -0.227792 0.215669,
			  -0.310566 -0.226152 0.219935,
			  -0.311546 -0.230441 0.215049,
			  -0.310941 -0.227792 0.215669,
			  -0.374597 -0.212522 0.231634,
			  -0.37519 -0.215174 0.232253,
			  -0.37423 -0.21088 0.227367,
			  -0.374597 -0.212522 0.231634,
			  -0.37423 -0.21088 0.219935,
			  -0.37423 -0.21088 0.227367,
			  -0.374597 -0.212522 0.215669,
			  -0.37423 -0.21088 0.219935,
			  -0.37519 -0.215174 0.215049,
			  -0.374597 -0.212522 0.215669,
			  -0.422453 -0.202593 0.231634,
			  -0.422819 -0.205291 0.232253,
			  -0.422226 -0.200921 0.227367,
			  -0.422453 -0.202593 0.231634,
			  -0.422226 -0.200921 0.219935,
			  -0.422226 -0.200921 0.227367,
			  -0.422453 -0.202593 0.215669,
			  -0.422226 -0.200921 0.219935,
			  -0.422819 -0.205291 0.215049,
			  -0.422453 -0.202593 0.215669,
			  -0.451659 -0.200689 0.231634,
			  -0.451383 -0.20343 0.232253,
			  -0.451829 -0.198992 0.227367,
			  -0.451659 -0.200689 0.231634,
			  -0.451829 -0.198992 0.219935,
			  -0.451829 -0.198992 0.227367,
			  -0.451659 -0.200689 0.215669,
			  -0.451829 -0.198992 0.219935,
			  -0.451383 -0.20343 0.215049,
			  -0.451659 -0.200689 0.215669,
			  -0.467295 -0.204943 0.231634,
			  -0.465836 -0.207361 0.232253,
			  -0.468199 -0.203445 0.227367,
			  -0.467295 -0.204943 0.231634,
			  -0.468199 -0.203445 0.219935,
			  -0.468199 -0.203445 0.227367,
			  -0.467295 -0.204943 0.215669,
			  -0.468199 -0.203445 0.219935,
			  -0.465836 -0.207361 0.215049,
			  -0.467295 -0.204943 0.215669,
			  -0.47453 -0.212703 0.231634,
			  -0.472211 -0.2142 0.232253,
			  -0.475966 -0.211776 0.227367,
			  -0.47453 -0.212703 0.231634,
			  -0.475966 -0.211776 0.219935,
			  -0.475966 -0.211776 0.227367,
			  -0.47453 -0.212703 0.215669,
			  -0.475966 -0.211776 0.219935,
			  -0.472211 -0.2142 0.215049,
			  -0.47453 -0.212703 0.215669,
			  -0.477995 -0.220986 0.231634,
			  -0.475325 -0.221644 0.232253,
			  -0.479648 -0.220578 0.227367,
			  -0.477995 -0.220986 0.231634,
			  -0.479648 -0.220578 0.219935,
			  -0.479648 -0.220578 0.227367,
			  -0.477995 -0.220986 0.215669,
			  -0.479648 -0.220578 0.219935,
			  -0.475325 -0.221644 0.215049,
			  -0.477995 -0.220986 0.215669,
			  -0.478738 -0.229486 0.231634,
			  -0.475995 -0.229302 0.232253,
			  -0.480438 -0.229601 0.227367,
			  -0.478738 -0.229486 0.231634,
			  -0.480438 -0.229601 0.219935,
			  -0.480438 -0.229601 0.227367,
			  -0.478738 -0.229486 0.215669,
			  -0.480438 -0.229601 0.219935,
			  -0.475995 -0.229302 0.215049,
			  -0.478738 -0.229486 0.215669,
			  -0.476771 -0.238217 0.231634,
			  -0.474221 -0.237173 0.232253,
			  -0.47835 -0.238863 0.227367,
			  -0.476771 -0.238217 0.231634,
			  -0.47835 -0.238863 0.219935,
			  -0.47835 -0.238863 0.227367,
			  -0.476771 -0.238217 0.215669,
			  -0.47835 -0.238863 0.219935,
			  -0.474221 -0.237173 0.215049,
			  -0.476771 -0.238217 0.215669,
			  -0.471155 -0.247266 0.231634,
			  -0.469158 -0.245332 0.232253,
			  -0.472392 -0.248464 0.227367,
			  -0.471155 -0.247266 0.231634,
			  -0.472392 -0.248464 0.219935,
			  -0.472392 -0.248464 0.227367,
			  -0.471155 -0.247266 0.215669,
			  -0.472392 -0.248464 0.219935,
			  -0.469158 -0.245332 0.215049,
			  -0.471155 -0.247266 0.215669,
			  -0.457062 -0.256656 0.231634,
			  -0.455826 -0.254215 0.232253,
			  -0.457828 -0.258168 0.227367,
			  -0.457062 -0.256656 0.231634,
			  -0.457828 -0.258168 0.219935,
			  -0.457828 -0.258168 0.227367,
			  -0.457062 -0.256656 0.215669,
			  -0.457828 -0.258168 0.219935,
			  -0.455826 -0.254215 0.215049,
			  -0.457062 -0.256656 0.215669,
			  -0.428783 -0.266969 0.231634,
			  -0.427987 -0.264367 0.232253,
			  -0.429275 -0.26858 0.227367,
			  -0.428783 -0.266969 0.231634,
			  -0.429275 -0.26858 0.219935,
			  -0.429275 -0.26858 0.227367,
			  -0.428783 -0.266969 0.215669,
			  -0.429275 -0.26858 0.219935,
			  -0.427987 -0.264367 0.215049,
			  -0.428783 -0.266969 0.215669,
			  -0.381118 -0.278821 0.231634,
			  -0.380527 -0.276168 0.232253,
			  -0.381484 -0.280464 0.227367,
			  -0.381118 -0.278821 0.231634,
			  -0.381484 -0.280464 0.219935,
			  -0.381484 -0.280464 0.227367,
			  -0.381118 -0.278821 0.215669,
			  -0.381484 -0.280464 0.219935,
			  -0.380527 -0.276168 0.215049,
			  -0.381118 -0.278821 0.215669,
			  -0.317132 -0.29145 0.231634,
			  -0.316649 -0.288776 0.232253,
			  -0.317431 -0.293106 0.227367,
			  -0.317132 -0.29145 0.231634,
			  -0.317431 -0.293106 0.219935,
			  -0.317431 -0.293106 0.227367,
			  -0.317132 -0.29145 0.215669,
			  -0.317431 -0.293106 0.219935,
			  -0.316649 -0.288776 0.215049,
			  -0.317132 -0.29145 0.215669,
			  -0.243689 -0.303487 0.231634,
			  -0.24329 -0.300799 0.232253,
			  -0.243936 -0.305151 0.227367,
			  -0.243689 -0.303487 0.231634,
			  -0.243936 -0.305151 0.219935,
			  -0.243936 -0.305151 0.227367,
			  -0.243689 -0.303487 0.215669,
			  -0.243936 -0.305151 0.219935,
			  -0.24329 -0.300799 0.215049,
			  -0.243689 -0.303487 0.215669,
			  -0.167694 -0.31362 0.231634,
			  -0.167367 -0.310923 0.232253,
			  -0.167897 -0.315291 0.227367,
			  -0.167694 -0.31362 0.231634,
			  -0.167897 -0.315291 0.219935,
			  -0.167897 -0.315291 0.227367,
			  -0.167694 -0.31362 0.215669,
			  -0.167897 -0.315291 0.219935,
			  -0.167367 -0.310923 0.215049,
			  -0.167694 -0.31362 0.215669,
			  -0.095707 -0.321472 0.231634,
			  -0.095432 -0.318769 0.232253,
			  -0.095877 -0.323146 0.227367,
			  -0.095707 -0.321472 0.231634,
			  -0.095877 -0.323146 0.219935,
			  -0.095877 -0.323146 0.227367,
			  -0.095707 -0.321472 0.215669,
			  -0.095877 -0.323146 0.219935,
			  -0.095432 -0.318769 0.215049,
			  -0.095707 -0.321472 0.215669,
			  -0.034044 -0.327267 0.231634,
			  -0.033797 -0.324561 0.232253,
			  -0.034198 -0.328943 0.227367,
			  -0.034044 -0.327267 0.231634,
			  -0.034198 -0.328943 0.219935,
			  -0.034198 -0.328943 0.227367,
			  -0.034044 -0.327267 0.215669,
			  -0.034198 -0.328943 0.219935,
			  -0.033797 -0.324561 0.215049,
			  -0.034044 -0.327267 0.215669,
			  0.011378 -0.331302 0.231634,
			  0.011662 -0.3286 0.232253,
			  0.011202 -0.332976 0.227367,
			  0.011378 -0.331302 0.231634,
			  0.011202 -0.332976 0.219935,
			  0.011202 -0.332976 0.227367,
			  0.011378 -0.331302 0.215669,
			  0.011202 -0.332976 0.219935,
			  0.011662 -0.3286 0.215049,
			  0.011378 -0.331302 0.215669,
			  0.043132 -0.33516 0.231634,
			  0.043595 -0.332479 0.232253,
			  0.042845 -0.33682 0.227367,
			  0.043132 -0.33516 0.231634,
			  0.042845 -0.33682 0.219935,
			  0.042845 -0.33682 0.227367,
			  0.043132 -0.33516 0.215669,
			  0.042845 -0.33682 0.219935,
			  0.043595 -0.332479 0.215049,
			  0.043132 -0.33516 0.215669,
			  0.071748 -0.341605 0.231634,
			  0.072469 -0.338983 0.232253,
			  0.0713 -0.34323 0.227367,
			  0.071748 -0.341605 0.231634,
			  0.0713 -0.34323 0.219935,
			  0.0713 -0.34323 0.227367,
			  0.071748 -0.341605 0.215669,
			  0.0713 -0.34323 0.219935,
			  0.072469 -0.338983 0.215049,
			  0.071748 -0.341605 0.215669,
			  0.107973 -0.353439 0.231634,
			  0.108862 -0.350872 0.232253,
			  0.107422 -0.35503 0.227367,
			  0.107973 -0.353439 0.231634,
			  0.107422 -0.35503 0.219935,
			  0.107422 -0.35503 0.227367,
			  0.107973 -0.353439 0.215669,
			  0.107422 -0.35503 0.219935,
			  0.108862 -0.350872 0.215049,
			  0.107973 -0.353439 0.215669,
			  0.155474 -0.370827 0.231634,
			  0.15641 -0.368276 0.232253,
			  0.154894 -0.372406 0.227367,
			  0.155474 -0.370827 0.231634,
			  0.154894 -0.372406 0.219935,
			  0.154894 -0.372406 0.227367,
			  0.155474 -0.370827 0.215669,
			  0.154894 -0.372406 0.219935,
			  0.15641 -0.368276 0.215049,
			  0.155474 -0.370827 0.215669,
			  0.208823 -0.390474 0.231634,
			  0.209736 -0.387916 0.232253,
			  0.208257 -0.392059 0.227367,
			  0.208823 -0.390474 0.231634,
			  0.208257 -0.392059 0.219935,
			  0.208257 -0.392059 0.227367,
			  0.208823 -0.390474 0.215669,
			  0.208257 -0.392059 0.219935,
			  0.209736 -0.387916 0.215049,
			  0.208823 -0.390474 0.215669,
			  0.262035 -0.408876 0.231634,
			  0.262878 -0.406293 0.232253,
			  0.261513 -0.410476 0.227367,
			  0.262035 -0.408876 0.231634,
			  0.261513 -0.410476 0.219935,
			  0.261513 -0.410476 0.227367,
			  0.262035 -0.408876 0.215669,
			  0.261513 -0.410476 0.219935,
			  0.262878 -0.406293 0.215049,
			  0.262035 -0.408876 0.215669,
			  0.311043 -0.42392 0.231634,
			  0.311802 -0.421311 0.232253,
			  0.310573 -0.425537 0.227367,
			  0.311043 -0.42392 0.231634,
			  0.310573 -0.425537 0.219935,
			  0.310573 -0.425537 0.227367,
			  0.311043 -0.423921 0.215669,
			  0.310573 -0.425537 0.219935,
			  0.311802 -0.421311 0.215049,
			  0.311043 -0.423921 0.215669,
			  0.355355 -0.436095 0.231634,
			  0.35605 -0.433469 0.232253,
			  0.354924 -0.437722 0.227367,
			  0.355355 -0.436095 0.231634,
			  0.354924 -0.437722 0.219935,
			  0.354924 -0.437722 0.227367,
			  0.355355 -0.436095 0.215669,
			  0.354924 -0.437722 0.219935,
			  0.35605 -0.433469 0.215049,
			  0.355355 -0.436095 0.215669,
			  0.394894 -0.446179 0.231634,
			  0.395556 -0.443545 0.232253,
			  0.394484 -0.447811 0.227367,
			  0.394894 -0.446179 0.231634,
			  0.394484 -0.447811 0.219935,
			  0.394484 -0.447811 0.227367,
			  0.394894 -0.446179 0.215669,
			  0.394484 -0.447811 0.219935,
			  0.395556 -0.443545 0.215049,
			  0.394894 -0.446179 0.215669,
			  0.42999 -0.454877 0.231634,
			  0.430638 -0.452239 0.232253,
			  0.429589 -0.456512 0.227367,
			  0.42999 -0.454877 0.231634,
			  0.429589 -0.456512 0.219935,
			  0.429589 -0.456512 0.227367,
			  0.42999 -0.454877 0.215669,
			  0.429589 -0.456512 0.219935,
			  0.430638 -0.452239 0.215049,
			  0.42999 -0.454877 0.215669,
			  0.462015 -0.462677 0.231634,
			  0.462655 -0.460037 0.232253,
			  0.461619 -0.464313 0.227367,
			  0.462015 -0.462677 0.231634,
			  0.461619 -0.464313 0.219935,
			  0.461619 -0.464313 0.227367,
			  0.462015 -0.462677 0.215669,
			  0.461619 -0.464313 0.219935,
			  0.462655 -0.460037 0.215049,
			  0.462015 -0.462677 0.215669,
			  0.462655 -0.460037 0.215049,
			  0.430638 -0.452239 0.215049,
			  0.489595 -0.457397 0.215049,
			  0.493139 -0.467386 0.215049,
			  0.395556 -0.443545 0.215049,
			  0.485333 -0.445386 0.215049,
			  0.35605 -0.433469 0.215049,
			  0.484999 -0.44475 0.215049,
			  0.311802 -0.421311 0.215049,
			  0.474568 -0.424856 0.215049,
			  0.262878 -0.406293 0.215049,
			  0.474525 -0.42481 0.215049,
			  0.209736 -0.387916 0.215049,
			  0.457888 -0.407266 0.215049,
			  0.15641 -0.368276 0.215049,
			  0.432384 -0.393512 0.215049,
			  0.108862 -0.350872 0.215049,
			  0.39545 -0.381041 0.215049,
			  0.072469 -0.338983 0.215049,
			  0.344592 -0.36602 0.215049,
			  0.043595 -0.332479 0.215049,
			  0.312759 -0.356028 0.215049,
			  0.011662 -0.3286 0.215049,
			  0.307964 -0.354523 0.215049,
			  -0.033797 -0.324561 0.215049,
			  0.307695 -0.354438 0.215049,
			  -0.095432 -0.318769 0.215049,
			  0.305928 -0.353884 0.215049,
			  -0.167367 -0.310923 0.215049,
			  0.299071 -0.351731 0.215049,
			  -0.24329 -0.300799 0.215049,
			  0.278337 -0.345223 0.215049,
			  -0.316649 -0.288776 0.215049,
			  0.26012 -0.339237 0.215049,
			  -0.380527 -0.276168 0.215049,
			  0.204617 -0.320999 0.215049,
			  -0.427987 -0.264367 0.215049,
			  0.199243 -0.319242 0.215049,
			  -0.455826 -0.254215 0.215049,
			  0.136428 -0.298706 0.215049,
			  -0.469158 -0.245332 0.215049,
			  0.134606 -0.298155 0.215049,
			  -0.474221 -0.237173 0.215049,
			  0.08585 -0.283417 0.215049,
			  -0.475458 -0.231686 0.215049,
			  0.066389 -0.279091 0.215049,
			  -0.475995 -0.229302 0.215049,
			  -0.162753 -0.258177 0.215049,
			  -0.090758 -0.265343 0.215049,
			  -0.475325 -0.221644 0.215049,
			  -0.23852 -0.246278 0.215049,
			  -0.472211 -0.2142 0.215049,
			  -0.311546 -0.230441 0.215049,
			  -0.465836 -0.207361 0.215049,
			  -0.37519 -0.215174 0.215049,
			  -0.451383 -0.20343 0.215049,
			  -0.422819 -0.205291 0.215049,
			  -0.028969 -0.269373 0.215049,
			  0.050465 -0.275552 0.215049,
			  0.016698 -0.271947 0.215049,
			  0.493139 -0.467386 0.232253,
			  0.489595 -0.457397 0.232253,
			  0.430638 -0.452239 0.232253,
			  0.462655 -0.460037 0.232253,
			  0.485333 -0.445386 0.232253,
			  0.395556 -0.443545 0.232253,
			  0.484999 -0.44475 0.232253,
			  0.35605 -0.433469 0.232253,
			  0.474568 -0.424856 0.232253,
			  0.311802 -0.421311 0.232253,
			  0.474525 -0.42481 0.232253,
			  0.262878 -0.406293 0.232253,
			  0.457888 -0.407266 0.232253,
			  0.209736 -0.387916 0.232253,
			  0.432384 -0.393512 0.232253,
			  0.15641 -0.368276 0.232253,
			  0.39545 -0.381041 0.232253,
			  0.108862 -0.350872 0.232253,
			  0.344592 -0.36602 0.232253,
			  0.072469 -0.338983 0.232253,
			  0.312759 -0.356028 0.232253,
			  0.043595 -0.332479 0.232253,
			  0.307964 -0.354523 0.232253,
			  0.011662 -0.3286 0.232253,
			  0.307695 -0.354438 0.232253,
			  -0.033797 -0.324561 0.232253,
			  0.305928 -0.353884 0.232253,
			  -0.095432 -0.318769 0.232253,
			  0.299071 -0.351731 0.232253,
			  -0.167367 -0.310923 0.232253,
			  0.278337 -0.345223 0.232253,
			  -0.24329 -0.300799 0.232253,
			  0.26012 -0.339237 0.232253,
			  -0.316649 -0.288776 0.232253,
			  0.204617 -0.320999 0.232253,
			  -0.380527 -0.276168 0.232253,
			  0.199243 -0.319242 0.232253,
			  -0.427987 -0.264367 0.232253,
			  0.136428 -0.298706 0.232253,
			  -0.455826 -0.254215 0.232253,
			  0.134606 -0.298155 0.232253,
			  -0.469158 -0.245332 0.232253,
			  0.08585 -0.283417 0.232253,
			  -0.474221 -0.237173 0.232253,
			  0.066389 -0.279091 0.232253,
			  -0.475458 -0.231686 0.232253,
			  -0.090758 -0.265343 0.232253,
			  -0.162753 -0.258177 0.232253,
			  -0.475995 -0.229302 0.232253,
			  -0.23852 -0.246278 0.232253,
			  -0.475325 -0.221644 0.232253,
			  -0.311546 -0.230441 0.232253,
			  -0.472211 -0.2142 0.232253,
			  -0.37519 -0.215174 0.232253,
			  -0.465836 -0.207361 0.232253,
			  -0.422819 -0.205291 0.232253,
			  -0.451383 -0.20343 0.232253,
			  0.050465 -0.275552 0.232253,
			  -0.028969 -0.269373 0.232253,
			  0.016698 -0.271947 0.232253,
			  0.497376 -0.471202 -0.215669,
			  0.487828 -0.444295 -0.215669,
			  0.485333 -0.445386 -0.215049,
			  0.493139 -0.467386 -0.215049,
			  0.5 -0.473566 -0.219935,
			  0.489374 -0.44362 -0.219935,
			  0.487828 -0.444295 -0.215669,
			  0.497376 -0.471202 -0.215669,
			  0.5 -0.473566 -0.227367,
			  0.489374 -0.44362 -0.227367,
			  0.489374 -0.44362 -0.219935,
			  0.5 -0.473566 -0.219935,
			  0.497376 -0.471202 -0.231634,
			  0.487828 -0.444295 -0.231634,
			  0.489374 -0.44362 -0.227367,
			  0.5 -0.473566 -0.227367,
			  0.493139 -0.467386 -0.232253,
			  0.485333 -0.445386 -0.232253,
			  0.487828 -0.444295 -0.231634,
			  0.497376 -0.471202 -0.231634,
			  0.476799 -0.42326 -0.215669,
			  0.474568 -0.424856 -0.215049,
			  0.478181 -0.422272 -0.219935,
			  0.476799 -0.42326 -0.215669,
			  0.478181 -0.422272 -0.227367,
			  0.478181 -0.422272 -0.219935,
			  0.476799 -0.42326 -0.231634,
			  0.478181 -0.422272 -0.227367,
			  0.474568 -0.424856 -0.232253,
			  0.476799 -0.42326 -0.231634,
			  0.45956 -0.405081 -0.215669,
			  0.457888 -0.407266 -0.215049,
			  0.460596 -0.403728 -0.219935,
			  0.45956 -0.405081 -0.215669,
			  0.460596 -0.403728 -0.227367,
			  0.460596 -0.403728 -0.219935,
			  0.45956 -0.405081 -0.231634,
			  0.460596 -0.403728 -0.227367,
			  0.457888 -0.407266 -0.232253,
			  0.45956 -0.405081 -0.231634,
			  0.433471 -0.391012 -0.215669,
			  0.432384 -0.393512 -0.215049,
			  0.434144 -0.389463 -0.219935,
			  0.433471 -0.391012 -0.215669,
			  0.434144 -0.389463 -0.227367,
			  0.434144 -0.389463 -0.219935,
			  0.433471 -0.391012 -0.231634,
			  0.434144 -0.389463 -0.227367,
			  0.432384 -0.393512 -0.232253,
			  0.433471 -0.391012 -0.231634,
			  0.39627 -0.37845 -0.215669,
			  0.39545 -0.381041 -0.215049,
			  0.396777 -0.376845 -0.219935,
			  0.39627 -0.37845 -0.215669,
			  0.396777 -0.376845 -0.227367,
			  0.396777 -0.376845 -0.219935,
			  0.39627 -0.37845 -0.231634,
			  0.396777 -0.376845 -0.227367,
			  0.39545 -0.381041 -0.232253,
			  0.39627 -0.37845 -0.231634,
			  0.345384 -0.363421 -0.215669,
			  0.344592 -0.36602 -0.215049,
			  0.345874 -0.361811 -0.219935,
			  0.345384 -0.363421 -0.215669,
			  0.345874 -0.361811 -0.227367,
			  0.345874 -0.361811 -0.219935,
			  0.345384 -0.363421 -0.231634,
			  0.345874 -0.361811 -0.227367,
			  0.344592 -0.36602 -0.232253,
			  0.345384 -0.363421 -0.231634,
			  0.279168 -0.342636 -0.215669,
			  0.278337 -0.345223 -0.215049,
			  0.279683 -0.341034 -0.219935,
			  0.279168 -0.342636 -0.215669,
			  0.279683 -0.341034 -0.227367,
			  0.279683 -0.341034 -0.219935,
			  0.279168 -0.342636 -0.231634,
			  0.279683 -0.341034 -0.227367,
			  0.278337 -0.345223 -0.232253,
			  0.279168 -0.342636 -0.231634,
			  0.205463 -0.318418 -0.215669,
			  0.204617 -0.320999 -0.215049,
			  0.205987 -0.316818 -0.219935,
			  0.205463 -0.318418 -0.215669,
			  0.205987 -0.316818 -0.227367,
			  0.205987 -0.316818 -0.219935,
			  0.205463 -0.318418 -0.231634,
			  0.205987 -0.316818 -0.227367,
			  0.204617 -0.320999 -0.232253,
			  0.205463 -0.318418 -0.231634,
			  0.137243 -0.296114 -0.215669,
			  0.136428 -0.298706 -0.215049,
			  0.137748 -0.294509 -0.219935,
			  0.137243 -0.296114 -0.215669,
			  0.137748 -0.294509 -0.227367,
			  0.137748 -0.294509 -0.219935,
			  0.137243 -0.296114 -0.231634,
			  0.137748 -0.294509 -0.227367,
			  0.136428 -0.298706 -0.232253,
			  0.137243 -0.296114 -0.231634,
			  0.086538 -0.280787 -0.215669,
			  0.08585 -0.283417 -0.215049,
			  0.086965 -0.279158 -0.219935,
			  0.086538 -0.280787 -0.215669,
			  0.086965 -0.279158 -0.227367,
			  0.086965 -0.279158 -0.219935,
			  0.086538 -0.280787 -0.231634,
			  0.086965 -0.279158 -0.227367,
			  0.08585 -0.283417 -0.232253,
			  0.086538 -0.280787 -0.231634,
			  0.050905 -0.272867 -0.215669,
			  0.050465 -0.275552 -0.215049,
			  0.051178 -0.271203 -0.219935,
			  0.050905 -0.272867 -0.215669,
			  0.051178 -0.271203 -0.227367,
			  0.051178 -0.271203 -0.219935,
			  0.050905 -0.272867 -0.231634,
			  0.051178 -0.271203 -0.227367,
			  0.050465 -0.275552 -0.232253,
			  0.050905 -0.272867 -0.231634,
			  0.016919 -0.269238 -0.215669,
			  0.016698 -0.271947 -0.215049,
			  0.017056 -0.267561 -0.219935,
			  0.016919 -0.269238 -0.215669,
			  0.017056 -0.267561 -0.227367,
			  0.017056 -0.267561 -0.219935,
			  0.016919 -0.269238 -0.231634,
			  0.017056 -0.267561 -0.227367,
			  0.016698 -0.271947 -0.232253,
			  0.016919 -0.269238 -0.231634,
			  -0.028804 -0.266661 -0.215669,
			  -0.028969 -0.269373 -0.215049,
			  -0.028702 -0.264982 -0.219935,
			  -0.028804 -0.266661 -0.215669,
			  -0.028702 -0.264982 -0.227367,
			  -0.028702 -0.264982 -0.219935,
			  -0.028804 -0.266661 -0.231634,
			  -0.028702 -0.264982 -0.227367,
			  -0.028969 -0.269373 -0.232253,
			  -0.028804 -0.266661 -0.231634,
			  -0.090535 -0.262635 -0.215669,
			  -0.090758 -0.265343 -0.215049,
			  -0.090397 -0.260957 -0.219935,
			  -0.090535 -0.262635 -0.215669,
			  -0.090397 -0.260957 -0.227367,
			  -0.090397 -0.260957 -0.219935,
			  -0.090535 -0.262635 -0.231634,
			  -0.090397 -0.260957 -0.227367,
			  -0.090758 -0.265343 -0.232253,
			  -0.090535 -0.262635 -0.231634,
			  -0.162407 -0.255481 -0.215669,
			  -0.162753 -0.258177 -0.215049,
			  -0.162193 -0.253811 -0.219935,
			  -0.162407 -0.255481 -0.215669,
			  -0.162193 -0.253811 -0.227367,
			  -0.162193 -0.253811 -0.219935,
			  -0.162407 -0.255481 -0.231634,
			  -0.162193 -0.253811 -0.227367,
			  -0.162753 -0.258177 -0.232253,
			  -0.162407 -0.255481 -0.231634,
			  -0.238021 -0.243606 -0.215669,
			  -0.23852 -0.246278 -0.215049,
			  -0.237711 -0.241951 -0.219935,
			  -0.238021 -0.243606 -0.215669,
			  -0.237711 -0.241951 -0.227367,
			  -0.237711 -0.241951 -0.219935,
			  -0.238021 -0.243606 -0.231634,
			  -0.237711 -0.241951 -0.227367,
			  -0.23852 -0.246278 -0.232253,
			  -0.238021 -0.243606 -0.231634,
			  -0.310941 -0.227792 -0.215669,
			  -0.311546 -0.230441 -0.215049,
			  -0.310566 -0.226152 -0.219935,
			  -0.310941 -0.227792 -0.215669,
			  -0.310566 -0.226152 -0.227367,
			  -0.310566 -0.226152 -0.219935,
			  -0.310941 -0.227792 -0.231634,
			  -0.310566 -0.226152 -0.227367,
			  -0.311546 -0.230441 -0.232253,
			  -0.310941 -0.227792 -0.231634,
			  -0.374597 -0.212522 -0.215669,
			  -0.37519 -0.215174 -0.215049,
			  -0.37423 -0.21088 -0.219935,
			  -0.374597 -0.212522 -0.215669,
			  -0.37423 -0.21088 -0.227367,
			  -0.37423 -0.21088 -0.219935,
			  -0.374597 -0.212522 -0.231634,
			  -0.37423 -0.21088 -0.227367,
			  -0.37519 -0.215174 -0.232253,
			  -0.374597 -0.212522 -0.231634,
			  -0.422453 -0.202593 -0.215669,
			  -0.422819 -0.205291 -0.215049,
			  -0.422226 -0.200921 -0.219935,
			  -0.422453 -0.202593 -0.215669,
			  -0.422226 -0.200921 -0.227367,
			  -0.422226 -0.200921 -0.219935,
			  -0.422453 -0.202593 -0.231634,
			  -0.422226 -0.200921 -0.227367,
			  -0.422819 -0.205291 -0.232253,
			  -0.422453 -0.202593 -0.231634,
			  -0.451659 -0.200689 -0.215669,
			  -0.451383 -0.20343 -0.215049,
			  -0.451829 -0.198992 -0.219935,
			  -0.451659 -0.200689 -0.215669,
			  -0.451829 -0.198992 -0.227367,
			  -0.451829 -0.198992 -0.219935,
			  -0.451659 -0.200689 -0.231634,
			  -0.451829 -0.198992 -0.227367,
			  -0.451383 -0.20343 -0.232253,
			  -0.451659 -0.200689 -0.231634,
			  -0.467295 -0.204943 -0.215669,
			  -0.465836 -0.207361 -0.215049,
			  -0.468199 -0.203445 -0.219935,
			  -0.467295 -0.204943 -0.215669,
			  -0.468199 -0.203445 -0.227367,
			  -0.468199 -0.203445 -0.219935,
			  -0.467295 -0.204943 -0.231634,
			  -0.468199 -0.203445 -0.227367,
			  -0.465836 -0.207361 -0.232253,
			  -0.467295 -0.204943 -0.231634,
			  -0.47453 -0.212703 -0.215669,
			  -0.472211 -0.2142 -0.215049,
			  -0.475966 -0.211776 -0.219935,
			  -0.47453 -0.212703 -0.215669,
			  -0.475966 -0.211776 -0.227367,
			  -0.475966 -0.211776 -0.219935,
			  -0.47453 -0.212703 -0.231634,
			  -0.475966 -0.211776 -0.227367,
			  -0.472211 -0.2142 -0.232253,
			  -0.47453 -0.212703 -0.231634,
			  -0.477995 -0.220986 -0.215669,
			  -0.475325 -0.221644 -0.215049,
			  -0.479648 -0.220578 -0.219935,
			  -0.477995 -0.220986 -0.215669,
			  -0.479648 -0.220578 -0.227367,
			  -0.479648 -0.220578 -0.219935,
			  -0.477995 -0.220986 -0.231634,
			  -0.479648 -0.220578 -0.227367,
			  -0.475325 -0.221644 -0.232253,
			  -0.477995 -0.220986 -0.231634,
			  -0.478738 -0.229486 -0.215669,
			  -0.475995 -0.229302 -0.215049,
			  -0.480438 -0.229601 -0.219935,
			  -0.478738 -0.229486 -0.215669,
			  -0.480438 -0.229601 -0.227367,
			  -0.480438 -0.229601 -0.219935,
			  -0.478738 -0.229486 -0.231634,
			  -0.480438 -0.229601 -0.227367,
			  -0.475995 -0.229302 -0.232253,
			  -0.478738 -0.229486 -0.231634,
			  -0.476771 -0.238217 -0.215669,
			  -0.474221 -0.237173 -0.215049,
			  -0.47835 -0.238863 -0.219935,
			  -0.476771 -0.238217 -0.215669,
			  -0.47835 -0.238863 -0.227367,
			  -0.47835 -0.238863 -0.219935,
			  -0.476771 -0.238217 -0.231634,
			  -0.47835 -0.238863 -0.227367,
			  -0.474221 -0.237173 -0.232253,
			  -0.476771 -0.238217 -0.231634,
			  -0.471155 -0.247266 -0.215669,
			  -0.469158 -0.245332 -0.215049,
			  -0.472392 -0.248464 -0.219935,
			  -0.471155 -0.247266 -0.215669,
			  -0.472392 -0.248464 -0.227367,
			  -0.472392 -0.248464 -0.219935,
			  -0.471155 -0.247266 -0.231634,
			  -0.472392 -0.248464 -0.227367,
			  -0.469158 -0.245332 -0.232253,
			  -0.471155 -0.247266 -0.231634,
			  -0.457062 -0.256656 -0.215669,
			  -0.455826 -0.254215 -0.215049,
			  -0.457828 -0.258168 -0.219935,
			  -0.457062 -0.256656 -0.215669,
			  -0.457828 -0.258168 -0.227367,
			  -0.457828 -0.258168 -0.219935,
			  -0.457062 -0.256656 -0.231634,
			  -0.457828 -0.258168 -0.227367,
			  -0.455826 -0.254215 -0.232253,
			  -0.457062 -0.256656 -0.231634,
			  -0.428783 -0.266969 -0.215669,
			  -0.427987 -0.264367 -0.215049,
			  -0.429275 -0.26858 -0.219935,
			  -0.428783 -0.266969 -0.215669,
			  -0.429275 -0.26858 -0.227367,
			  -0.429275 -0.26858 -0.219935,
			  -0.428783 -0.266969 -0.231634,
			  -0.429275 -0.26858 -0.227367,
			  -0.427987 -0.264367 -0.232253,
			  -0.428783 -0.266969 -0.231634,
			  -0.381118 -0.278821 -0.215669,
			  -0.380527 -0.276168 -0.215049,
			  -0.381484 -0.280464 -0.219935,
			  -0.381118 -0.278821 -0.215669,
			  -0.381484 -0.280464 -0.227367,
			  -0.381484 -0.280464 -0.219935,
			  -0.381118 -0.278821 -0.231634,
			  -0.381484 -0.280464 -0.227367,
			  -0.380527 -0.276168 -0.232253,
			  -0.381118 -0.278821 -0.231634,
			  -0.317132 -0.29145 -0.215669,
			  -0.316649 -0.288776 -0.215049,
			  -0.317431 -0.293106 -0.219935,
			  -0.317132 -0.29145 -0.215669,
			  -0.317431 -0.293106 -0.227367,
			  -0.317431 -0.293106 -0.219935,
			  -0.317132 -0.29145 -0.231634,
			  -0.317431 -0.293106 -0.227367,
			  -0.316649 -0.288776 -0.232253,
			  -0.317132 -0.29145 -0.231634,
			  -0.243689 -0.303487 -0.215669,
			  -0.24329 -0.300799 -0.215049,
			  -0.243936 -0.305151 -0.219935,
			  -0.243689 -0.303487 -0.215669,
			  -0.243936 -0.305151 -0.227367,
			  -0.243936 -0.305151 -0.219935,
			  -0.243689 -0.303487 -0.231634,
			  -0.243936 -0.305151 -0.227367,
			  -0.24329 -0.300799 -0.232253,
			  -0.243689 -0.303487 -0.231634,
			  -0.167694 -0.31362 -0.215669,
			  -0.167367 -0.310923 -0.215049,
			  -0.167897 -0.315291 -0.219935,
			  -0.167694 -0.31362 -0.215669,
			  -0.167897 -0.315291 -0.227367,
			  -0.167897 -0.315291 -0.219935,
			  -0.167694 -0.31362 -0.231634,
			  -0.167897 -0.315291 -0.227367,
			  -0.167367 -0.310923 -0.232253,
			  -0.167694 -0.31362 -0.231634,
			  -0.095707 -0.321472 -0.215669,
			  -0.095432 -0.318769 -0.215049,
			  -0.095877 -0.323146 -0.219935,
			  -0.095707 -0.321472 -0.215669,
			  -0.095877 -0.323146 -0.227367,
			  -0.095877 -0.323146 -0.219935,
			  -0.095707 -0.321472 -0.231634,
			  -0.095877 -0.323146 -0.227367,
			  -0.095432 -0.318769 -0.232253,
			  -0.095707 -0.321472 -0.231634,
			  -0.034044 -0.327267 -0.215669,
			  -0.033797 -0.324561 -0.215049,
			  -0.034198 -0.328943 -0.219935,
			  -0.034044 -0.327267 -0.215669,
			  -0.034198 -0.328943 -0.227367,
			  -0.034198 -0.328943 -0.219935,
			  -0.034044 -0.327267 -0.231634,
			  -0.034198 -0.328943 -0.227367,
			  -0.033797 -0.324561 -0.232253,
			  -0.034044 -0.327267 -0.231634,
			  0.011378 -0.331302 -0.215669,
			  0.011662 -0.3286 -0.215049,
			  0.011202 -0.332976 -0.219935,
			  0.011378 -0.331302 -0.215669,
			  0.011202 -0.332976 -0.227367,
			  0.011202 -0.332976 -0.219935,
			  0.011378 -0.331302 -0.231634,
			  0.011202 -0.332976 -0.227367,
			  0.011662 -0.3286 -0.232253,
			  0.011378 -0.331302 -0.231634,
			  0.043132 -0.33516 -0.215669,
			  0.043595 -0.332479 -0.215049,
			  0.042845 -0.33682 -0.219935,
			  0.043132 -0.33516 -0.215669,
			  0.042845 -0.33682 -0.227367,
			  0.042845 -0.33682 -0.219935,
			  0.043132 -0.33516 -0.231634,
			  0.042845 -0.33682 -0.227367,
			  0.043595 -0.332479 -0.232253,
			  0.043132 -0.33516 -0.231634,
			  0.071748 -0.341605 -0.215669,
			  0.072469 -0.338983 -0.215049,
			  0.0713 -0.34323 -0.219935,
			  0.071748 -0.341605 -0.215669,
			  0.0713 -0.34323 -0.227367,
			  0.0713 -0.34323 -0.219935,
			  0.071748 -0.341605 -0.231634,
			  0.0713 -0.34323 -0.227367,
			  0.072469 -0.338983 -0.232253,
			  0.071748 -0.341605 -0.231634,
			  0.107973 -0.353439 -0.215669,
			  0.108862 -0.350872 -0.215049,
			  0.107422 -0.35503 -0.219935,
			  0.107973 -0.353439 -0.215669,
			  0.107422 -0.35503 -0.227367,
			  0.107422 -0.35503 -0.219935,
			  0.107973 -0.353439 -0.231634,
			  0.107422 -0.35503 -0.227367,
			  0.108862 -0.350872 -0.232253,
			  0.107973 -0.353439 -0.231634,
			  0.155474 -0.370827 -0.215669,
			  0.15641 -0.368276 -0.215049,
			  0.154894 -0.372406 -0.219935,
			  0.155474 -0.370827 -0.215669,
			  0.154894 -0.372406 -0.227367,
			  0.154894 -0.372406 -0.219935,
			  0.155474 -0.370827 -0.231634,
			  0.154894 -0.372406 -0.227367,
			  0.15641 -0.368276 -0.232253,
			  0.155474 -0.370827 -0.231634,
			  0.208823 -0.390474 -0.215669,
			  0.209736 -0.387916 -0.215049,
			  0.208257 -0.392059 -0.219935,
			  0.208823 -0.390474 -0.215669,
			  0.208257 -0.392059 -0.227367,
			  0.208257 -0.392059 -0.219935,
			  0.208823 -0.390474 -0.231634,
			  0.208257 -0.392059 -0.227367,
			  0.209736 -0.387916 -0.232253,
			  0.208823 -0.390474 -0.231634,
			  0.262035 -0.408876 -0.215669,
			  0.262878 -0.406293 -0.215049,
			  0.261513 -0.410476 -0.219935,
			  0.262035 -0.408876 -0.215669,
			  0.261513 -0.410476 -0.227367,
			  0.261513 -0.410476 -0.219935,
			  0.262035 -0.408876 -0.231634,
			  0.261513 -0.410476 -0.227367,
			  0.262878 -0.406293 -0.232253,
			  0.262035 -0.408876 -0.231634,
			  0.311043 -0.42392 -0.215669,
			  0.311802 -0.421311 -0.215049,
			  0.310573 -0.425537 -0.219935,
			  0.311043 -0.42392 -0.215669,
			  0.310573 -0.425537 -0.227367,
			  0.310573 -0.425537 -0.219935,
			  0.311043 -0.423921 -0.231634,
			  0.310573 -0.425537 -0.227367,
			  0.311802 -0.421311 -0.232253,
			  0.311043 -0.423921 -0.231634,
			  0.355355 -0.436095 -0.215669,
			  0.35605 -0.433469 -0.215049,
			  0.354924 -0.437722 -0.219935,
			  0.355355 -0.436095 -0.215669,
			  0.354924 -0.437722 -0.227367,
			  0.354924 -0.437722 -0.219935,
			  0.355355 -0.436095 -0.231634,
			  0.354924 -0.437722 -0.227367,
			  0.35605 -0.433469 -0.232253,
			  0.355355 -0.436095 -0.231634,
			  0.394894 -0.446179 -0.215669,
			  0.395556 -0.443545 -0.215049,
			  0.394484 -0.447811 -0.219935,
			  0.394894 -0.446179 -0.215669,
			  0.394484 -0.447811 -0.227367,
			  0.394484 -0.447811 -0.219935,
			  0.394894 -0.446179 -0.231634,
			  0.394484 -0.447811 -0.227367,
			  0.395556 -0.443545 -0.232253,
			  0.394894 -0.446179 -0.231634,
			  0.42999 -0.454877 -0.215669,
			  0.430638 -0.452239 -0.215049,
			  0.429589 -0.456512 -0.219935,
			  0.42999 -0.454877 -0.215669,
			  0.429589 -0.456512 -0.227367,
			  0.429589 -0.456512 -0.219935,
			  0.42999 -0.454877 -0.231634,
			  0.429589 -0.456512 -0.227367,
			  0.430638 -0.452239 -0.232253,
			  0.42999 -0.454877 -0.231634,
			  0.462015 -0.462677 -0.215669,
			  0.462655 -0.460037 -0.215049,
			  0.461619 -0.464313 -0.219935,
			  0.462015 -0.462677 -0.215669,
			  0.461619 -0.464313 -0.227367,
			  0.461619 -0.464313 -0.219935,
			  0.462015 -0.462677 -0.231634,
			  0.461619 -0.464313 -0.227367,
			  0.462655 -0.460037 -0.232253,
			  0.462015 -0.462677 -0.231634,
			  0.462655 -0.460037 -0.232253,
			  0.430638 -0.452239 -0.232253,
			  0.489595 -0.457397 -0.232253,
			  0.493139 -0.467386 -0.232253,
			  0.395556 -0.443545 -0.232253,
			  0.485333 -0.445386 -0.232253,
			  0.35605 -0.433469 -0.232253,
			  0.484999 -0.44475 -0.232253,
			  0.311802 -0.421311 -0.232253,
			  0.474568 -0.424856 -0.232253,
			  0.262878 -0.406293 -0.232253,
			  0.474525 -0.42481 -0.232253,
			  0.209736 -0.387916 -0.232253,
			  0.457888 -0.407266 -0.232253,
			  0.15641 -0.368276 -0.232253,
			  0.432384 -0.393512 -0.232253,
			  0.108862 -0.350872 -0.232253,
			  0.39545 -0.381041 -0.232253,
			  0.072469 -0.338983 -0.232253,
			  0.344592 -0.36602 -0.232253,
			  0.043595 -0.332479 -0.232253,
			  0.312759 -0.356028 -0.232253,
			  0.011662 -0.3286 -0.232253,
			  0.307964 -0.354523 -0.232253,
			  -0.033797 -0.324561 -0.232253,
			  0.307695 -0.354438 -0.232253,
			  -0.095432 -0.318769 -0.232253,
			  0.305928 -0.353884 -0.232253,
			  -0.167367 -0.310923 -0.232253,
			  0.299071 -0.351731 -0.232253,
			  -0.24329 -0.300799 -0.232253,
			  0.278337 -0.345223 -0.232253,
			  -0.316649 -0.288776 -0.232253,
			  0.26012 -0.339237 -0.232253,
			  -0.380527 -0.276168 -0.232253,
			  0.204617 -0.320999 -0.232253,
			  -0.427987 -0.264367 -0.232253,
			  0.199243 -0.319242 -0.232253,
			  -0.455826 -0.254215 -0.232253,
			  0.136428 -0.298706 -0.232253,
			  -0.469158 -0.245332 -0.232253,
			  0.134606 -0.298155 -0.232253,
			  -0.474221 -0.237173 -0.232253,
			  0.08585 -0.283417 -0.232253,
			  -0.475458 -0.231686 -0.232253,
			  0.066389 -0.279091 -0.232253,
			  -0.475995 -0.229302 -0.232253,
			  -0.162753 -0.258177 -0.232253,
			  -0.090758 -0.265343 -0.232253,
			  -0.475325 -0.221644 -0.232253,
			  -0.23852 -0.246278 -0.232253,
			  -0.472211 -0.2142 -0.232253,
			  -0.311546 -0.230441 -0.232253,
			  -0.465836 -0.207361 -0.232253,
			  -0.37519 -0.215174 -0.232253,
			  -0.451383 -0.20343 -0.232253,
			  -0.422819 -0.205291 -0.232253,
			  -0.028969 -0.269373 -0.232253,
			  0.050465 -0.275552 -0.232253,
			  0.016698 -0.271947 -0.232253,
			  0.493139 -0.467386 -0.215049,
			  0.489595 -0.457397 -0.215049,
			  0.430638 -0.452239 -0.215049,
			  0.462655 -0.460037 -0.215049,
			  0.485333 -0.445386 -0.215049,
			  0.395556 -0.443545 -0.215049,
			  0.484999 -0.44475 -0.215049,
			  0.35605 -0.433469 -0.215049,
			  0.474568 -0.424856 -0.215049,
			  0.311802 -0.421311 -0.215049,
			  0.474525 -0.42481 -0.215049,
			  0.262878 -0.406293 -0.215049,
			  0.457888 -0.407266 -0.215049,
			  0.209736 -0.387916 -0.215049,
			  0.432384 -0.393512 -0.215049,
			  0.15641 -0.368276 -0.215049,
			  0.39545 -0.381041 -0.215049,
			  0.108862 -0.350872 -0.215049,
			  0.344592 -0.36602 -0.215049,
			  0.072469 -0.338983 -0.215049,
			  0.312759 -0.356028 -0.215049,
			  0.043595 -0.332479 -0.215049,
			  0.307964 -0.354523 -0.215049,
			  0.011662 -0.3286 -0.215049,
			  0.307695 -0.354438 -0.215049,
			  -0.033797 -0.324561 -0.215049,
			  0.305928 -0.353884 -0.215049,
			  -0.095432 -0.318769 -0.215049,
			  0.299071 -0.351731 -0.215049,
			  -0.167367 -0.310923 -0.215049,
			  0.278337 -0.345223 -0.215049,
			  -0.24329 -0.300799 -0.215049,
			  0.26012 -0.339237 -0.215049,
			  -0.316649 -0.288776 -0.215049,
			  0.204617 -0.320999 -0.215049,
			  -0.380527 -0.276168 -0.215049,
			  0.199243 -0.319242 -0.215049,
			  -0.427987 -0.264367 -0.215049,
			  0.136428 -0.298706 -0.215049,
			  -0.455826 -0.254215 -0.215049,
			  0.134606 -0.298155 -0.215049,
			  -0.469158 -0.245332 -0.215049,
			  0.08585 -0.283417 -0.215049,
			  -0.474221 -0.237173 -0.215049,
			  0.066389 -0.279091 -0.215049,
			  -0.475458 -0.231686 -0.215049,
			  -0.090758 -0.265343 -0.215049,
			  -0.162753 -0.258177 -0.215049,
			  -0.475995 -0.229302 -0.215049,
			  -0.23852 -0.246278 -0.215049,
			  -0.475325 -0.221644 -0.215049,
			  -0.311546 -0.230441 -0.215049,
			  -0.472211 -0.2142 -0.215049,
			  -0.37519 -0.215174 -0.215049,
			  -0.465836 -0.207361 -0.215049,
			  -0.422819 -0.205291 -0.215049,
			  -0.451383 -0.20343 -0.215049,
			  0.050465 -0.275552 -0.215049,
			  -0.028969 -0.269373 -0.215049,
			  0.016698 -0.271947 -0.215049,
			  0.064214 -0.256077 0.036349,
			  0.354686 0.462867 0.036349,
			  0.353652 0.46196 0.034408,
			  0.063639 -0.255845 0.034408,
			  0.06817 -0.257676 0.03755,
			  0.358927 0.461974 0.03755,
			  0.354686 0.462867 0.036349,
			  0.064214 -0.256077 0.036349,
			  0.075061 -0.26046 0.03755,
			  0.365818 0.45919 0.03755,
			  0.358927 0.461974 0.03755,
			  0.06817 -0.257676 0.03755,
			  0.079016 -0.262058 0.036349,
			  0.369489 0.456886 0.036349,
			  0.365818 0.45919 0.03755,
			  0.075061 -0.26046 0.03755,
			  0.079591 -0.26229 0.034408,
			  0.369603 0.455515 0.034408,
			  0.369489 0.456886 0.036349,
			  0.079016 -0.262058 0.036349,
			  0.357345 0.469448 0.021353,
			  0.356092 0.468 0.020645,
			  0.361721 0.46889 0.021792,
			  0.357345 0.469448 0.021353,
			  0.368612 0.466106 0.021792,
			  0.361721 0.46889 0.021792,
			  0.372148 0.463467 0.021353,
			  0.368612 0.466106 0.021792,
			  0.372043 0.461555 0.020645,
			  0.372148 0.463467 0.021353,
			  0.359009 0.473566 0.007178,
			  0.357707 0.471998 0.006882,
			  0.363415 0.473082 0.007362,
			  0.359009 0.473566 0.007178,
			  0.370306 0.470298 0.007362,
			  0.363415 0.473082 0.007362,
			  0.373811 0.467585 0.007178,
			  0.370306 0.470298 0.007362,
			  0.373659 0.465554 0.006882,
			  0.373811 0.467585 0.007178,
			  0.359009 0.473566 -0.007178,
			  0.357707 0.471998 -0.006882,
			  0.363415 0.473082 -0.007362,
			  0.359009 0.473566 -0.007178,
			  0.370306 0.470298 -0.007362,
			  0.363415 0.473082 -0.007362,
			  0.373811 0.467585 -0.007178,
			  0.370306 0.470298 -0.007362,
			  0.373659 0.465554 -0.006882,
			  0.373811 0.467585 -0.007178,
			  0.357345 0.469448 -0.021353,
			  0.356092 0.468 -0.020645,
			  0.361721 0.46889 -0.021792,
			  0.357345 0.469448 -0.021353,
			  0.368612 0.466106 -0.021792,
			  0.361721 0.46889 -0.021792,
			  0.372148 0.463467 -0.021353,
			  0.368612 0.466106 -0.021792,
			  0.372043 0.461555 -0.020645,
			  0.372148 0.463467 -0.021353,
			  0.354686 0.462867 -0.036349,
			  0.353652 0.46196 -0.034408,
			  0.358927 0.461974 -0.03755,
			  0.354686 0.462867 -0.036349,
			  0.365818 0.45919 -0.03755,
			  0.358927 0.461974 -0.03755,
			  0.369489 0.456886 -0.036349,
			  0.365818 0.45919 -0.03755,
			  0.369603 0.455515 -0.034408,
			  0.369489 0.456886 -0.036349,
			  0.064214 -0.256077 -0.036349,
			  0.063639 -0.255845 -0.034408,
			  0.06817 -0.257676 -0.03755,
			  0.064214 -0.256077 -0.036349,
			  0.075061 -0.26046 -0.03755,
			  0.06817 -0.257676 -0.03755,
			  0.079016 -0.262058 -0.036349,
			  0.075061 -0.26046 -0.03755,
			  0.079591 -0.26229 -0.034408,
			  0.079016 -0.262058 -0.036349,
			  0.079591 -0.26229 -0.034408,
			  0.369603 0.455515 -0.034408,
			  0.369603 0.455515 0.034408,
			  0.079591 -0.26229 0.034408,
			  0.372043 0.461555 -0.020645,
			  0.372043 0.461555 0.020645,
			  0.373659 0.465554 -0.006882,
			  0.373659 0.465554 0.006882,
			  0.063639 -0.255845 0.034408,
			  0.353652 0.46196 0.034408,
			  0.353652 0.46196 -0.034408,
			  0.063639 -0.255845 -0.034408,
			  0.356092 0.468 0.020645,
			  0.356092 0.468 -0.020645,
			  0.357707 0.471998 0.006882,
			  0.357707 0.471998 -0.006882,
			  0.064214 -0.256077 0.122368,
			  0.315732 0.366452 0.122368,
			  0.314983 0.366252 0.120428,
			  0.063639 -0.255845 0.120428,
			  0.06817 -0.257676 0.12357,
			  0.319796 0.365121 0.12357,
			  0.315732 0.366452 0.122368,
			  0.064214 -0.256077 0.122368,
			  0.075061 -0.26046 0.12357,
			  0.326687 0.362337 0.12357,
			  0.319796 0.365121 0.12357,
			  0.06817 -0.257676 0.12357,
			  0.079016 -0.262058 0.122368,
			  0.330535 0.360471 0.122368,
			  0.326687 0.362337 0.12357,
			  0.075061 -0.26046 0.12357,
			  0.079591 -0.26229 0.120428,
			  0.330934 0.359808 0.120428,
			  0.330535 0.360471 0.122368,
			  0.079016 -0.262058 0.122368,
			  0.326035 0.391953 0.108374,
			  0.325116 0.391332 0.106664,
			  0.330205 0.390884 0.109432,
			  0.326035 0.391953 0.108374,
			  0.337095 0.388099 0.109432,
			  0.330205 0.390884 0.109432,
			  0.340838 0.385973 0.108374,
			  0.337095 0.388099 0.109432,
			  0.341067 0.384887 0.106664,
			  0.340838 0.385973 0.108374,
			  0.335148 0.414509 0.09453,
			  0.334177 0.413757 0.092901,
			  0.33935 0.41352 0.095539,
			  0.335148 0.414509 0.09453,
			  0.346241 0.410736 0.095539,
			  0.33935 0.41352 0.095539,
			  0.349951 0.408529 0.09453,
			  0.346241 0.410736 0.095539,
			  0.350128 0.407313 0.092901,
			  0.349951 0.408529 0.09453,
			  0.342196 0.431952 0.080595,
			  0.341137 0.430985 0.079138,
			  0.346452 0.431097 0.081497,
			  0.342196 0.431952 0.080595,
			  0.353343 0.428313 0.081497,
			  0.346452 0.431097 0.081497,
			  0.356998 0.425971 0.080595,
			  0.353343 0.428313 0.081497,
			  0.357088 0.42454 0.079138,
			  0.356998 0.425971 0.080595,
			  0.347131 0.444167 0.06662,
			  0.345997 0.443014 0.065375,
			  0.351433 0.443426 0.067391,
			  0.347131 0.444167 0.06662,
			  0.358324 0.440642 0.067391,
			  0.351433 0.443426 0.067391,
			  0.361933 0.438186 0.06662,
			  0.358324 0.440642 0.067391,
			  0.361948 0.436569 0.065375,
			  0.361933 0.438186 0.06662,
			  0.351795 0.455712 0.049671,
			  0.349785 0.452389 0.051612,
			  0.356641 0.456315 0.048469,
			  0.351795 0.455712 0.049671,
			  0.363531 0.453531 0.048469,
			  0.356641 0.456315 0.048469,
			  0.366598 0.449731 0.049671,
			  0.363531 0.453531 0.048469,
			  0.365736 0.445944 0.051612,
			  0.366598 0.449731 0.049671,
			  0.064214 -0.256077 0.049671,
			  0.063639 -0.255845 0.051612,
			  0.06817 -0.257676 0.048469,
			  0.064214 -0.256077 0.049671,
			  0.075061 -0.26046 0.048469,
			  0.06817 -0.257676 0.048469,
			  0.079016 -0.262058 0.049671,
			  0.075061 -0.26046 0.048469,
			  0.079591 -0.26229 0.051612,
			  0.079016 -0.262058 0.049671,
			  0.079591 -0.26229 0.051612,
			  0.330934 0.359808 0.051612,
			  0.330934 0.359808 0.120428,
			  0.079591 -0.26229 0.120428,
			  0.341067 0.384887 0.051612,
			  0.341067 0.384887 0.106664,
			  0.350128 0.407313 0.051612,
			  0.350128 0.407313 0.092901,
			  0.357088 0.42454 0.051612,
			  0.357088 0.42454 0.079138,
			  0.365736 0.445944 0.051612,
			  0.361948 0.436569 0.065375,
			  0.063639 -0.255845 0.120428,
			  0.314983 0.366252 0.120428,
			  0.314983 0.366252 0.051612,
			  0.063639 -0.255845 0.051612,
			  0.325116 0.391332 0.106664,
			  0.325116 0.391332 0.051612,
			  0.334177 0.413757 0.092901,
			  0.334177 0.413757 0.051612,
			  0.341137 0.430985 0.079138,
			  0.341137 0.430985 0.051612,
			  0.345997 0.443014 0.065375,
			  0.349785 0.452389 0.051612,
			  0.063639 -0.255845 -0.120428,
			  0.314983 0.366252 -0.120428,
			  0.315732 0.366452 -0.122368,
			  0.064214 -0.256077 -0.122368,
			  0.064214 -0.256077 -0.122368,
			  0.315732 0.366452 -0.122368,
			  0.319796 0.365121 -0.12357,
			  0.06817 -0.257676 -0.12357,
			  0.06817 -0.257676 -0.12357,
			  0.319796 0.365121 -0.12357,
			  0.326687 0.362337 -0.12357,
			  0.075061 -0.26046 -0.12357,
			  0.075061 -0.26046 -0.12357,
			  0.326687 0.362337 -0.12357,
			  0.330535 0.360471 -0.122368,
			  0.079016 -0.262058 -0.122368,
			  0.079016 -0.262058 -0.122368,
			  0.330535 0.360471 -0.122368,
			  0.330934 0.359808 -0.120428,
			  0.079591 -0.26229 -0.120428,
			  0.325116 0.391332 -0.106664,
			  0.326035 0.391953 -0.108374,
			  0.326035 0.391953 -0.108374,
			  0.330205 0.390884 -0.109432,
			  0.330205 0.390884 -0.109432,
			  0.337095 0.388099 -0.109432,
			  0.337095 0.388099 -0.109432,
			  0.340838 0.385973 -0.108374,
			  0.340838 0.385973 -0.108374,
			  0.341067 0.384887 -0.106664,
			  0.334177 0.413757 -0.092901,
			  0.335148 0.414509 -0.09453,
			  0.335148 0.414509 -0.09453,
			  0.33935 0.41352 -0.095539,
			  0.33935 0.41352 -0.095539,
			  0.346241 0.410736 -0.095539,
			  0.346241 0.410736 -0.095539,
			  0.349951 0.408529 -0.09453,
			  0.349951 0.408529 -0.09453,
			  0.350128 0.407313 -0.092901,
			  0.341137 0.430985 -0.079138,
			  0.342196 0.431952 -0.080595,
			  0.342196 0.431952 -0.080595,
			  0.346452 0.431097 -0.081497,
			  0.346452 0.431097 -0.081497,
			  0.353343 0.428313 -0.081497,
			  0.353343 0.428313 -0.081497,
			  0.356998 0.425971 -0.080595,
			  0.356998 0.425971 -0.080595,
			  0.357088 0.42454 -0.079138,
			  0.345997 0.443014 -0.065375,
			  0.347131 0.444167 -0.06662,
			  0.347131 0.444167 -0.06662,
			  0.351433 0.443426 -0.067391,
			  0.351433 0.443426 -0.067391,
			  0.358324 0.440642 -0.067391,
			  0.358324 0.440642 -0.067391,
			  0.361933 0.438186 -0.06662,
			  0.361933 0.438186 -0.06662,
			  0.361948 0.436569 -0.065375,
			  0.349785 0.452389 -0.051612,
			  0.351795 0.455712 -0.049671,
			  0.351795 0.455712 -0.049671,
			  0.356641 0.456315 -0.048469,
			  0.356641 0.456315 -0.048469,
			  0.363531 0.453531 -0.048469,
			  0.363531 0.453531 -0.048469,
			  0.366598 0.449731 -0.049671,
			  0.366598 0.449731 -0.049671,
			  0.365736 0.445944 -0.051612,
			  0.063639 -0.255845 -0.051612,
			  0.064214 -0.256077 -0.049671,
			  0.064214 -0.256077 -0.049671,
			  0.06817 -0.257676 -0.048469,
			  0.06817 -0.257676 -0.048469,
			  0.075061 -0.26046 -0.048469,
			  0.075061 -0.26046 -0.048469,
			  0.079016 -0.262058 -0.049671,
			  0.079016 -0.262058 -0.049671,
			  0.079591 -0.26229 -0.051612,
			  0.079591 -0.26229 -0.120428,
			  0.330934 0.359808 -0.120428,
			  0.330934 0.359808 -0.051612,
			  0.079591 -0.26229 -0.051612,
			  0.341067 0.384887 -0.106664,
			  0.341067 0.384887 -0.051612,
			  0.350128 0.407313 -0.092901,
			  0.350128 0.407313 -0.051612,
			  0.357088 0.42454 -0.079138,
			  0.357088 0.42454 -0.051612,
			  0.361948 0.436569 -0.065375,
			  0.365736 0.445944 -0.051612,
			  0.063639 -0.255845 -0.051612,
			  0.314983 0.366252 -0.051612,
			  0.314983 0.366252 -0.120428,
			  0.063639 -0.255845 -0.120428,
			  0.325116 0.391332 -0.051612,
			  0.325116 0.391332 -0.106664,
			  0.334177 0.413757 -0.051612,
			  0.334177 0.413757 -0.092901,
			  0.341137 0.430985 -0.051612,
			  0.341137 0.430985 -0.079138,
			  0.349785 0.452389 -0.051612,
			  0.345997 0.443014 -0.065375,
			  0.064214 -0.256077 0.208388,
			  0.257715 0.222854 0.208388,
			  0.256981 0.222691 0.206447,
			  0.063639 -0.255845 0.206447,
			  0.06817 -0.257676 0.20959,
			  0.261769 0.221501 0.20959,
			  0.257715 0.222854 0.208388,
			  0.064214 -0.256077 0.208388,
			  0.075061 -0.26046 0.20959,
			  0.26866 0.218717 0.20959,
			  0.261769 0.221501 0.20959,
			  0.06817 -0.257676 0.20959,
			  0.079016 -0.262058 0.208388,
			  0.272517 0.216874 0.208388,
			  0.26866 0.218717 0.20959,
			  0.075061 -0.26046 0.20959,
			  0.079591 -0.26229 0.206447,
			  0.272932 0.216247 0.206447,
			  0.272517 0.216874 0.208388,
			  0.079016 -0.262058 0.208388,
			  0.269049 0.250908 0.194432,
			  0.268159 0.250357 0.192684,
			  0.273201 0.249795 0.195514,
			  0.269049 0.250908 0.194432,
			  0.280092 0.247011 0.195514,
			  0.273201 0.249795 0.195514,
			  0.283852 0.244928 0.194432,
			  0.280092 0.247011 0.195514,
			  0.28411 0.243913 0.192684,
			  0.283852 0.244928 0.194432,
			  0.279278 0.276226 0.180613,
			  0.278346 0.275573 0.178921,
			  0.283455 0.275175 0.181661,
			  0.279278 0.276226 0.180613,
			  0.290346 0.272391 0.181661,
			  0.283455 0.275175 0.181661,
			  0.294081 0.270245 0.180613,
			  0.290346 0.272391 0.181661,
			  0.294298 0.269128 0.178921,
			  0.294081 0.270245 0.180613,
			  0.287594 0.296809 0.166738,
			  0.286596 0.29599 0.165158,
			  0.291813 0.295861 0.167717,
			  0.287594 0.296809 0.166738,
			  0.298704 0.293077 0.167717,
			  0.291813 0.295861 0.167717,
			  0.302397 0.290828 0.166738,
			  0.298704 0.293077 0.167717,
			  0.302547 0.289546 0.165158,
			  0.302397 0.290828 0.166738,
			  0.293964 0.312575 0.152846,
			  0.292906 0.31161 0.151395,
			  0.29822 0.311719 0.153744,
			  0.293964 0.312575 0.152846,
			  0.305111 0.308934 0.153744,
			  0.29822 0.311719 0.153744,
			  0.308767 0.306595 0.152846,
			  0.305111 0.308934 0.153744,
			  0.308858 0.305165 0.151395,
			  0.308767 0.306595 0.152846,
			  0.300596 0.32899 0.135691,
			  0.298227 0.324779 0.137632,
			  0.305664 0.330143 0.134489,
			  0.300596 0.32899 0.135691,
			  0.312555 0.327359 0.134489,
			  0.305664 0.330143 0.134489,
			  0.315399 0.323009 0.135691,
			  0.312555 0.327359 0.134489,
			  0.314178 0.318334 0.137632,
			  0.315399 0.323009 0.135691,
			  0.064214 -0.256077 0.135691,
			  0.063639 -0.255845 0.137632,
			  0.06817 -0.257676 0.134489,
			  0.064214 -0.256077 0.135691,
			  0.075061 -0.26046 0.134489,
			  0.06817 -0.257676 0.134489,
			  0.079016 -0.262058 0.135691,
			  0.075061 -0.26046 0.134489,
			  0.079591 -0.26229 0.137632,
			  0.079016 -0.262058 0.135691,
			  0.079591 -0.26229 0.137632,
			  0.272932 0.216247 0.137632,
			  0.272932 0.216247 0.206447,
			  0.079591 -0.26229 0.206447,
			  0.28411 0.243913 0.137632,
			  0.28411 0.243913 0.192684,
			  0.294298 0.269128 0.137632,
			  0.294298 0.269128 0.178921,
			  0.302547 0.289546 0.137632,
			  0.302547 0.289546 0.165158,
			  0.314178 0.318334 0.137632,
			  0.308858 0.305165 0.151395,
			  0.063639 -0.255845 0.206447,
			  0.256981 0.222691 0.206447,
			  0.256981 0.222691 0.137632,
			  0.063639 -0.255845 0.137632,
			  0.268159 0.250357 0.192684,
			  0.268159 0.250357 0.137632,
			  0.278346 0.275573 0.178921,
			  0.278346 0.275573 0.137632,
			  0.286596 0.29599 0.165158,
			  0.286596 0.29599 0.137632,
			  0.292906 0.31161 0.151395,
			  0.298227 0.324779 0.137632,
			  0.063639 -0.255845 -0.206447,
			  0.256981 0.222691 -0.206447,
			  0.257715 0.222854 -0.208388,
			  0.064214 -0.256077 -0.208388,
			  0.064214 -0.256077 -0.208388,
			  0.257715 0.222854 -0.208388,
			  0.261769 0.221501 -0.20959,
			  0.06817 -0.257676 -0.20959,
			  0.06817 -0.257676 -0.20959,
			  0.261769 0.221501 -0.20959,
			  0.26866 0.218717 -0.20959,
			  0.075061 -0.26046 -0.20959,
			  0.075061 -0.26046 -0.20959,
			  0.26866 0.218717 -0.20959,
			  0.272517 0.216874 -0.208388,
			  0.079016 -0.262058 -0.208388,
			  0.079016 -0.262058 -0.208388,
			  0.272517 0.216874 -0.208388,
			  0.272932 0.216247 -0.206447,
			  0.079591 -0.26229 -0.206447,
			  0.268159 0.250357 -0.192684,
			  0.269049 0.250908 -0.194432,
			  0.269049 0.250908 -0.194432,
			  0.273201 0.249795 -0.195514,
			  0.273201 0.249795 -0.195514,
			  0.280092 0.247011 -0.195514,
			  0.280092 0.247011 -0.195514,
			  0.283852 0.244928 -0.194432,
			  0.283852 0.244928 -0.194432,
			  0.28411 0.243912 -0.192684,
			  0.278346 0.275573 -0.178921,
			  0.279278 0.276226 -0.180613,
			  0.279278 0.276226 -0.180613,
			  0.283455 0.275175 -0.181661,
			  0.283455 0.275175 -0.181661,
			  0.290346 0.272391 -0.181661,
			  0.290346 0.272391 -0.181661,
			  0.294081 0.270245 -0.180613,
			  0.294081 0.270245 -0.180613,
			  0.294298 0.269128 -0.178921,
			  0.286596 0.29599 -0.165158,
			  0.287594 0.296809 -0.166738,
			  0.287594 0.296809 -0.166738,
			  0.291813 0.295861 -0.167717,
			  0.291813 0.295861 -0.167717,
			  0.298704 0.293077 -0.167717,
			  0.298704 0.293077 -0.167717,
			  0.302397 0.290828 -0.166738,
			  0.302397 0.290828 -0.166738,
			  0.302547 0.289546 -0.165158,
			  0.292906 0.31161 -0.151395,
			  0.293964 0.312575 -0.152846,
			  0.293964 0.312575 -0.152846,
			  0.29822 0.311719 -0.153744,
			  0.29822 0.311719 -0.153744,
			  0.305111 0.308934 -0.153744,
			  0.305111 0.308934 -0.153744,
			  0.308767 0.306595 -0.152846,
			  0.308767 0.306595 -0.152846,
			  0.308858 0.305165 -0.151395,
			  0.298227 0.324779 -0.137632,
			  0.300596 0.32899 -0.135691,
			  0.300596 0.32899 -0.135691,
			  0.305664 0.330143 -0.134489,
			  0.305664 0.330143 -0.134489,
			  0.312555 0.327359 -0.134489,
			  0.312555 0.327359 -0.134489,
			  0.315399 0.323009 -0.135691,
			  0.315399 0.323009 -0.135691,
			  0.314178 0.318334 -0.137632,
			  0.063639 -0.255845 -0.137632,
			  0.064214 -0.256077 -0.135691,
			  0.064214 -0.256077 -0.135691,
			  0.06817 -0.257676 -0.134489,
			  0.06817 -0.257676 -0.134489,
			  0.075061 -0.26046 -0.134489,
			  0.075061 -0.26046 -0.134489,
			  0.079016 -0.262058 -0.135691,
			  0.079016 -0.262058 -0.135691,
			  0.079591 -0.26229 -0.137632,
			  0.079591 -0.26229 -0.206447,
			  0.272932 0.216247 -0.206447,
			  0.272932 0.216247 -0.137632,
			  0.079591 -0.26229 -0.137632,
			  0.28411 0.243912 -0.192684,
			  0.28411 0.243912 -0.137632,
			  0.294298 0.269128 -0.178921,
			  0.294298 0.269128 -0.137632,
			  0.302547 0.289546 -0.165158,
			  0.302547 0.289546 -0.137632,
			  0.308858 0.305165 -0.151395,
			  0.314178 0.318334 -0.137632,
			  0.063639 -0.255845 -0.137632,
			  0.256981 0.222691 -0.137632,
			  0.256981 0.222691 -0.206447,
			  0.063639 -0.255845 -0.206447,
			  0.268159 0.250357 -0.137632,
			  0.268159 0.250357 -0.192684,
			  0.278346 0.275573 -0.137632,
			  0.278346 0.275573 -0.178921,
			  0.286596 0.29599 -0.137632,
			  0.286596 0.29599 -0.165158,
			  0.298227 0.324779 -0.137632,
			  0.292906 0.31161 -0.151395,
			  0.291913 0.16219 -0.189243,
			  0.291913 0.16219 0.189243,
			  0.272579 0.114336 0.189243,
			  0.272579 0.114336 -0.189243,
			  0.269581 0.171213 0.189243,
			  0.269581 0.171213 -0.189243,
			  0.250247 0.123359 -0.189243,
			  0.250247 0.123359 0.189243,
			  0.271176 0.170568 -0.190964,
			  0.290318 0.162835 -0.190964,
			  0.270984 0.114981 -0.190964,
			  0.251842 0.122715 -0.190964,
			  0.290318 0.162835 0.190964,
			  0.271176 0.170568 0.190964,
			  0.251842 0.122715 0.190964,
			  0.270984 0.114981 0.190964,
			  0.270339 0.113386 -0.189243,
			  0.270339 0.113386 0.189243,
			  0.251198 0.12112 0.189243,
			  0.251198 0.12112 -0.189243,
			  0.271821 0.172163 -0.189243,
			  0.271821 0.172163 0.189243,
			  0.290962 0.16443 0.189243,
			  0.290962 0.16443 -0.189243,
			  0.270048 0.171024 0.19046,
			  0.250714 0.12317 0.19046,
			  0.271632 0.171696 0.19046,
			  0.270835 0.172018 0.190104,
			  0.270504 0.172152 0.189243,
			  0.251387 0.121587 0.19046,
			  0.250589 0.121909 0.190104,
			  0.250259 0.122042 0.189243,
			  0.270048 0.171024 -0.19046,
			  0.250714 0.12317 -0.19046,
			  0.270504 0.172152 -0.189243,
			  0.270835 0.172018 -0.190104,
			  0.271632 0.171696 -0.19046,
			  0.250259 0.122042 -0.189243,
			  0.250589 0.121909 -0.190104,
			  0.251387 0.121587 -0.19046,
			  0.291446 0.162379 -0.19046,
			  0.272112 0.114525 -0.19046,
			  0.290774 0.163963 -0.19046,
			  0.291571 0.16364 -0.190104,
			  0.291902 0.163507 -0.189243,
			  0.270528 0.113853 -0.19046,
			  0.271326 0.113531 -0.190104,
			  0.271656 0.113397 -0.189243,
			  0.291446 0.162379 0.19046,
			  0.272112 0.114525 0.19046,
			  0.291901 0.163507 0.189243,
			  0.291571 0.16364 0.190104,
			  0.290774 0.163963 0.19046,
			  0.271656 0.113397 0.189243,
			  0.271326 0.113531 0.190104,
			  0.270528 0.113853 0.19046,
			  0.206223 -0.054269 -0.258059,
			  0.206223 -0.054269 0.258059,
			  0.206223 -0.074914 0.258059,
			  0.206223 -0.074914 -0.258059,
			  0.168374 -0.054269 0.258059,
			  0.168374 -0.054269 -0.258059,
			  0.168374 -0.074914 -0.258059,
			  0.168374 -0.074914 0.258059,
			  0.170095 -0.054269 -0.25978,
			  0.204503 -0.054269 -0.25978,
			  0.204503 -0.074914 -0.25978,
			  0.170095 -0.074914 -0.25978,
			  0.204503 -0.054269 0.25978,
			  0.170095 -0.054269 0.25978,
			  0.170095 -0.074914 0.25978,
			  0.204503 -0.074914 0.25978,
			  0.204503 -0.076634 -0.258059,
			  0.204503 -0.076634 0.258059,
			  0.170095 -0.076634 0.258059,
			  0.170095 -0.076634 -0.258059,
			  0.170095 -0.052549 -0.258059,
			  0.170095 -0.052549 0.258059,
			  0.204503 -0.052548 0.258059,
			  0.204503 -0.052548 -0.258059,
			  0.168878 -0.054269 0.259276,
			  0.168878 -0.074914 0.259276,
			  0.170095 -0.053052 0.259276,
			  0.169235 -0.053052 0.258919,
			  0.168878 -0.053052 0.258059,
			  0.170095 -0.07613 0.259276,
			  0.169235 -0.07613 0.258919,
			  0.168878 -0.07613 0.258059,
			  0.168878 -0.054269 -0.259276,
			  0.168878 -0.074914 -0.259276,
			  0.168878 -0.053052 -0.258059,
			  0.169235 -0.053052 -0.258919,
			  0.170095 -0.053052 -0.259276,
			  0.168878 -0.07613 -0.258059,
			  0.169235 -0.07613 -0.258919,
			  0.170095 -0.07613 -0.259276,
			  0.205719 -0.054269 -0.259276,
			  0.205719 -0.074914 -0.259276,
			  0.204503 -0.053052 -0.259276,
			  0.205363 -0.053052 -0.258919,
			  0.205719 -0.053052 -0.258059,
			  0.204503 -0.07613 -0.259276,
			  0.205363 -0.07613 -0.258919,
			  0.205719 -0.07613 -0.258059,
			  0.205719 -0.054269 0.259276,
			  0.205719 -0.074914 0.259276,
			  0.205719 -0.053052 0.258059,
			  0.205363 -0.053052 0.258919,
			  0.204503 -0.053052 0.259276,
			  0.205719 -0.07613 0.258059,
			  0.205363 -0.07613 0.258919,
			  0.204503 -0.07613 0.259276,
			  0.203734 -0.04527 0.246194,
			  0.212951 -0.04527 0.253508,
			  0.210772 -0.045889 0.255099,
			  0.202507 -0.045889 0.24854,
			  0.204495 -0.041003 0.244741,
			  0.2143 -0.041003 0.252523,
			  0.212951 -0.04527 0.253508,
			  0.203734 -0.04527 0.246194,
			  0.204495 -0.033571 0.244741,
			  0.2143 -0.033571 0.252523,
			  0.2143 -0.041003 0.252523,
			  0.204495 -0.041003 0.244741,
			  0.203734 -0.029304 0.246194,
			  0.212951 -0.029304 0.253508,
			  0.2143 -0.033571 0.252523,
			  0.204495 -0.033571 0.244741,
			  0.202507 -0.028685 0.24854,
			  0.210772 -0.028685 0.255099,
			  0.212951 -0.029304 0.253508,
			  0.203734 -0.029304 0.246194,
			  0.216677 -0.04527 0.263355,
			  0.213987 -0.045889 0.263594,
			  0.218343 -0.041003 0.263207,
			  0.216677 -0.04527 0.263355,
			  0.218343 -0.033571 0.263207,
			  0.218343 -0.041003 0.263207,
			  0.216677 -0.029304 0.263355,
			  0.218343 -0.033571 0.263207,
			  0.213987 -0.028685 0.263594,
			  0.216677 -0.029304 0.263355,
			  0.214611 -0.04527 0.274416,
			  0.21215 -0.045889 0.273431,
			  0.216136 -0.041003 0.275026,
			  0.214611 -0.04527 0.274416,
			  0.216136 -0.033571 0.275026,
			  0.216136 -0.041003 0.275026,
			  0.214611 -0.029304 0.274416,
			  0.216136 -0.033571 0.275026,
			  0.21215 -0.028685 0.273431,
			  0.214611 -0.029304 0.274416,
			  0.207256 -0.04527 0.285725,
			  0.205262 -0.045889 0.284021,
			  0.208491 -0.041003 0.28678,
			  0.207256 -0.04527 0.285725,
			  0.208491 -0.033571 0.28678,
			  0.208491 -0.041003 0.28678,
			  0.207256 -0.029304 0.285725,
			  0.208491 -0.033571 0.28678,
			  0.205262 -0.028685 0.284021,
			  0.207256 -0.029304 0.285725,
			  0.194852 -0.04527 0.296899,
			  0.193285 -0.045889 0.29481,
			  0.195822 -0.041003 0.298193,
			  0.194852 -0.04527 0.296899,
			  0.195822 -0.033571 0.298193,
			  0.195822 -0.041003 0.298193,
			  0.194852 -0.029304 0.296899,
			  0.195822 -0.033571 0.298193,
			  0.193285 -0.028685 0.29481,
			  0.194852 -0.029304 0.296899,
			  0.177056 -0.04527 0.307897,
			  0.175826 -0.045889 0.305601,
			  0.177818 -0.041003 0.30932,
			  0.177056 -0.04527 0.307897,
			  0.177818 -0.033571 0.30932,
			  0.177818 -0.041003 0.30932,
			  0.177056 -0.029304 0.307897,
			  0.177818 -0.033571 0.30932,
			  0.175826 -0.028685 0.305601,
			  0.177056 -0.029304 0.307897,
			  0.153275 -0.04527 0.318802,
			  0.152294 -0.045889 0.316392,
			  0.153883 -0.041003 0.320296,
			  0.153275 -0.04527 0.318802,
			  0.153883 -0.033571 0.320296,
			  0.153883 -0.041003 0.320296,
			  0.153275 -0.029304 0.318802,
			  0.153883 -0.033571 0.320296,
			  0.152294 -0.028685 0.316392,
			  0.153275 -0.029304 0.318802,
			  0.122897 -0.04527 0.329659,
			  0.122099 -0.045889 0.327183,
			  0.123392 -0.041003 0.331192,
			  0.122897 -0.04527 0.329659,
			  0.123392 -0.033571 0.331192,
			  0.123392 -0.041003 0.331192,
			  0.122897 -0.029304 0.329659,
			  0.123392 -0.033571 0.331192,
			  0.122099 -0.028685 0.327183,
			  0.122897 -0.029304 0.329659,
			  0.085337 -0.04527 0.34048,
			  0.084678 -0.045889 0.337964,
			  0.085746 -0.041003 0.342039,
			  0.085337 -0.04527 0.34048,
			  0.085746 -0.033571 0.342039,
			  0.085746 -0.041003 0.342039,
			  0.085337 -0.029304 0.34048,
			  0.085746 -0.033571 0.342039,
			  0.084678 -0.028685 0.337964,
			  0.085337 -0.029304 0.34048,
			  0.040809 -0.04527 0.351005,
			  0.040265 -0.045889 0.348461,
			  0.041146 -0.041003 0.35258,
			  0.040809 -0.04527 0.351005,
			  0.041146 -0.033571 0.35258,
			  0.041146 -0.041003 0.35258,
			  0.040809 -0.029304 0.351005,
			  0.041146 -0.033571 0.35258,
			  0.040265 -0.028685 0.348461,
			  0.040809 -0.029304 0.351005,
			  -0.009568 -0.04527 0.360662,
			  -0.010004 -0.045889 0.358098,
			  -0.009297 -0.041003 0.362251,
			  -0.009568 -0.04527 0.360662,
			  -0.009297 -0.033571 0.362251,
			  -0.009297 -0.041003 0.362251,
			  -0.009568 -0.029304 0.360662,
			  -0.009297 -0.033571 0.362251,
			  -0.010004 -0.028685 0.358098,
			  -0.009568 -0.029304 0.360662,
			  -0.064621 -0.04527 0.368865,
			  -0.064949 -0.045889 0.366285,
			  -0.064418 -0.041003 0.370463,
			  -0.064621 -0.04527 0.368865,
			  -0.064418 -0.033571 0.370463,
			  -0.064418 -0.041003 0.370463,
			  -0.064621 -0.029304 0.368865,
			  -0.064418 -0.033571 0.370463,
			  -0.064949 -0.028685 0.366285,
			  -0.064621 -0.029304 0.368865,
			  -0.123166 -0.04527 0.375022,
			  -0.123384 -0.045889 0.37243,
			  -0.12303 -0.041003 0.376628,
			  -0.123166 -0.04527 0.375022,
			  -0.12303 -0.033571 0.376628,
			  -0.12303 -0.041003 0.376628,
			  -0.123166 -0.029304 0.375022,
			  -0.12303 -0.033571 0.376628,
			  -0.123384 -0.028685 0.37243,
			  -0.123166 -0.029304 0.375022,
			  -0.18352 -0.04527 0.378864,
			  -0.183646 -0.045889 0.376266,
			  -0.183441 -0.041003 0.380472,
			  -0.18352 -0.04527 0.378864,
			  -0.183441 -0.033571 0.380472,
			  -0.183441 -0.041003 0.380472,
			  -0.18352 -0.029304 0.378864,
			  -0.183441 -0.033571 0.380472,
			  -0.183646 -0.028685 0.376266,
			  -0.18352 -0.029304 0.378864,
			  -0.242879 -0.04527 0.380874,
			  -0.242941 -0.045889 0.378275,
			  -0.24284 -0.041003 0.382485,
			  -0.242879 -0.04527 0.380874,
			  -0.24284 -0.033571 0.382485,
			  -0.24284 -0.041003 0.382485,
			  -0.242879 -0.029304 0.380874,
			  -0.24284 -0.033571 0.382485,
			  -0.242941 -0.028685 0.378275,
			  -0.242879 -0.029304 0.380874,
			  -0.298291 -0.04527 0.381647,
			  -0.298313 -0.045889 0.379047,
			  -0.298278 -0.041003 0.383258,
			  -0.298291 -0.04527 0.381647,
			  -0.298278 -0.033571 0.383258,
			  -0.298278 -0.041003 0.383258,
			  -0.298291 -0.029304 0.381647,
			  -0.298278 -0.033571 0.383258,
			  -0.298313 -0.028685 0.379047,
			  -0.298291 -0.029304 0.381647,
			  -0.346806 -0.04527 0.381775,
			  -0.346807 -0.045889 0.379175,
			  -0.346805 -0.041003 0.383386,
			  -0.346806 -0.04527 0.381775,
			  -0.346805 -0.033571 0.383386,
			  -0.346805 -0.041003 0.383386,
			  -0.346806 -0.029304 0.381775,
			  -0.346805 -0.033571 0.383386,
			  -0.346807 -0.028685 0.379175,
			  -0.346806 -0.029304 0.381775,
			  -0.386051 -0.04527 0.381701,
			  -0.386022 -0.045889 0.379101,
			  -0.386069 -0.041003 0.383312,
			  -0.386051 -0.04527 0.381701,
			  -0.386069 -0.033571 0.383312,
			  -0.386069 -0.041003 0.383312,
			  -0.386051 -0.029304 0.381701,
			  -0.386069 -0.033571 0.383312,
			  -0.386022 -0.028685 0.379101,
			  -0.386051 -0.029304 0.381701,
			  -0.416603 -0.04527 0.381088,
			  -0.41648 -0.045889 0.37849,
			  -0.41668 -0.041003 0.382697,
			  -0.416603 -0.04527 0.381088,
			  -0.41668 -0.033571 0.382697,
			  -0.41668 -0.041003 0.382697,
			  -0.416603 -0.029304 0.381088,
			  -0.41668 -0.033571 0.382697,
			  -0.41648 -0.028685 0.37849,
			  -0.416603 -0.029304 0.381088,
			  -0.440009 -0.04527 0.379331,
			  -0.439656 -0.045889 0.37675,
			  -0.440227 -0.041003 0.38093,
			  -0.440009 -0.04527 0.379331,
			  -0.440227 -0.033571 0.38093,
			  -0.440227 -0.041003 0.38093,
			  -0.440009 -0.029304 0.379331,
			  -0.440227 -0.033571 0.38093,
			  -0.439656 -0.028685 0.37675,
			  -0.440009 -0.029304 0.379331,
			  -0.457816 -0.04527 0.375785,
			  -0.457029 -0.045889 0.37329,
			  -0.458303 -0.041003 0.37733,
			  -0.457816 -0.04527 0.375785,
			  -0.458303 -0.033571 0.37733,
			  -0.458303 -0.041003 0.37733,
			  -0.457816 -0.029304 0.375785,
			  -0.458303 -0.033571 0.37733,
			  -0.457029 -0.028685 0.37329,
			  -0.457816 -0.029304 0.375785,
			  -0.471411 -0.04527 0.369808,
			  -0.470038 -0.045889 0.367571,
			  -0.472261 -0.041003 0.371194,
			  -0.471411 -0.04527 0.369808,
			  -0.472261 -0.033571 0.371194,
			  -0.472261 -0.041003 0.371194,
			  -0.471411 -0.029304 0.369808,
			  -0.472261 -0.033571 0.371194,
			  -0.470038 -0.028685 0.367571,
			  -0.471411 -0.029304 0.369808,
			  -0.481541 -0.04527 0.361507,
			  -0.479629 -0.045889 0.359712,
			  -0.482725 -0.041003 0.362619,
			  -0.481541 -0.04527 0.361507,
			  -0.482725 -0.033571 0.362619,
			  -0.482725 -0.041003 0.362619,
			  -0.481541 -0.029304 0.361507,
			  -0.482725 -0.033571 0.362619,
			  -0.479629 -0.028685 0.359712,
			  -0.481541 -0.029304 0.361507,
			  -0.48867 -0.04527 0.351589,
			  -0.486397 -0.045889 0.350295,
			  -0.490077 -0.041003 0.35239,
			  -0.48867 -0.04527 0.351589,
			  -0.490077 -0.033571 0.35239,
			  -0.490077 -0.041003 0.35239,
			  -0.48867 -0.029304 0.351589,
			  -0.490077 -0.033571 0.35239,
			  -0.486397 -0.028685 0.350295,
			  -0.48867 -0.029304 0.351589,
			  -0.493397 -0.04527 0.340773,
			  -0.490936 -0.045889 0.33991,
			  -0.494921 -0.041003 0.341308,
			  -0.493397 -0.04527 0.340773,
			  -0.494921 -0.033571 0.341308,
			  -0.494921 -0.041003 0.341308,
			  -0.493397 -0.029304 0.340773,
			  -0.494921 -0.033571 0.341308,
			  -0.490936 -0.028685 0.33991,
			  -0.493397 -0.029304 0.340773,
			  -0.496382 -0.04527 0.329675,
			  -0.493832 -0.045889 0.329144,
			  -0.497961 -0.041003 0.330004,
			  -0.496382 -0.04527 0.329675,
			  -0.497961 -0.033571 0.330004,
			  -0.497961 -0.041003 0.330004,
			  -0.496382 -0.029304 0.329675,
			  -0.497961 -0.033571 0.330004,
			  -0.493832 -0.028685 0.329144,
			  -0.496382 -0.029304 0.329675,
			  -0.498033 -0.04527 0.318587,
			  -0.495439 -0.045889 0.318354,
			  -0.49964 -0.041003 0.318732,
			  -0.498033 -0.04527 0.318587,
			  -0.49964 -0.033571 0.318732,
			  -0.49964 -0.041003 0.318732,
			  -0.498033 -0.029304 0.318587,
			  -0.49964 -0.033571 0.318732,
			  -0.495439 -0.028685 0.318354,
			  -0.498033 -0.029304 0.318587,
			  -0.498387 -0.04527 0.307494,
			  -0.495783 -0.045889 0.307563,
			  -0.5 -0.041003 0.307451,
			  -0.498387 -0.04527 0.307494,
			  -0.5 -0.033571 0.307451,
			  -0.5 -0.041003 0.307451,
			  -0.498387 -0.029304 0.307494,
			  -0.5 -0.033571 0.307451,
			  -0.495783 -0.028685 0.307563,
			  -0.498387 -0.029304 0.307494,
			  -0.497443 -0.04527 0.296403,
			  -0.494865 -0.045889 0.296772,
			  -0.49904 -0.041003 0.296174,
			  -0.497443 -0.04527 0.296403,
			  -0.49904 -0.033571 0.296174,
			  -0.49904 -0.041003 0.296174,
			  -0.497443 -0.029304 0.296403,
			  -0.49904 -0.033571 0.296174,
			  -0.494865 -0.028685 0.296772,
			  -0.497443 -0.029304 0.296403,
			  -0.495201 -0.04527 0.285308,
			  -0.492684 -0.045889 0.285981,
			  -0.49676 -0.041003 0.284891,
			  -0.495201 -0.04527 0.285308,
			  -0.49676 -0.033571 0.284891,
			  -0.49676 -0.041003 0.284891,
			  -0.495201 -0.029304 0.285308,
			  -0.49676 -0.033571 0.284891,
			  -0.492684 -0.028685 0.285981,
			  -0.495201 -0.029304 0.285308,
			  -0.491504 -0.04527 0.274273,
			  -0.489112 -0.045889 0.275318,
			  -0.492986 -0.041003 0.273625,
			  -0.491504 -0.04527 0.274273,
			  -0.492986 -0.033571 0.273625,
			  -0.492986 -0.041003 0.273625,
			  -0.491504 -0.029304 0.274273,
			  -0.492986 -0.033571 0.273625,
			  -0.489112 -0.028685 0.275318,
			  -0.491504 -0.029304 0.274273,
			  -0.485765 -0.04527 0.26378,
			  -0.483633 -0.045889 0.2653,
			  -0.487087 -0.041003 0.262839,
			  -0.485765 -0.04527 0.26378,
			  -0.487087 -0.033571 0.262839,
			  -0.487087 -0.041003 0.262839,
			  -0.485765 -0.029304 0.26378,
			  -0.487087 -0.033571 0.262839,
			  -0.483633 -0.028685 0.2653,
			  -0.485765 -0.029304 0.26378,
			  -0.47734 -0.04527 0.254505,
			  -0.475655 -0.045889 0.256517,
			  -0.478384 -0.041003 0.253259,
			  -0.47734 -0.04527 0.254505,
			  -0.478384 -0.033571 0.253259,
			  -0.478384 -0.041003 0.253259,
			  -0.47734 -0.029304 0.254505,
			  -0.478384 -0.033571 0.253259,
			  -0.475655 -0.028685 0.256517,
			  -0.47734 -0.029304 0.254505,
			  -0.46568 -0.04527 0.247177,
			  -0.464587 -0.045889 0.249562,
			  -0.466357 -0.041003 0.2457,
			  -0.46568 -0.04527 0.247177,
			  -0.466357 -0.033571 0.2457,
			  -0.466357 -0.041003 0.2457,
			  -0.46568 -0.029304 0.247177,
			  -0.466357 -0.033571 0.2457,
			  -0.464587 -0.028685 0.249562,
			  -0.46568 -0.029304 0.247177,
			  -0.450024 -0.04527 0.242361,
			  -0.449488 -0.045889 0.244917,
			  -0.450356 -0.041003 0.240778,
			  -0.450024 -0.04527 0.242361,
			  -0.450356 -0.033571 0.240778,
			  -0.450356 -0.041003 0.240778,
			  -0.450024 -0.029304 0.242361,
			  -0.450356 -0.033571 0.240778,
			  -0.449488 -0.028685 0.244917,
			  -0.450024 -0.029304 0.242361,
			  -0.427162 -0.04527 0.239717,
			  -0.426969 -0.045889 0.242312,
			  -0.427282 -0.041003 0.238109,
			  -0.427162 -0.04527 0.239717,
			  -0.427282 -0.033571 0.238109,
			  -0.427282 -0.041003 0.238109,
			  -0.427162 -0.029304 0.239717,
			  -0.427282 -0.033571 0.238109,
			  -0.426969 -0.028685 0.242312,
			  -0.427162 -0.029304 0.239717,
			  -0.392653 -0.04527 0.238558,
			  -0.392602 -0.045889 0.241158,
			  -0.392685 -0.041003 0.236948,
			  -0.392653 -0.04527 0.238558,
			  -0.392685 -0.033571 0.236948,
			  -0.392685 -0.041003 0.236948,
			  -0.392653 -0.029304 0.238558,
			  -0.392685 -0.033571 0.236948,
			  -0.392602 -0.028685 0.241158,
			  -0.392653 -0.029304 0.238558,
			  -0.341961 -0.04527 0.238264,
			  -0.341953 -0.045889 0.240865,
			  -0.341966 -0.041003 0.236653,
			  -0.341961 -0.04527 0.238264,
			  -0.341966 -0.033571 0.236653,
			  -0.341966 -0.041003 0.236653,
			  -0.341961 -0.029304 0.238264,
			  -0.341966 -0.033571 0.236653,
			  -0.341953 -0.028685 0.240865,
			  -0.341961 -0.029304 0.238264,
			  -0.270998 -0.04527 0.238255,
			  -0.270998 -0.045889 0.240855,
			  -0.270998 -0.041003 0.236644,
			  -0.270998 -0.04527 0.238255,
			  -0.270998 -0.033571 0.236644,
			  -0.270998 -0.041003 0.236644,
			  -0.270998 -0.029304 0.238255,
			  -0.270998 -0.033571 0.236644,
			  -0.270998 -0.028685 0.240855,
			  -0.270998 -0.029304 0.238255,
			  -0.183352 -0.04527 0.238255,
			  -0.183352 -0.045889 0.240855,
			  -0.183352 -0.041003 0.236644,
			  -0.183352 -0.04527 0.238255,
			  -0.183352 -0.033571 0.236644,
			  -0.183352 -0.041003 0.236644,
			  -0.183352 -0.029304 0.238255,
			  -0.183352 -0.033571 0.236644,
			  -0.183352 -0.028685 0.240855,
			  -0.183352 -0.029304 0.238255,
			  -0.089418 -0.04527 0.238255,
			  -0.089418 -0.045889 0.240855,
			  -0.089418 -0.041003 0.236644,
			  -0.089418 -0.04527 0.238255,
			  -0.089418 -0.033571 0.236644,
			  -0.089418 -0.041003 0.236644,
			  -0.089418 -0.029304 0.238255,
			  -0.089418 -0.033571 0.236644,
			  -0.089418 -0.028685 0.240855,
			  -0.089418 -0.029304 0.238255,
			  0.000162 -0.04527 0.238255,
			  0.000162 -0.045889 0.240855,
			  0.000162 -0.041003 0.236644,
			  0.000162 -0.04527 0.238255,
			  0.000162 -0.033571 0.236644,
			  0.000162 -0.041003 0.236644,
			  0.000162 -0.029304 0.238255,
			  0.000162 -0.033571 0.236644,
			  0.000162 -0.028685 0.240855,
			  0.000162 -0.029304 0.238255,
			  0.074805 -0.04527 0.238257,
			  0.074801 -0.045889 0.240857,
			  0.074808 -0.041003 0.236646,
			  0.074805 -0.04527 0.238257,
			  0.074808 -0.033571 0.236646,
			  0.074808 -0.041003 0.236646,
			  0.074805 -0.029304 0.238257,
			  0.074808 -0.033571 0.236646,
			  0.074801 -0.028685 0.240857,
			  0.074805 -0.029304 0.238257,
			  0.128824 -0.04527 0.238458,
			  0.128785 -0.045889 0.241058,
			  0.128848 -0.041003 0.236848,
			  0.128824 -0.04527 0.238458,
			  0.128848 -0.033571 0.236848,
			  0.128848 -0.041003 0.236848,
			  0.128824 -0.029304 0.238458,
			  0.128848 -0.033571 0.236848,
			  0.128785 -0.028685 0.241058,
			  0.128824 -0.029304 0.238458,
			  0.165468 -0.04527 0.239415,
			  0.165306 -0.045889 0.242012,
			  0.165569 -0.041003 0.237806,
			  0.165468 -0.04527 0.239415,
			  0.165569 -0.033571 0.237806,
			  0.165569 -0.041003 0.237806,
			  0.165468 -0.029304 0.239415,
			  0.165569 -0.033571 0.237806,
			  0.165306 -0.028685 0.242012,
			  0.165468 -0.029304 0.239415,
			  0.18901 -0.04527 0.241746,
			  0.188501 -0.045889 0.244309,
			  0.189325 -0.041003 0.240158,
			  0.18901 -0.04527 0.241746,
			  0.189325 -0.033571 0.240158,
			  0.189325 -0.041003 0.240158,
			  0.18901 -0.029304 0.241746,
			  0.189325 -0.033571 0.240158,
			  0.188501 -0.028685 0.244309,
			  0.18901 -0.029304 0.241746,
			  0.213987 -0.028685 0.263594,
			  0.210772 -0.028685 0.255099,
			  0.205262 -0.028685 0.284021,
			  0.21215 -0.028685 0.273431,
			  0.202507 -0.028685 0.24854,
			  0.193285 -0.028685 0.29481,
			  0.188501 -0.028685 0.244309,
			  0.175826 -0.028685 0.305601,
			  0.165306 -0.028685 0.242012,
			  0.152294 -0.028685 0.316392,
			  0.128785 -0.028685 0.241058,
			  0.122099 -0.028685 0.327183,
			  0.074801 -0.028685 0.240857,
			  0.084678 -0.028685 0.337964,
			  0.000162 -0.028685 0.240855,
			  0.040265 -0.028685 0.348461,
			  -0.010004 -0.028685 0.240855,
			  -0.010004 -0.028685 0.358098,
			  -0.089418 -0.028685 0.240855,
			  -0.064949 -0.028685 0.366285,
			  -0.183352 -0.028685 0.240855,
			  -0.123384 -0.028685 0.37243,
			  -0.183646 -0.028685 0.240855,
			  -0.183646 -0.028685 0.376266,
			  -0.270998 -0.028685 0.240855,
			  -0.242941 -0.028685 0.378275,
			  -0.341953 -0.028685 0.240865,
			  -0.298313 -0.028685 0.379047,
			  -0.346807 -0.028685 0.240893,
			  -0.346807 -0.028685 0.379175,
			  -0.392602 -0.028685 0.241158,
			  -0.386022 -0.028685 0.379101,
			  -0.426969 -0.028685 0.242312,
			  -0.41648 -0.028685 0.37849,
			  -0.449488 -0.028685 0.244917,
			  -0.439656 -0.028685 0.37675,
			  -0.464587 -0.028685 0.249562,
			  -0.457029 -0.028685 0.37329,
			  -0.475655 -0.028685 0.256517,
			  -0.470038 -0.028685 0.367571,
			  -0.483633 -0.028685 0.2653,
			  -0.479629 -0.028685 0.359712,
			  -0.489112 -0.028685 0.275318,
			  -0.486397 -0.028685 0.350295,
			  -0.492684 -0.028685 0.285981,
			  -0.490936 -0.028685 0.33991,
			  -0.494865 -0.028685 0.296772,
			  -0.493832 -0.028685 0.329144,
			  -0.495783 -0.028685 0.307563,
			  -0.495439 -0.028685 0.318354,
			  0.21215 -0.045889 0.273431,
			  0.205262 -0.045889 0.284021,
			  0.210772 -0.045889 0.255099,
			  0.213987 -0.045889 0.263594,
			  0.193285 -0.045889 0.29481,
			  0.202507 -0.045889 0.24854,
			  0.175826 -0.045889 0.305601,
			  0.188501 -0.045889 0.244309,
			  0.152294 -0.045889 0.316392,
			  0.165306 -0.045889 0.242012,
			  0.122099 -0.045889 0.327183,
			  0.128785 -0.045889 0.241058,
			  0.084678 -0.045889 0.337964,
			  0.074801 -0.045889 0.240857,
			  0.040265 -0.045889 0.348461,
			  0.000162 -0.045889 0.240855,
			  -0.010004 -0.045889 0.358098,
			  -0.010004 -0.045889 0.240855,
			  -0.064949 -0.045889 0.366285,
			  -0.089418 -0.045889 0.240855,
			  -0.123384 -0.045889 0.37243,
			  -0.183352 -0.045889 0.240855,
			  -0.183646 -0.045889 0.376266,
			  -0.183646 -0.045889 0.240855,
			  -0.242941 -0.045889 0.378275,
			  -0.270998 -0.045889 0.240855,
			  -0.298313 -0.045889 0.379047,
			  -0.341953 -0.045889 0.240865,
			  -0.346807 -0.045889 0.379175,
			  -0.346807 -0.045889 0.240893,
			  -0.386022 -0.045889 0.379101,
			  -0.392602 -0.045889 0.241158,
			  -0.41648 -0.045889 0.37849,
			  -0.426969 -0.045889 0.242312,
			  -0.439656 -0.045889 0.37675,
			  -0.449488 -0.045889 0.244917,
			  -0.457029 -0.045889 0.37329,
			  -0.464587 -0.045889 0.249562,
			  -0.470038 -0.045889 0.367571,
			  -0.475655 -0.045889 0.256517,
			  -0.479629 -0.045889 0.359712,
			  -0.483633 -0.045889 0.2653,
			  -0.486397 -0.045889 0.350295,
			  -0.489112 -0.045889 0.275318,
			  -0.490936 -0.045889 0.33991,
			  -0.492684 -0.045889 0.285981,
			  -0.493832 -0.045889 0.329144,
			  -0.494865 -0.045889 0.296772,
			  -0.495439 -0.045889 0.318354,
			  -0.495783 -0.045889 0.307563,
			  0.203734 -0.029304 -0.246194,
			  0.212951 -0.029304 -0.253508,
			  0.210772 -0.028685 -0.255099,
			  0.202507 -0.028685 -0.24854,
			  0.204495 -0.033571 -0.244741,
			  0.2143 -0.033571 -0.252523,
			  0.212951 -0.029304 -0.253508,
			  0.203734 -0.029304 -0.246194,
			  0.204495 -0.041003 -0.244741,
			  0.2143 -0.041003 -0.252523,
			  0.2143 -0.033571 -0.252523,
			  0.204495 -0.033571 -0.244741,
			  0.203734 -0.04527 -0.246194,
			  0.212951 -0.04527 -0.253508,
			  0.2143 -0.041003 -0.252523,
			  0.204495 -0.041003 -0.244741,
			  0.202507 -0.045889 -0.24854,
			  0.210772 -0.045889 -0.255099,
			  0.212951 -0.04527 -0.253508,
			  0.203734 -0.04527 -0.246194,
			  0.216677 -0.029304 -0.263355,
			  0.213987 -0.028685 -0.263594,
			  0.218343 -0.033571 -0.263207,
			  0.216677 -0.029304 -0.263355,
			  0.218343 -0.041003 -0.263207,
			  0.218343 -0.033571 -0.263207,
			  0.216677 -0.04527 -0.263355,
			  0.218343 -0.041003 -0.263207,
			  0.213987 -0.045889 -0.263594,
			  0.216677 -0.04527 -0.263355,
			  0.214611 -0.029304 -0.274416,
			  0.21215 -0.028685 -0.273431,
			  0.216136 -0.033571 -0.275026,
			  0.214611 -0.029304 -0.274416,
			  0.216136 -0.041003 -0.275026,
			  0.216136 -0.033571 -0.275026,
			  0.214611 -0.04527 -0.274416,
			  0.216136 -0.041003 -0.275026,
			  0.21215 -0.045889 -0.273431,
			  0.214611 -0.04527 -0.274416,
			  0.207256 -0.029304 -0.285725,
			  0.205262 -0.028685 -0.284021,
			  0.208491 -0.033571 -0.28678,
			  0.207256 -0.029304 -0.285725,
			  0.208491 -0.041003 -0.28678,
			  0.208491 -0.033571 -0.28678,
			  0.207256 -0.04527 -0.285725,
			  0.208491 -0.041003 -0.28678,
			  0.205262 -0.045889 -0.284021,
			  0.207256 -0.04527 -0.285725,
			  0.194852 -0.029304 -0.296899,
			  0.193285 -0.028685 -0.29481,
			  0.195822 -0.033571 -0.298193,
			  0.194852 -0.029304 -0.296899,
			  0.195822 -0.041003 -0.298193,
			  0.195822 -0.033571 -0.298193,
			  0.194852 -0.04527 -0.296899,
			  0.195822 -0.041003 -0.298193,
			  0.193285 -0.045889 -0.29481,
			  0.194852 -0.04527 -0.296899,
			  0.177056 -0.029304 -0.307897,
			  0.175826 -0.028685 -0.305601,
			  0.177818 -0.033571 -0.30932,
			  0.177056 -0.029304 -0.307897,
			  0.177818 -0.041003 -0.30932,
			  0.177818 -0.033571 -0.30932,
			  0.177056 -0.04527 -0.307897,
			  0.177818 -0.041003 -0.30932,
			  0.175826 -0.045889 -0.305601,
			  0.177056 -0.04527 -0.307897,
			  0.153275 -0.029304 -0.318802,
			  0.152294 -0.028685 -0.316392,
			  0.153883 -0.033571 -0.320296,
			  0.153275 -0.029304 -0.318802,
			  0.153883 -0.041003 -0.320296,
			  0.153883 -0.033571 -0.320296,
			  0.153275 -0.04527 -0.318802,
			  0.153883 -0.041003 -0.320296,
			  0.152294 -0.045889 -0.316392,
			  0.153275 -0.04527 -0.318802,
			  0.122897 -0.029304 -0.329659,
			  0.122099 -0.028685 -0.327183,
			  0.123392 -0.033571 -0.331192,
			  0.122897 -0.029304 -0.329659,
			  0.123392 -0.041003 -0.331192,
			  0.123392 -0.033571 -0.331192,
			  0.122897 -0.04527 -0.329659,
			  0.123392 -0.041003 -0.331192,
			  0.122099 -0.045889 -0.327183,
			  0.122897 -0.04527 -0.329659,
			  0.085337 -0.029304 -0.34048,
			  0.084678 -0.028685 -0.337964,
			  0.085746 -0.033571 -0.342039,
			  0.085337 -0.029304 -0.34048,
			  0.085746 -0.041003 -0.342039,
			  0.085746 -0.033571 -0.342039,
			  0.085337 -0.04527 -0.34048,
			  0.085746 -0.041003 -0.342039,
			  0.084678 -0.045889 -0.337964,
			  0.085337 -0.04527 -0.34048,
			  0.040809 -0.029304 -0.351005,
			  0.040265 -0.028685 -0.348461,
			  0.041146 -0.033571 -0.35258,
			  0.040809 -0.029304 -0.351005,
			  0.041146 -0.041003 -0.35258,
			  0.041146 -0.033571 -0.35258,
			  0.040809 -0.04527 -0.351005,
			  0.041146 -0.041003 -0.35258,
			  0.040265 -0.045889 -0.348461,
			  0.040809 -0.04527 -0.351005,
			  -0.009568 -0.029304 -0.360662,
			  -0.010004 -0.028685 -0.358098,
			  -0.009297 -0.033571 -0.362251,
			  -0.009568 -0.029304 -0.360662,
			  -0.009297 -0.041003 -0.362251,
			  -0.009297 -0.033571 -0.362251,
			  -0.009568 -0.04527 -0.360662,
			  -0.009297 -0.041003 -0.362251,
			  -0.010004 -0.045889 -0.358098,
			  -0.009568 -0.04527 -0.360662,
			  -0.064621 -0.029304 -0.368865,
			  -0.064949 -0.028685 -0.366285,
			  -0.064418 -0.033571 -0.370463,
			  -0.064621 -0.029304 -0.368865,
			  -0.064418 -0.041003 -0.370463,
			  -0.064418 -0.033571 -0.370463,
			  -0.064621 -0.04527 -0.368865,
			  -0.064418 -0.041003 -0.370463,
			  -0.064949 -0.045889 -0.366285,
			  -0.064621 -0.04527 -0.368865,
			  -0.123166 -0.029304 -0.375022,
			  -0.123384 -0.028685 -0.37243,
			  -0.12303 -0.033571 -0.376628,
			  -0.123166 -0.029304 -0.375022,
			  -0.12303 -0.041003 -0.376628,
			  -0.12303 -0.033571 -0.376628,
			  -0.123166 -0.04527 -0.375022,
			  -0.12303 -0.041003 -0.376628,
			  -0.123384 -0.045889 -0.37243,
			  -0.123166 -0.04527 -0.375022,
			  -0.18352 -0.029304 -0.378864,
			  -0.183646 -0.028685 -0.376266,
			  -0.183441 -0.033571 -0.380472,
			  -0.18352 -0.029304 -0.378864,
			  -0.183441 -0.041003 -0.380472,
			  -0.183441 -0.033571 -0.380472,
			  -0.18352 -0.04527 -0.378864,
			  -0.183441 -0.041003 -0.380472,
			  -0.183646 -0.045889 -0.376266,
			  -0.18352 -0.04527 -0.378864,
			  -0.242879 -0.029304 -0.380874,
			  -0.242941 -0.028685 -0.378275,
			  -0.24284 -0.033571 -0.382485,
			  -0.242879 -0.029304 -0.380874,
			  -0.24284 -0.041003 -0.382485,
			  -0.24284 -0.033571 -0.382485,
			  -0.242879 -0.04527 -0.380874,
			  -0.24284 -0.041003 -0.382485,
			  -0.242941 -0.045889 -0.378275,
			  -0.242879 -0.04527 -0.380874,
			  -0.298291 -0.029304 -0.381647,
			  -0.298313 -0.028685 -0.379047,
			  -0.298278 -0.033571 -0.383258,
			  -0.298291 -0.029304 -0.381647,
			  -0.298278 -0.041003 -0.383258,
			  -0.298278 -0.033571 -0.383258,
			  -0.298291 -0.04527 -0.381647,
			  -0.298278 -0.041003 -0.383258,
			  -0.298313 -0.045889 -0.379047,
			  -0.298291 -0.04527 -0.381647,
			  -0.346806 -0.029304 -0.381775,
			  -0.346807 -0.028685 -0.379175,
			  -0.346805 -0.033571 -0.383386,
			  -0.346806 -0.029304 -0.381775,
			  -0.346805 -0.041003 -0.383386,
			  -0.346805 -0.033571 -0.383386,
			  -0.346806 -0.04527 -0.381775,
			  -0.346805 -0.041003 -0.383386,
			  -0.346807 -0.045889 -0.379175,
			  -0.346806 -0.04527 -0.381775,
			  -0.386051 -0.029304 -0.381701,
			  -0.386022 -0.028685 -0.379101,
			  -0.386069 -0.033571 -0.383312,
			  -0.386051 -0.029304 -0.381701,
			  -0.386069 -0.041003 -0.383312,
			  -0.386069 -0.033571 -0.383312,
			  -0.386051 -0.04527 -0.381701,
			  -0.386069 -0.041003 -0.383312,
			  -0.386022 -0.045889 -0.379101,
			  -0.386051 -0.04527 -0.381701,
			  -0.416603 -0.029304 -0.381088,
			  -0.41648 -0.028685 -0.37849,
			  -0.41668 -0.033571 -0.382697,
			  -0.416603 -0.029304 -0.381088,
			  -0.41668 -0.041003 -0.382697,
			  -0.41668 -0.033571 -0.382697,
			  -0.416603 -0.04527 -0.381088,
			  -0.41668 -0.041003 -0.382697,
			  -0.41648 -0.045889 -0.37849,
			  -0.416603 -0.04527 -0.381088,
			  -0.440009 -0.029304 -0.379331,
			  -0.439656 -0.028685 -0.37675,
			  -0.440227 -0.033571 -0.38093,
			  -0.440009 -0.029304 -0.379331,
			  -0.440227 -0.041003 -0.38093,
			  -0.440227 -0.033571 -0.38093,
			  -0.440009 -0.04527 -0.379331,
			  -0.440227 -0.041003 -0.38093,
			  -0.439656 -0.045889 -0.37675,
			  -0.440009 -0.04527 -0.379331,
			  -0.457816 -0.029304 -0.375785,
			  -0.457029 -0.028685 -0.37329,
			  -0.458303 -0.033571 -0.37733,
			  -0.457816 -0.029304 -0.375785,
			  -0.458303 -0.041003 -0.37733,
			  -0.458303 -0.033571 -0.37733,
			  -0.457816 -0.04527 -0.375785,
			  -0.458303 -0.041003 -0.37733,
			  -0.457029 -0.045889 -0.37329,
			  -0.457816 -0.04527 -0.375785,
			  -0.471411 -0.029304 -0.369808,
			  -0.470038 -0.028685 -0.367571,
			  -0.472261 -0.033571 -0.371194,
			  -0.471411 -0.029304 -0.369808,
			  -0.472261 -0.041003 -0.371194,
			  -0.472261 -0.033571 -0.371194,
			  -0.471411 -0.04527 -0.369808,
			  -0.472261 -0.041003 -0.371194,
			  -0.470038 -0.045889 -0.367571,
			  -0.471411 -0.04527 -0.369808,
			  -0.481541 -0.029304 -0.361507,
			  -0.479629 -0.028685 -0.359712,
			  -0.482725 -0.033571 -0.362619,
			  -0.481541 -0.029304 -0.361507,
			  -0.482725 -0.041003 -0.362619,
			  -0.482725 -0.033571 -0.362619,
			  -0.481541 -0.04527 -0.361507,
			  -0.482725 -0.041003 -0.362619,
			  -0.479629 -0.045889 -0.359712,
			  -0.481541 -0.04527 -0.361507,
			  -0.48867 -0.029304 -0.351589,
			  -0.486397 -0.028685 -0.350295,
			  -0.490077 -0.033571 -0.35239,
			  -0.48867 -0.029304 -0.351589,
			  -0.490077 -0.041003 -0.35239,
			  -0.490077 -0.033571 -0.35239,
			  -0.48867 -0.04527 -0.351589,
			  -0.490077 -0.041003 -0.35239,
			  -0.486397 -0.045889 -0.350295,
			  -0.48867 -0.04527 -0.351589,
			  -0.493397 -0.029304 -0.340773,
			  -0.490936 -0.028685 -0.33991,
			  -0.494921 -0.033571 -0.341308,
			  -0.493397 -0.029304 -0.340773,
			  -0.494921 -0.041003 -0.341308,
			  -0.494921 -0.033571 -0.341308,
			  -0.493397 -0.04527 -0.340773,
			  -0.494921 -0.041003 -0.341308,
			  -0.490936 -0.045889 -0.33991,
			  -0.493397 -0.04527 -0.340773,
			  -0.496382 -0.029304 -0.329675,
			  -0.493832 -0.028685 -0.329144,
			  -0.497961 -0.033571 -0.330004,
			  -0.496382 -0.029304 -0.329675,
			  -0.497961 -0.041003 -0.330004,
			  -0.497961 -0.033571 -0.330004,
			  -0.496382 -0.04527 -0.329675,
			  -0.497961 -0.041003 -0.330004,
			  -0.493832 -0.045889 -0.329144,
			  -0.496382 -0.04527 -0.329675,
			  -0.498033 -0.029304 -0.318587,
			  -0.495439 -0.028685 -0.318354,
			  -0.49964 -0.033571 -0.318732,
			  -0.498033 -0.029304 -0.318587,
			  -0.49964 -0.041003 -0.318732,
			  -0.49964 -0.033571 -0.318732,
			  -0.498033 -0.04527 -0.318587,
			  -0.49964 -0.041003 -0.318732,
			  -0.495439 -0.045889 -0.318354,
			  -0.498033 -0.04527 -0.318587,
			  -0.498387 -0.029304 -0.307494,
			  -0.495783 -0.028685 -0.307563,
			  -0.5 -0.033571 -0.307451,
			  -0.498387 -0.029304 -0.307494,
			  -0.5 -0.041003 -0.307451,
			  -0.5 -0.033571 -0.307451,
			  -0.498387 -0.04527 -0.307494,
			  -0.5 -0.041003 -0.307451,
			  -0.495783 -0.045889 -0.307563,
			  -0.498387 -0.04527 -0.307494,
			  -0.497443 -0.029304 -0.296403,
			  -0.494865 -0.028685 -0.296772,
			  -0.49904 -0.033571 -0.296174,
			  -0.497443 -0.029304 -0.296403,
			  -0.49904 -0.041003 -0.296174,
			  -0.49904 -0.033571 -0.296174,
			  -0.497443 -0.04527 -0.296403,
			  -0.49904 -0.041003 -0.296174,
			  -0.494865 -0.045889 -0.296772,
			  -0.497443 -0.04527 -0.296403,
			  -0.495201 -0.029304 -0.285308,
			  -0.492684 -0.028685 -0.285981,
			  -0.49676 -0.033571 -0.284891,
			  -0.495201 -0.029304 -0.285308,
			  -0.49676 -0.041003 -0.284891,
			  -0.49676 -0.033571 -0.284891,
			  -0.495201 -0.04527 -0.285308,
			  -0.49676 -0.041003 -0.284891,
			  -0.492684 -0.045889 -0.285981,
			  -0.495201 -0.04527 -0.285308,
			  -0.491504 -0.029304 -0.274273,
			  -0.489112 -0.028685 -0.275318,
			  -0.492986 -0.033571 -0.273625,
			  -0.491504 -0.029304 -0.274273,
			  -0.492986 -0.041003 -0.273625,
			  -0.492986 -0.033571 -0.273625,
			  -0.491504 -0.04527 -0.274273,
			  -0.492986 -0.041003 -0.273625,
			  -0.489112 -0.045889 -0.275318,
			  -0.491504 -0.04527 -0.274273,
			  -0.485765 -0.029304 -0.26378,
			  -0.483633 -0.028685 -0.2653,
			  -0.487087 -0.033571 -0.262839,
			  -0.485765 -0.029304 -0.26378,
			  -0.487087 -0.041003 -0.262839,
			  -0.487087 -0.033571 -0.262839,
			  -0.485765 -0.04527 -0.26378,
			  -0.487087 -0.041003 -0.262839,
			  -0.483633 -0.045889 -0.2653,
			  -0.485765 -0.04527 -0.26378,
			  -0.47734 -0.029304 -0.254505,
			  -0.475655 -0.028685 -0.256517,
			  -0.478384 -0.033571 -0.253259,
			  -0.47734 -0.029304 -0.254505,
			  -0.478384 -0.041003 -0.253259,
			  -0.478384 -0.033571 -0.253259,
			  -0.47734 -0.04527 -0.254505,
			  -0.478384 -0.041003 -0.253259,
			  -0.475655 -0.045889 -0.256517,
			  -0.47734 -0.04527 -0.254505,
			  -0.46568 -0.029304 -0.247177,
			  -0.464587 -0.028685 -0.249562,
			  -0.466357 -0.033571 -0.2457,
			  -0.46568 -0.029304 -0.247177,
			  -0.466357 -0.041003 -0.2457,
			  -0.466357 -0.033571 -0.2457,
			  -0.46568 -0.04527 -0.247177,
			  -0.466357 -0.041003 -0.2457,
			  -0.464587 -0.045889 -0.249562,
			  -0.46568 -0.04527 -0.247177,
			  -0.450024 -0.029304 -0.242361,
			  -0.449488 -0.028685 -0.244917,
			  -0.450356 -0.033571 -0.240778,
			  -0.450024 -0.029304 -0.242361,
			  -0.450356 -0.041003 -0.240778,
			  -0.450356 -0.033571 -0.240778,
			  -0.450024 -0.04527 -0.242361,
			  -0.450356 -0.041003 -0.240778,
			  -0.449488 -0.045889 -0.244917,
			  -0.450024 -0.04527 -0.242361,
			  -0.427162 -0.029304 -0.239717,
			  -0.426969 -0.028685 -0.242312,
			  -0.427282 -0.033571 -0.238109,
			  -0.427162 -0.029304 -0.239717,
			  -0.427282 -0.041003 -0.238109,
			  -0.427282 -0.033571 -0.238109,
			  -0.427162 -0.04527 -0.239717,
			  -0.427282 -0.041003 -0.238109,
			  -0.426969 -0.045889 -0.242312,
			  -0.427162 -0.04527 -0.239717,
			  -0.392653 -0.029304 -0.238558,
			  -0.392602 -0.028685 -0.241158,
			  -0.392685 -0.033571 -0.236948,
			  -0.392653 -0.029304 -0.238558,
			  -0.392685 -0.041003 -0.236948,
			  -0.392685 -0.033571 -0.236948,
			  -0.392653 -0.04527 -0.238558,
			  -0.392685 -0.041003 -0.236948,
			  -0.392602 -0.045889 -0.241158,
			  -0.392653 -0.04527 -0.238558,
			  -0.341961 -0.029304 -0.238264,
			  -0.341953 -0.028685 -0.240865,
			  -0.341966 -0.033571 -0.236653,
			  -0.341961 -0.029304 -0.238264,
			  -0.341966 -0.041003 -0.236653,
			  -0.341966 -0.033571 -0.236653,
			  -0.341961 -0.04527 -0.238264,
			  -0.341966 -0.041003 -0.236653,
			  -0.341953 -0.045889 -0.240865,
			  -0.341961 -0.04527 -0.238264,
			  -0.270998 -0.029304 -0.238255,
			  -0.270998 -0.028685 -0.240855,
			  -0.270998 -0.033571 -0.236644,
			  -0.270998 -0.029304 -0.238255,
			  -0.270998 -0.041003 -0.236644,
			  -0.270998 -0.033571 -0.236644,
			  -0.270998 -0.04527 -0.238255,
			  -0.270998 -0.041003 -0.236644,
			  -0.270998 -0.045889 -0.240855,
			  -0.270998 -0.04527 -0.238255,
			  -0.183352 -0.029304 -0.238255,
			  -0.183352 -0.028685 -0.240855,
			  -0.183352 -0.033571 -0.236644,
			  -0.183352 -0.029304 -0.238255,
			  -0.183352 -0.041003 -0.236644,
			  -0.183352 -0.033571 -0.236644,
			  -0.183352 -0.04527 -0.238255,
			  -0.183352 -0.041003 -0.236644,
			  -0.183352 -0.045889 -0.240855,
			  -0.183352 -0.04527 -0.238255,
			  -0.089418 -0.029304 -0.238255,
			  -0.089418 -0.028685 -0.240855,
			  -0.089418 -0.033571 -0.236644,
			  -0.089418 -0.029304 -0.238255,
			  -0.089418 -0.041003 -0.236644,
			  -0.089418 -0.033571 -0.236644,
			  -0.089418 -0.04527 -0.238255,
			  -0.089418 -0.041003 -0.236644,
			  -0.089418 -0.045889 -0.240855,
			  -0.089418 -0.04527 -0.238255,
			  0.000162 -0.029304 -0.238255,
			  0.000162 -0.028685 -0.240855,
			  0.000162 -0.033571 -0.236644,
			  0.000162 -0.029304 -0.238255,
			  0.000162 -0.041003 -0.236644,
			  0.000162 -0.033571 -0.236644,
			  0.000162 -0.04527 -0.238255,
			  0.000162 -0.041003 -0.236644,
			  0.000162 -0.045889 -0.240855,
			  0.000162 -0.04527 -0.238255,
			  0.074805 -0.029304 -0.238257,
			  0.074801 -0.028685 -0.240857,
			  0.074808 -0.033571 -0.236646,
			  0.074805 -0.029304 -0.238257,
			  0.074808 -0.041003 -0.236646,
			  0.074808 -0.033571 -0.236646,
			  0.074805 -0.04527 -0.238257,
			  0.074808 -0.041003 -0.236646,
			  0.074801 -0.045889 -0.240857,
			  0.074805 -0.04527 -0.238257,
			  0.128824 -0.029304 -0.238458,
			  0.128785 -0.028685 -0.241058,
			  0.128848 -0.033571 -0.236848,
			  0.128824 -0.029304 -0.238458,
			  0.128848 -0.041003 -0.236848,
			  0.128848 -0.033571 -0.236848,
			  0.128824 -0.04527 -0.238458,
			  0.128848 -0.041003 -0.236848,
			  0.128785 -0.045889 -0.241058,
			  0.128824 -0.04527 -0.238458,
			  0.165468 -0.029304 -0.239415,
			  0.165306 -0.028685 -0.242012,
			  0.165569 -0.033571 -0.237806,
			  0.165468 -0.029304 -0.239415,
			  0.165569 -0.041003 -0.237806,
			  0.165569 -0.033571 -0.237806,
			  0.165468 -0.04527 -0.239415,
			  0.165569 -0.041003 -0.237806,
			  0.165306 -0.045889 -0.242012,
			  0.165468 -0.04527 -0.239415,
			  0.18901 -0.029304 -0.241746,
			  0.188501 -0.028685 -0.244309,
			  0.189325 -0.033571 -0.240158,
			  0.18901 -0.029304 -0.241746,
			  0.189325 -0.041003 -0.240158,
			  0.189325 -0.033571 -0.240158,
			  0.18901 -0.04527 -0.241746,
			  0.189325 -0.041003 -0.240158,
			  0.188501 -0.045889 -0.244309,
			  0.18901 -0.04527 -0.241746,
			  0.213987 -0.045889 -0.263594,
			  0.210772 -0.045889 -0.255099,
			  0.205262 -0.045889 -0.284021,
			  0.21215 -0.045889 -0.273431,
			  0.202507 -0.045889 -0.24854,
			  0.193285 -0.045889 -0.29481,
			  0.188501 -0.045889 -0.244309,
			  0.175826 -0.045889 -0.305601,
			  0.165306 -0.045889 -0.242012,
			  0.152294 -0.045889 -0.316392,
			  0.128785 -0.045889 -0.241058,
			  0.122099 -0.045889 -0.327183,
			  0.074801 -0.045889 -0.240857,
			  0.084678 -0.045889 -0.337964,
			  0.000162 -0.045889 -0.240855,
			  0.040265 -0.045889 -0.348461,
			  -0.010004 -0.045889 -0.240855,
			  -0.010004 -0.045889 -0.358098,
			  -0.089418 -0.045889 -0.240855,
			  -0.064949 -0.045889 -0.366285,
			  -0.183352 -0.045889 -0.240855,
			  -0.123384 -0.045889 -0.37243,
			  -0.183646 -0.045889 -0.240855,
			  -0.183646 -0.045889 -0.376266,
			  -0.270998 -0.045889 -0.240855,
			  -0.242941 -0.045889 -0.378275,
			  -0.341953 -0.045889 -0.240865,
			  -0.298313 -0.045889 -0.379047,
			  -0.346807 -0.045889 -0.240893,
			  -0.346807 -0.045889 -0.379175,
			  -0.392602 -0.045889 -0.241158,
			  -0.386022 -0.045889 -0.379101,
			  -0.426969 -0.045889 -0.242312,
			  -0.41648 -0.045889 -0.37849,
			  -0.449488 -0.045889 -0.244917,
			  -0.439656 -0.045889 -0.37675,
			  -0.464587 -0.045889 -0.249562,
			  -0.457029 -0.045889 -0.37329,
			  -0.475655 -0.045889 -0.256517,
			  -0.470038 -0.045889 -0.367571,
			  -0.483633 -0.045889 -0.2653,
			  -0.479629 -0.045889 -0.359712,
			  -0.489112 -0.045889 -0.275318,
			  -0.486397 -0.045889 -0.350295,
			  -0.492684 -0.045889 -0.285981,
			  -0.490936 -0.045889 -0.33991,
			  -0.494865 -0.045889 -0.296772,
			  -0.493832 -0.045889 -0.329144,
			  -0.495783 -0.045889 -0.307563,
			  -0.495439 -0.045889 -0.318354,
			  0.21215 -0.028685 -0.273431,
			  0.205262 -0.028685 -0.284021,
			  0.210772 -0.028685 -0.255099,
			  0.213987 -0.028685 -0.263594,
			  0.193285 -0.028685 -0.29481,
			  0.202507 -0.028685 -0.24854,
			  0.175826 -0.028685 -0.305601,
			  0.188501 -0.028685 -0.244309,
			  0.152294 -0.028685 -0.316392,
			  0.165306 -0.028685 -0.242012,
			  0.122099 -0.028685 -0.327183,
			  0.128785 -0.028685 -0.241058,
			  0.084678 -0.028685 -0.337964,
			  0.074801 -0.028685 -0.240857,
			  0.040265 -0.028685 -0.348461,
			  0.000162 -0.028685 -0.240855,
			  -0.010004 -0.028685 -0.358098,
			  -0.010004 -0.028685 -0.240855,
			  -0.064949 -0.028685 -0.366285,
			  -0.089418 -0.028685 -0.240855,
			  -0.123384 -0.028685 -0.37243,
			  -0.183352 -0.028685 -0.240855,
			  -0.183646 -0.028685 -0.376266,
			  -0.183646 -0.028685 -0.240855,
			  -0.242941 -0.028685 -0.378275,
			  -0.270998 -0.028685 -0.240855,
			  -0.298313 -0.028685 -0.379047,
			  -0.341953 -0.028685 -0.240865,
			  -0.346807 -0.028685 -0.379175,
			  -0.346807 -0.028685 -0.240893,
			  -0.386022 -0.028685 -0.379101,
			  -0.392602 -0.028685 -0.241158,
			  -0.41648 -0.028685 -0.37849,
			  -0.426969 -0.028685 -0.242312,
			  -0.439656 -0.028685 -0.37675,
			  -0.449488 -0.028685 -0.244917,
			  -0.457029 -0.028685 -0.37329,
			  -0.464587 -0.028685 -0.249562,
			  -0.470038 -0.028685 -0.367571,
			  -0.475655 -0.028685 -0.256517,
			  -0.479629 -0.028685 -0.359712,
			  -0.483633 -0.028685 -0.2653,
			  -0.486397 -0.028685 -0.350295,
			  -0.489112 -0.028685 -0.275318,
			  -0.490936 -0.028685 -0.33991,
			  -0.492684 -0.028685 -0.285981,
			  -0.493832 -0.028685 -0.329144,
			  -0.494865 -0.028685 -0.296772,
			  -0.495439 -0.028685 -0.318354,
			  -0.495783 -0.028685 -0.307563,
			  -0.477164 -0.05019 -0.254446,
			  -0.394585 -0.05019 -0.254446,
			  -0.394585 -0.467386 -0.254446,
			  -0.477164 -0.467386 -0.254446,
			  -0.394585 -0.05019 -0.241027,
			  -0.477164 -0.05019 -0.241027,
			  -0.477164 -0.467386 -0.241027,
			  -0.394585 -0.467386 -0.241027,
			  -0.477852 -0.05019 -0.241716,
			  -0.477852 -0.05019 -0.253758,
			  -0.477852 -0.467386 -0.253758,
			  -0.477852 -0.467386 -0.241716,
			  -0.393897 -0.05019 -0.253758,
			  -0.393897 -0.05019 -0.241716,
			  -0.393897 -0.467386 -0.241716,
			  -0.393897 -0.467386 -0.253758,
			  -0.394098 -0.05019 -0.241229,
			  -0.394098 -0.467386 -0.241229,
			  -0.47765 -0.05019 -0.241229,
			  -0.47765 -0.467386 -0.241229,
			  -0.47765 -0.05019 -0.254245,
			  -0.47765 -0.467386 -0.254245,
			  -0.394098 -0.05019 -0.254245,
			  -0.394098 -0.467386 -0.254245,
			  -0.443857 -0.05019 -0.326496,
			  -0.443857 -0.063987 -0.324487,
			  -0.444476 -0.063397 -0.320651,
			  -0.444476 -0.05019 -0.322574,
			  -0.43959 -0.05019 -0.328926,
			  -0.43959 -0.064352 -0.326863,
			  -0.443857 -0.063987 -0.324487,
			  -0.443857 -0.05019 -0.326496,
			  -0.432158 -0.05019 -0.328926,
			  -0.432158 -0.064352 -0.326863,
			  -0.43959 -0.064352 -0.326863,
			  -0.43959 -0.05019 -0.328926,
			  -0.427892 -0.05019 -0.326496,
			  -0.427892 -0.063987 -0.324487,
			  -0.432158 -0.064352 -0.326863,
			  -0.432158 -0.05019 -0.328926,
			  -0.427272 -0.05019 -0.322574,
			  -0.427272 -0.063397 -0.320651,
			  -0.427892 -0.063987 -0.324487,
			  -0.427892 -0.05019 -0.326496,
			  -0.443857 -0.077697 -0.322271,
			  -0.444476 -0.077024 -0.318448,
			  -0.43959 -0.078114 -0.324639,
			  -0.443857 -0.077697 -0.322271,
			  -0.432158 -0.078114 -0.324639,
			  -0.43959 -0.078114 -0.324639,
			  -0.427892 -0.077697 -0.322271,
			  -0.432158 -0.078114 -0.324639,
			  -0.427272 -0.077024 -0.318448,
			  -0.427892 -0.077697 -0.322271,
			  -0.443857 -0.092285 -0.319486,
			  -0.444476 -0.091487 -0.315687,
			  -0.43959 -0.092778 -0.321839,
			  -0.443857 -0.092285 -0.319486,
			  -0.432158 -0.092778 -0.321839,
			  -0.43959 -0.092778 -0.321839,
			  -0.427892 -0.092285 -0.319486,
			  -0.432158 -0.092778 -0.321839,
			  -0.427272 -0.091487 -0.315687,
			  -0.427892 -0.092285 -0.319486,
			  -0.443857 -0.108152 -0.315852,
			  -0.444476 -0.107196 -0.31209,
			  -0.43959 -0.108744 -0.318183,
			  -0.443857 -0.108152 -0.315852,
			  -0.432158 -0.108744 -0.318183,
			  -0.43959 -0.108744 -0.318183,
			  -0.427892 -0.108152 -0.315852,
			  -0.432158 -0.108744 -0.318183,
			  -0.427272 -0.107196 -0.31209,
			  -0.427892 -0.108152 -0.315852,
			  -0.443857 -0.125065 -0.311129,
			  -0.444476 -0.123886 -0.307429,
			  -0.43959 -0.125795 -0.313421,
			  -0.443857 -0.125065 -0.311129,
			  -0.432158 -0.125795 -0.313421,
			  -0.43959 -0.125795 -0.313421,
			  -0.427892 -0.125065 -0.311129,
			  -0.432158 -0.125795 -0.313421,
			  -0.427272 -0.123886 -0.307429,
			  -0.427892 -0.125065 -0.311129,
			  -0.443857 -0.141768 -0.305137,
			  -0.444476 -0.140249 -0.301558,
			  -0.43959 -0.142708 -0.307353,
			  -0.443857 -0.141768 -0.305137,
			  -0.432158 -0.142708 -0.307353,
			  -0.43959 -0.142708 -0.307353,
			  -0.427892 -0.141768 -0.305137,
			  -0.432158 -0.142708 -0.307353,
			  -0.427272 -0.140249 -0.301558,
			  -0.427892 -0.141768 -0.305137,
			  -0.443857 -0.156927 -0.297661,
			  -0.444476 -0.154892 -0.294338,
			  -0.43959 -0.158188 -0.29972,
			  -0.443857 -0.156927 -0.297661,
			  -0.432158 -0.158188 -0.29972,
			  -0.43959 -0.158188 -0.29972,
			  -0.427892 -0.156927 -0.297661,
			  -0.432158 -0.158188 -0.29972,
			  -0.427272 -0.154892 -0.294338,
			  -0.427892 -0.156927 -0.297661,
			  -0.443857 -0.16918 -0.288524,
			  -0.444476 -0.166533 -0.285656,
			  -0.43959 -0.17082 -0.2903,
			  -0.443857 -0.16918 -0.288524,
			  -0.432158 -0.17082 -0.2903,
			  -0.43959 -0.17082 -0.2903,
			  -0.427892 -0.16918 -0.288524,
			  -0.432158 -0.17082 -0.2903,
			  -0.427272 -0.166533 -0.285656,
			  -0.427892 -0.16918 -0.288524,
			  -0.443857 -0.178379 -0.278049,
			  -0.444476 -0.175258 -0.275721,
			  -0.43959 -0.180312 -0.279491,
			  -0.443857 -0.178379 -0.278049,
			  -0.432158 -0.180312 -0.279491,
			  -0.43959 -0.180312 -0.279491,
			  -0.427892 -0.178379 -0.278049,
			  -0.432158 -0.180312 -0.279491,
			  -0.427272 -0.175258 -0.275721,
			  -0.427892 -0.178379 -0.278049,
			  -0.443857 -0.185401 -0.266877,
			  -0.444476 -0.182028 -0.264949,
			  -0.43959 -0.187489 -0.268072,
			  -0.443857 -0.185401 -0.266877,
			  -0.432158 -0.187489 -0.268072,
			  -0.43959 -0.187489 -0.268072,
			  -0.427892 -0.185401 -0.266877,
			  -0.432158 -0.187489 -0.268072,
			  -0.427272 -0.182028 -0.264949,
			  -0.427892 -0.185401 -0.266877,
			  -0.443857 -0.192192 -0.253758,
			  -0.444476 -0.187822 -0.253758,
			  -0.43959 -0.194899 -0.253758,
			  -0.443857 -0.192192 -0.253758,
			  -0.432158 -0.194899 -0.253758,
			  -0.43959 -0.194899 -0.253758,
			  -0.427892 -0.192192 -0.253758,
			  -0.432158 -0.194899 -0.253758,
			  -0.427272 -0.187822 -0.253758,
			  -0.427892 -0.192192 -0.253758,
			  -0.427272 -0.182028 -0.264949,
			  -0.427272 -0.175258 -0.275721,
			  -0.427272 -0.175258 -0.253758,
			  -0.427272 -0.187822 -0.253758,
			  -0.427272 -0.166533 -0.285656,
			  -0.427272 -0.166533 -0.253758,
			  -0.427272 -0.154892 -0.294338,
			  -0.427272 -0.154892 -0.253758,
			  -0.427272 -0.140249 -0.301558,
			  -0.427272 -0.140249 -0.253758,
			  -0.427272 -0.123886 -0.307429,
			  -0.427272 -0.123886 -0.253758,
			  -0.427272 -0.107196 -0.31209,
			  -0.427272 -0.107196 -0.253758,
			  -0.427272 -0.091487 -0.315687,
			  -0.427272 -0.091487 -0.253758,
			  -0.427272 -0.077024 -0.318448,
			  -0.427272 -0.077024 -0.253758,
			  -0.427272 -0.063397 -0.320651,
			  -0.427272 -0.05019 -0.253758,
			  -0.427272 -0.05019 -0.322574,
			  -0.444476 -0.187822 -0.253758,
			  -0.444476 -0.175258 -0.253758,
			  -0.444476 -0.175258 -0.275721,
			  -0.444476 -0.182028 -0.264949,
			  -0.444476 -0.166533 -0.253758,
			  -0.444476 -0.166533 -0.285656,
			  -0.444476 -0.154892 -0.253758,
			  -0.444476 -0.154892 -0.294338,
			  -0.444476 -0.140249 -0.253758,
			  -0.444476 -0.140249 -0.301558,
			  -0.444476 -0.123886 -0.253758,
			  -0.444476 -0.123886 -0.307429,
			  -0.444476 -0.107196 -0.253758,
			  -0.444476 -0.107196 -0.31209,
			  -0.444476 -0.102329 -0.253758,
			  -0.444476 -0.091487 -0.253758,
			  -0.444476 -0.091487 -0.315687,
			  -0.444476 -0.077024 -0.253758,
			  -0.444476 -0.077024 -0.318448,
			  -0.444476 -0.05019 -0.253758,
			  -0.444476 -0.063397 -0.320651,
			  -0.444476 -0.05019 -0.322574,
			  -0.477164 -0.05019 0.241027,
			  -0.394585 -0.05019 0.241027,
			  -0.394585 -0.467386 0.241027,
			  -0.477164 -0.467386 0.241027,
			  -0.394585 -0.05019 0.254446,
			  -0.477164 -0.05019 0.254446,
			  -0.477164 -0.467386 0.254446,
			  -0.394585 -0.467386 0.254446,
			  -0.477852 -0.05019 0.253758,
			  -0.477852 -0.05019 0.241716,
			  -0.477852 -0.467386 0.241716,
			  -0.477852 -0.467386 0.253758,
			  -0.393897 -0.05019 0.241716,
			  -0.393897 -0.05019 0.253758,
			  -0.393897 -0.467386 0.253758,
			  -0.393897 -0.467386 0.241716,
			  -0.394098 -0.05019 0.254245,
			  -0.394098 -0.467386 0.254245,
			  -0.47765 -0.05019 0.254245,
			  -0.47765 -0.467386 0.254245,
			  -0.47765 -0.05019 0.241229,
			  -0.47765 -0.467386 0.241229,
			  -0.394098 -0.05019 0.241229,
			  -0.394098 -0.467386 0.241229,
			  -0.427892 -0.05019 0.326496,
			  -0.427892 -0.063987 0.324487,
			  -0.427272 -0.063397 0.320651,
			  -0.427272 -0.05019 0.322574,
			  -0.432158 -0.05019 0.328926,
			  -0.432158 -0.064352 0.326863,
			  -0.427892 -0.063987 0.324487,
			  -0.427892 -0.05019 0.326496,
			  -0.43959 -0.05019 0.328926,
			  -0.43959 -0.064352 0.326863,
			  -0.432158 -0.064352 0.326863,
			  -0.432158 -0.05019 0.328926,
			  -0.443857 -0.05019 0.326496,
			  -0.443857 -0.063987 0.324487,
			  -0.43959 -0.064352 0.326863,
			  -0.43959 -0.05019 0.328926,
			  -0.444476 -0.05019 0.322574,
			  -0.444476 -0.063397 0.320651,
			  -0.443857 -0.063987 0.324487,
			  -0.443857 -0.05019 0.326496,
			  -0.427892 -0.077697 0.322271,
			  -0.427272 -0.077024 0.318448,
			  -0.432158 -0.078114 0.324639,
			  -0.427892 -0.077697 0.322271,
			  -0.43959 -0.078114 0.324639,
			  -0.432158 -0.078114 0.324639,
			  -0.443857 -0.077697 0.322271,
			  -0.43959 -0.078114 0.324639,
			  -0.444476 -0.077024 0.318448,
			  -0.443857 -0.077697 0.322271,
			  -0.427892 -0.092285 0.319486,
			  -0.427272 -0.091487 0.315687,
			  -0.432158 -0.092778 0.321839,
			  -0.427892 -0.092285 0.319486,
			  -0.43959 -0.092778 0.321839,
			  -0.432158 -0.092778 0.321839,
			  -0.443857 -0.092285 0.319486,
			  -0.43959 -0.092778 0.321839,
			  -0.444476 -0.091487 0.315687,
			  -0.443857 -0.092285 0.319486,
			  -0.427892 -0.108152 0.315852,
			  -0.427272 -0.107196 0.31209,
			  -0.432158 -0.108744 0.318183,
			  -0.427892 -0.108152 0.315852,
			  -0.43959 -0.108744 0.318183,
			  -0.432158 -0.108744 0.318183,
			  -0.443857 -0.108152 0.315852,
			  -0.43959 -0.108744 0.318183,
			  -0.444476 -0.107196 0.31209,
			  -0.443857 -0.108152 0.315852,
			  -0.427892 -0.125065 0.311129,
			  -0.427272 -0.123886 0.307429,
			  -0.432158 -0.125795 0.313421,
			  -0.427892 -0.125065 0.311129,
			  -0.43959 -0.125795 0.313421,
			  -0.432158 -0.125795 0.313421,
			  -0.443857 -0.125065 0.311129,
			  -0.43959 -0.125795 0.313421,
			  -0.444476 -0.123886 0.307429,
			  -0.443857 -0.125065 0.311129,
			  -0.427892 -0.141768 0.305137,
			  -0.427272 -0.140249 0.301558,
			  -0.432158 -0.142708 0.307353,
			  -0.427892 -0.141768 0.305137,
			  -0.43959 -0.142708 0.307353,
			  -0.432158 -0.142708 0.307353,
			  -0.443857 -0.141768 0.305137,
			  -0.43959 -0.142708 0.307353,
			  -0.444476 -0.140249 0.301558,
			  -0.443857 -0.141768 0.305137,
			  -0.427892 -0.156927 0.297661,
			  -0.427272 -0.154892 0.294338,
			  -0.432158 -0.158188 0.29972,
			  -0.427892 -0.156927 0.297661,
			  -0.43959 -0.158188 0.29972,
			  -0.432158 -0.158188 0.29972,
			  -0.443857 -0.156927 0.297661,
			  -0.43959 -0.158188 0.29972,
			  -0.444476 -0.154892 0.294338,
			  -0.443857 -0.156927 0.297661,
			  -0.427892 -0.16918 0.288524,
			  -0.427272 -0.166533 0.285656,
			  -0.432158 -0.17082 0.2903,
			  -0.427892 -0.16918 0.288524,
			  -0.43959 -0.17082 0.2903,
			  -0.432158 -0.17082 0.2903,
			  -0.443857 -0.16918 0.288524,
			  -0.43959 -0.17082 0.2903,
			  -0.444476 -0.166533 0.285656,
			  -0.443857 -0.16918 0.288524,
			  -0.427892 -0.178379 0.278049,
			  -0.427272 -0.175258 0.275721,
			  -0.432158 -0.180312 0.279491,
			  -0.427892 -0.178379 0.278049,
			  -0.43959 -0.180312 0.279491,
			  -0.432158 -0.180312 0.279491,
			  -0.443857 -0.178379 0.278049,
			  -0.43959 -0.180312 0.279491,
			  -0.444476 -0.175258 0.275721,
			  -0.443857 -0.178379 0.278049,
			  -0.427892 -0.185401 0.266877,
			  -0.427272 -0.182028 0.264949,
			  -0.432158 -0.187489 0.268072,
			  -0.427892 -0.185401 0.266877,
			  -0.43959 -0.187489 0.268072,
			  -0.432158 -0.187489 0.268072,
			  -0.443857 -0.185401 0.266877,
			  -0.43959 -0.187489 0.268072,
			  -0.444476 -0.182028 0.264949,
			  -0.443857 -0.185401 0.266877,
			  -0.427892 -0.192192 0.253758,
			  -0.427272 -0.187822 0.253758,
			  -0.432158 -0.194899 0.253758,
			  -0.427892 -0.192192 0.253758,
			  -0.43959 -0.194899 0.253758,
			  -0.432158 -0.194899 0.253758,
			  -0.443857 -0.192192 0.253758,
			  -0.43959 -0.194899 0.253758,
			  -0.444476 -0.187822 0.253758,
			  -0.443857 -0.192192 0.253758,
			  -0.444476 -0.182028 0.264949,
			  -0.444476 -0.175258 0.275721,
			  -0.444476 -0.175258 0.253758,
			  -0.444476 -0.187822 0.253758,
			  -0.444476 -0.166533 0.285656,
			  -0.444476 -0.166533 0.253758,
			  -0.444476 -0.154892 0.294338,
			  -0.444476 -0.154892 0.253758,
			  -0.444476 -0.140249 0.301558,
			  -0.444476 -0.140249 0.253758,
			  -0.444476 -0.123886 0.307429,
			  -0.444476 -0.123886 0.253758,
			  -0.444476 -0.107196 0.31209,
			  -0.444476 -0.107196 0.253758,
			  -0.444476 -0.091487 0.315687,
			  -0.444476 -0.091487 0.253758,
			  -0.444476 -0.077024 0.318448,
			  -0.444476 -0.077024 0.253758,
			  -0.444476 -0.063397 0.320651,
			  -0.444476 -0.05019 0.253758,
			  -0.444476 -0.05019 0.322574,
			  -0.427272 -0.187822 0.253758,
			  -0.427272 -0.175258 0.253758,
			  -0.427272 -0.175258 0.275721,
			  -0.427272 -0.182028 0.264949,
			  -0.427272 -0.166533 0.253758,
			  -0.427272 -0.166533 0.285656,
			  -0.427272 -0.154892 0.253758,
			  -0.427272 -0.154892 0.294338,
			  -0.427272 -0.140249 0.253758,
			  -0.427272 -0.140249 0.301558,
			  -0.427272 -0.123886 0.253758,
			  -0.427272 -0.123886 0.307429,
			  -0.427272 -0.107196 0.253758,
			  -0.427272 -0.107196 0.31209,
			  -0.427272 -0.102329 0.253758,
			  -0.427272 -0.091487 0.253758,
			  -0.427272 -0.091487 0.315687,
			  -0.427272 -0.077024 0.253758,
			  -0.427272 -0.077024 0.318448,
			  -0.427272 -0.05019 0.253758,
			  -0.427272 -0.063397 0.320651,
			  0.493139 -0.467386 0 ]
    }
    Normal {
	vector	[ 0 0 -1,
			  0 0 -1,
			  0 0 -1,
			  0 0 -1,
			  0 0 1,
			  0 0 1,
			  0 0 1,
			  0 0 1,
			  -0.990268 0.139173 0,
			  -0.990268 0.139173 0,
			  -0.990268 0.139173 0,
			  -0.990268 0.139173 0,
			  0.990268 -0.139173 0,
			  0.990268 -0.139173 0,
			  0.990268 -0.139173 0,
			  0.990268 -0.139173 0,
			  -0.139173 -0.990268 0,
			  -0.139173 -0.990268 0,
			  -0.139173 -0.990268 0,
			  -0.139173 -0.990268 0,
			  0.139173 0.990268 0,
			  0.139173 0.990268 0,
			  0.139173 0.990268 0,
			  0.139173 0.990268 0,
			  0.575582 -0.080893 0.813733,
			  0.575582 -0.080893 0.813733,
			  0.798635 0.601815 0,
			  0.533019 0.56633 0.628619,
			  0.080893 0.575582 0.813733,
			  0.601815 -0.798635 0,
			  0.356268 -0.691311 0.628619,
			  -0.080893 -0.575582 0.813733,
			  -0.575582 0.080893 0.813733,
			  -0.575582 0.080893 0.813733,
			  0.080893 0.575582 0.813733,
			  -0.356268 0.691311 0.628618,
			  -0.601815 0.798635 0,
			  -0.080893 -0.575582 0.813733,
			  -0.533019 -0.56633 0.628619,
			  -0.798635 -0.601815 0,
			  -0.575582 0.080893 -0.813734,
			  -0.575582 0.080893 -0.813734,
			  -0.601815 0.798635 0,
			  -0.356268 0.691311 -0.628619,
			  0.080893 0.575582 -0.813733,
			  -0.798635 -0.601815 0,
			  -0.533018 -0.56633 -0.628619,
			  -0.080893 -0.575582 -0.813733,
			  0.575582 -0.080893 -0.813733,
			  0.575582 -0.080893 -0.813733,
			  0.080893 0.575582 -0.813733,
			  0.533019 0.56633 -0.628619,
			  0.798635 0.601815 0,
			  -0.080893 -0.575582 -0.813733,
			  0.356268 -0.691311 -0.628619,
			  0.601815 -0.798635 0,
			  0 0 -1,
			  0 0 -1,
			  0 0 -1,
			  0 0 -1,
			  0 0 1,
			  0 0 1,
			  0 0 1,
			  0 0 1,
			  -0.97437 0.224951 0,
			  -0.97437 0.224951 0,
			  -0.97437 0.224951 0,
			  -0.97437 0.224951 0,
			  0.97437 -0.224951 0,
			  0.97437 -0.224951 0,
			  0.97437 -0.224951 0,
			  0.97437 -0.224951 0,
			  -0.224951 -0.97437 0,
			  -0.224951 -0.97437 0,
			  -0.224951 -0.97437 0,
			  -0.224951 -0.97437 0,
			  0.224951 0.97437 0,
			  0.224951 0.97437 0,
			  0.224951 0.97437 0,
			  0.224951 0.97437 0,
			  0.566341 -0.13075 0.813734,
			  0.566341 -0.13075 0.813734,
			  0.848048 0.529919 0,
			  0.580349 0.51772 0.628619,
			  0.13075 0.566341 0.813733,
			  0.529919 -0.848048 0,
			  0.294661 -0.719732 0.628619,
			  -0.13075 -0.566341 0.813733,
			  -0.566341 0.13075 0.813733,
			  -0.566341 0.13075 0.813733,
			  0.13075 0.566341 0.813733,
			  -0.294661 0.719732 0.628619,
			  -0.529919 0.848048 0,
			  -0.13075 -0.566341 0.813733,
			  -0.580349 -0.51772 0.628619,
			  -0.848048 -0.529919 0,
			  -0.566341 0.13075 -0.813734,
			  -0.566341 0.13075 -0.813734,
			  -0.529919 0.848048 0,
			  -0.294661 0.719732 -0.628619,
			  0.13075 0.566341 -0.813733,
			  -0.848048 -0.529919 0,
			  -0.580349 -0.51772 -0.628619,
			  -0.13075 -0.566341 -0.813733,
			  0.566341 -0.13075 -0.813733,
			  0.566341 -0.13075 -0.813733,
			  0.13075 0.566341 -0.813733,
			  0.580349 0.51772 -0.628619,
			  0.848048 0.529919 0,
			  -0.13075 -0.566341 -0.813733,
			  0.294661 -0.719732 -0.628619,
			  0.529919 -0.848048 0,
			  0 0 -1,
			  0 0 -1,
			  0 0 -1,
			  0 0 -1,
			  0 0 1,
			  0 0 1,
			  0 0 1,
			  0 0 1,
			  -0.987688 0.156434 0,
			  -0.987688 0.156434 0,
			  -0.987688 0.156434 0,
			  -0.987688 0.156434 0,
			  0.987688 -0.156434 0,
			  0.987688 -0.156434 0,
			  0.987688 -0.156434 0,
			  0.987688 -0.156434 0,
			  -0.156434 -0.987688 0,
			  -0.156434 -0.987688 0,
			  -0.156434 -0.987688 0,
			  -0.156434 -0.987688 0,
			  0.156434 0.987688 0,
			  0.156434 0.987688 0,
			  0.156434 0.987688 0,
			  0.156434 0.987688 0,
			  0.574082 -0.090926 0.813733,
			  0.574082 -0.090926 0.813733,
			  0.809017 0.587785 0,
			  0.542821 0.556942 0.628619,
			  0.090926 0.574082 0.813733,
			  0.587785 -0.809017 0,
			  0.344149 -0.697424 0.628619,
			  -0.090926 -0.574082 0.813733,
			  -0.574082 0.090926 0.813733,
			  -0.574082 0.090926 0.813733,
			  0.090926 0.574082 0.813733,
			  -0.344149 0.697424 0.628619,
			  -0.587785 0.809017 0,
			  -0.090926 -0.574082 0.813733,
			  -0.542821 -0.556942 0.628619,
			  -0.809017 -0.587785 0,
			  -0.574082 0.090926 -0.813734,
			  -0.574082 0.090926 -0.813734,
			  -0.587785 0.809017 0,
			  -0.344149 0.697424 -0.628619,
			  0.090926 0.574082 -0.813733,
			  -0.809017 -0.587785 0,
			  -0.542821 -0.556942 -0.628619,
			  -0.090926 -0.574082 -0.813733,
			  0.574082 -0.090926 -0.813733,
			  0.574082 -0.090926 -0.813733,
			  0.090926 0.574082 -0.813733,
			  0.542821 0.556942 -0.628619,
			  0.809017 0.587785 0,
			  -0.090926 -0.574082 -0.813733,
			  0.344149 -0.697424 -0.628619,
			  0.587785 -0.809017 0,
			  0 0 -1,
			  0 0 -1,
			  0 0 -1,
			  0 0 -1,
			  0 0 1,
			  0 0 1,
			  0 0 1,
			  0 0 1,
			  -0.996195 0.087156 0,
			  -0.996195 0.087156 0,
			  -0.996195 0.087156 0,
			  -0.996195 0.087156 0,
			  0.996195 -0.087156 0,
			  0.996195 -0.087156 0,
			  0.996195 -0.087156 0,
			  0.996195 -0.087156 0,
			  -0.087156 -0.996195 0,
			  -0.087156 -0.996195 0,
			  -0.087156 -0.996195 0,
			  -0.087156 -0.996195 0,
			  0.087156 0.996195 0,
			  0.087156 0.996195 0,
			  0.087156 0.996195 0,
			  0.087156 0.996195 0,
			  0.579026 -0.050658 0.813734,
			  0.579026 -0.050658 0.813734,
			  0.766044 0.642788 0,
			  0.502649 0.59345 0.628619,
			  0.050658 0.579026 0.813733,
			  0.642788 -0.766044 0,
			  0.391961 -0.671718 0.628619,
			  -0.050658 -0.579026 0.813733,
			  -0.579027 0.050658 0.813733,
			  -0.579027 0.050658 0.813733,
			  0.050658 0.579026 0.813733,
			  -0.391961 0.671718 0.628619,
			  -0.642788 0.766044 0,
			  -0.050658 -0.579026 0.813733,
			  -0.502649 -0.59345 0.628619,
			  -0.766044 -0.642788 0,
			  -0.579026 0.050658 -0.813734,
			  -0.579026 0.050658 -0.813734,
			  -0.642788 0.766044 0,
			  -0.391961 0.671718 -0.628619,
			  0.050658 0.579026 -0.813733,
			  -0.766044 -0.642788 0,
			  -0.502649 -0.59345 -0.628619,
			  -0.050658 -0.579026 -0.813733,
			  0.579026 -0.050658 -0.813733,
			  0.579026 -0.050658 -0.813733,
			  0.050658 0.579026 -0.813733,
			  0.502649 0.59345 -0.628619,
			  0.766044 0.642788 0,
			  -0.050658 -0.579026 -0.813733,
			  0.391961 -0.671718 -0.628619,
			  0.642788 -0.766044 0,
			  0 0 -1,
			  0 0 -1,
			  0 0 -1,
			  0 0 -1,
			  0 0 1,
			  0 0 1,
			  0 0 1,
			  0 0 1,
			  -0.997564 0.069756 0,
			  -0.997564 0.069756 0,
			  -0.997564 0.069756 0,
			  -0.997564 0.069756 0,
			  0.997564 -0.069756 0,
			  0.997564 -0.069756 0,
			  0.997564 -0.069756 0,
			  0.997564 -0.069756 0,
			  -0.069756 -0.997564 0,
			  -0.069756 -0.997564 0,
			  -0.069756 -0.997564 0,
			  -0.069756 -0.997564 0,
			  0.069756 0.997564 0,
			  0.069756 0.997564 0,
			  0.069756 0.997564 0,
			  0.069756 0.997564 0,
			  0.579822 -0.040545 0.813734,
			  0.579822 -0.040545 0.813734,
			  0.75471 0.656059 0,
			  0.492215 0.602132 0.628619,
			  0.040545 0.579822 0.813733,
			  0.656059 -0.75471 0,
			  0.403624 -0.664775 0.628619,
			  -0.040545 -0.579822 0.813733,
			  -0.579822 0.040545 0.813733,
			  -0.579822 0.040545 0.813733,
			  0.040545 0.579822 0.813733,
			  -0.403624 0.664775 0.628619,
			  -0.656059 0.75471 0,
			  -0.040545 -0.579822 0.813733,
			  -0.492215 -0.602132 0.628619,
			  -0.75471 -0.656059 0,
			  -0.579822 0.040545 -0.813734,
			  -0.579822 0.040545 -0.813734,
			  -0.656059 0.75471 0,
			  -0.403624 0.664775 -0.628619,
			  0.040545 0.579822 -0.813733,
			  -0.75471 -0.656059 0,
			  -0.492215 -0.602132 -0.628619,
			  -0.040545 -0.579822 -0.813733,
			  0.579822 -0.040545 -0.813733,
			  0.579822 -0.040545 -0.813733,
			  0.040545 0.579822 -0.813733,
			  0.492215 0.602132 -0.628619,
			  0.75471 0.656059 0,
			  -0.040545 -0.579822 -0.813733,
			  0.403624 -0.664775 -0.628619,
			  0.656059 -0.75471 0,
			  0.165149 -0.148748 0.974987,
			  0.203668 0.088991 0.974987,
			  0.203668 0.088991 0.974987,
			  0.165149 -0.148748 0.974987,
			  0.691218 -0.622575 0.366902,
			  0.852439 0.372466 0.366902,
			  0.852439 0.372466 0.366902,
			  0.691218 -0.622575 0.366902,
			  0.743038 -0.669249 0,
			  0.916345 0.40039 0,
			  0.916345 0.40039 0,
			  0.743038 -0.669249 0,
			  0.691218 -0.622575 -0.366902,
			  0.852439 0.372466 -0.366902,
			  0.852439 0.372466 -0.366902,
			  0.691218 -0.622575 -0.366902,
			  0.165148 -0.148748 -0.974987,
			  0.203668 0.088991 -0.974987,
			  0.203668 0.088991 -0.974987,
			  0.165148 -0.148748 -0.974987,
			  0.180778 0.129304 0.974987,
			  0.180778 0.129304 0.974987,
			  0.756633 0.541193 0.366902,
			  0.756633 0.541193 0.366902,
			  0.813357 0.581765 0,
			  0.813357 0.581765 0,
			  0.756633 0.541193 -0.366902,
			  0.756633 0.541193 -0.366902,
			  0.180777 0.129304 -0.974987,
			  0.180778 0.129304 -0.974987,
			  0.135084 0.176501 0.974987,
			  0.135084 0.176501 0.974987,
			  0.565382 0.738732 0.366902,
			  0.565382 0.738732 0.366902,
			  0.607769 0.794114 0,
			  0.607769 0.794114 0,
			  0.565382 0.738732 -0.366902,
			  0.565382 0.738732 -0.366902,
			  0.135083 0.176501 -0.974987,
			  0.135083 0.176501 -0.974987,
			  0.088619 0.203831 0.974987,
			  0.088619 0.203831 0.974987,
			  0.370908 0.853118 0.366902,
			  0.370908 0.853118 0.366902,
			  0.398714 0.917075 0,
			  0.398714 0.917075 0,
			  0.370908 0.853118 -0.366902,
			  0.370908 0.853118 -0.366902,
			  0.088619 0.20383 -0.974987,
			  0.088619 0.20383 -0.974987,
			  0.067044 0.211909 0.974987,
			  0.067044 0.211909 0.974987,
			  0.280606 0.886929 0.366902,
			  0.280606 0.886929 0.366902,
			  0.301643 0.953421 0,
			  0.301643 0.953421 0,
			  0.280606 0.886929 -0.366902,
			  0.280606 0.886929 -0.366902,
			  0.067044 0.211908 -0.974987,
			  0.067044 0.211908 -0.974987,
			  0.064763 0.212617 0.974987,
			  0.064763 0.212617 0.974987,
			  0.27106 0.889893 0.366902,
			  0.27106 0.889893 0.366902,
			  0.291381 0.956607 0,
			  0.291381 0.956607 0,
			  0.27106 0.889893 -0.366902,
			  0.27106 0.889893 -0.366902,
			  0.064763 0.212616 -0.974987,
			  0.064763 0.212616 -0.974987,
			  0.067976 0.211612 0.974987,
			  0.067976 0.211612 0.974987,
			  0.284507 0.885685 0.366902,
			  0.284507 0.885685 0.366902,
			  0.305836 0.952084 0,
			  0.305836 0.952084 0,
			  0.284507 0.885686 -0.366902,
			  0.284507 0.885685 -0.366902,
			  0.067975 0.211611 -0.974987,
			  0.067975 0.211611 -0.974987,
			  0.069225 0.211206 0.974987,
			  0.069225 0.211206 0.974987,
			  0.289738 0.883988 0.366902,
			  0.289738 0.883988 0.366902,
			  0.311459 0.95026 0,
			  0.311459 0.95026 0,
			  0.289738 0.883988 -0.366902,
			  0.289738 0.883988 -0.366902,
			  0.069225 0.211206 -0.974987,
			  0.069225 0.211206 -0.974987,
			  0.066694 0.212019 0.974987,
			  0.066694 0.212019 0.974987,
			  0.279143 0.887391 0.366902,
			  0.279143 0.887391 0.366902,
			  0.30007 0.953917 0,
			  0.30007 0.953917 0,
			  0.279143 0.887391 -0.366902,
			  0.279143 0.887391 -0.366902,
			  0.066694 0.212019 -0.974987,
			  0.066694 0.212019 -0.974987,
			  0.056307 0.215011 0.974987,
			  0.056307 0.215011 0.974987,
			  0.23567 0.899912 0.366902,
			  0.23567 0.899912 0.366902,
			  0.253338 0.967378 0,
			  0.253338 0.967378 0,
			  0.23567 0.899912 -0.366902,
			  0.23567 0.899912 -0.366902,
			  0.056307 0.21501 -0.974987,
			  0.056307 0.21501 -0.974987,
			  0.035966 0.219332 0.974987,
			  0.035966 0.219332 0.974987,
			  0.150535 0.917999 0.366902,
			  0.150535 0.917999 0.366902,
			  0.16182 0.98682 0,
			  0.16182 0.98682 0,
			  0.150535 0.917999 -0.366902,
			  0.150535 0.917999 -0.366902,
			  0.035966 0.219332 -0.974987,
			  0.035966 0.219332 -0.974987,
			  0.018057 0.221527 0.974987,
			  0.018057 0.221527 0.974987,
			  0.075575 0.927185 0.366902,
			  0.075575 0.927185 0.366902,
			  0.08124 0.996695 0,
			  0.08124 0.996695 0,
			  0.075575 0.927185 -0.366902,
			  0.075575 0.927185 -0.366902,
			  0.018057 0.221526 -0.974987,
			  0.018057 0.221526 -0.974987,
			  0.013487 0.221852 0.974987,
			  0.013487 0.221852 0.974987,
			  0.056449 0.928545 0.366902,
			  0.056449 0.928545 0.366902,
			  0.060681 0.998157 0,
			  0.060681 0.998157 0,
			  0.056449 0.928545 -0.366902,
			  0.056449 0.928545 -0.366902,
			  0.013487 0.221851 -0.974987,
			  0.013487 0.221851 -0.974987,
			  0.018242 0.221512 0.974987,
			  0.018242 0.221512 0.974987,
			  0.076353 0.927121 0.366902,
			  0.076353 0.927121 0.366902,
			  0.082077 0.996626 0,
			  0.082077 0.996626 0,
			  0.076353 0.927121 -0.366902,
			  0.076353 0.927121 -0.366902,
			  0.018242 0.221511 -0.974987,
			  0.018242 0.221511 -0.974987,
			  0.02826 0.220458 0.974987,
			  0.02826 0.220458 0.974987,
			  0.118278 0.92271 0.366902,
			  0.118278 0.92271 0.366902,
			  0.127146 0.991884 0,
			  0.127146 0.991884 0,
			  0.118278 0.92271 -0.366902,
			  0.118278 0.92271 -0.366902,
			  0.02826 0.220457 -0.974987,
			  0.02826 0.220457 -0.974987,
			  0.040811 0.218483 0.974987,
			  0.040811 0.218483 0.974987,
			  0.170813 0.914443 0.366902,
			  0.170813 0.914443 0.366902,
			  0.183619 0.982997 0,
			  0.183619 0.982997 0,
			  0.170814 0.914443 -0.366902,
			  0.170814 0.914443 -0.366902,
			  0.040811 0.218482 -0.974987,
			  0.040811 0.218482 -0.974987,
			  0.049479 0.216684 0.974987,
			  0.049479 0.216684 0.974987,
			  0.207091 0.906916 0.366902,
			  0.207091 0.906916 0.366902,
			  0.222616 0.974906 0,
			  0.222616 0.974906 0,
			  0.207091 0.906916 -0.366902,
			  0.207091 0.906916 -0.366902,
			  0.049479 0.216684 -0.974987,
			  0.049479 0.216684 -0.974987,
			  0.048507 0.216904 0.974987,
			  0.048507 0.216904 0.974987,
			  0.203021 0.907835 0.366902,
			  0.203021 0.907835 0.366902,
			  0.218241 0.975895 0,
			  0.218241 0.975895 0,
			  0.203021 0.907835 -0.366902,
			  0.203021 0.907835 -0.366902,
			  0.048507 0.216903 -0.974987,
			  0.048507 0.216903 -0.974987,
			  0.029877 0.220244 0.974987,
			  0.029877 0.220244 0.974987,
			  0.12505 0.921816 0.366902,
			  0.12505 0.921816 0.366902,
			  0.134424 0.990924 0,
			  0.134424 0.990924 0,
			  0.12505 0.921816 -0.366902,
			  0.12505 0.921816 -0.366902,
			  0.029877 0.220244 -0.974987,
			  0.029877 0.220244 -0.974987,
			  -0.022247 0.221145 0.974987,
			  -0.022247 0.221145 0.974987,
			  -0.093113 0.925588 0.366902,
			  -0.093113 0.925588 0.366902,
			  -0.100094 0.994978 0,
			  -0.100094 0.994978 0,
			  -0.093113 0.925588 -0.366902,
			  -0.093113 0.925588 -0.366902,
			  -0.022247 0.221145 -0.974987,
			  -0.022247 0.221145 -0.974987,
			  -0.114848 0.190289 0.974987,
			  -0.114848 0.190289 0.974987,
			  -0.48069 0.796442 0.366902,
			  -0.48069 0.796442 0.366902,
			  -0.516727 0.85615 0,
			  -0.516727 0.85615 0,
			  -0.48069 0.796442 -0.366902,
			  -0.48069 0.796442 -0.366902,
			  -0.114848 0.190289 -0.974987,
			  -0.114848 0.190289 -0.974987,
			  -0.186728 0.120552 0.974987,
			  -0.186728 0.120552 0.974987,
			  -0.781538 0.50456 0.366902,
			  -0.781538 0.50456 0.366903,
			  -0.840129 0.542386 0,
			  -0.840129 0.542386 0,
			  -0.781538 0.50456 -0.366902,
			  -0.781538 0.50456 -0.366902,
			  -0.186728 0.120551 -0.974987,
			  -0.186728 0.120551 -0.974987,
			  -0.215799 0.053206 0.974987,
			  -0.215799 0.053206 0.974987,
			  -0.903212 0.22269 0.366902,
			  -0.903212 0.22269 0.366902,
			  -0.970925 0.239385 0,
			  -0.970925 0.239385 0,
			  -0.903212 0.22269 -0.366902,
			  -0.903212 0.22269 -0.366902,
			  -0.215799 0.053206 -0.974987,
			  -0.215799 0.053206 -0.974987,
			  -0.22176 -0.014924 0.974987,
			  -0.22176 -0.014924 0.974987,
			  -0.92816 -0.062465 0.366902,
			  -0.92816 -0.062465 0.366902,
			  -0.997743 -0.067148 0,
			  -0.997743 -0.067148 0,
			  -0.92816 -0.062465 -0.366902,
			  -0.92816 -0.062465 -0.366902,
			  -0.221759 -0.014924 -0.974987,
			  -0.221759 -0.014924 -0.974987,
			  -0.205695 -0.084201 0.974987,
			  -0.205695 -0.084201 0.974987,
			  -0.860921 -0.352416 0.366902,
			  -0.860921 -0.352416 0.366902,
			  -0.925463 -0.378837 0,
			  -0.925463 -0.378837 0,
			  -0.860921 -0.352416 -0.366902,
			  -0.860921 -0.352416 -0.366902,
			  -0.205694 -0.084201 -0.974987,
			  -0.205694 -0.084201 -0.974987,
			  -0.159682 -0.154602 0.974987,
			  -0.159682 -0.154602 0.974987,
			  -0.668338 -0.647075 0.366902,
			  -0.668338 -0.647075 0.366902,
			  -0.718443 -0.695586 0,
			  -0.718443 -0.695586 0,
			  -0.668338 -0.647075 -0.366902,
			  -0.668338 -0.647075 -0.366902,
			  -0.159682 -0.154602 -0.974987,
			  -0.159682 -0.154602 -0.974987,
			  -0.100403 -0.198291 0.974987,
			  -0.100403 -0.198291 0.974987,
			  -0.42023 -0.829933 0.366902,
			  -0.42023 -0.829933 0.366902,
			  -0.451734 -0.892153 0,
			  -0.451734 -0.892153 0,
			  -0.42023 -0.829933 -0.366902,
			  -0.42023 -0.829933 -0.366902,
			  -0.100403 -0.198291 -0.974987,
			  -0.100403 -0.198291 -0.974987,
			  -0.064981 -0.21255 0.974987,
			  -0.064981 -0.21255 0.974987,
			  -0.271972 -0.889614 0.366902,
			  -0.271972 -0.889614 0.366902,
			  -0.292362 -0.956308 0,
			  -0.292362 -0.956308 0,
			  -0.271973 -0.889614 -0.366902,
			  -0.271973 -0.889614 -0.366902,
			  -0.064981 -0.21255 -0.974987,
			  -0.064981 -0.21255 -0.974987,
			  -0.048351 -0.216939 0.974987,
			  -0.048351 -0.216939 0.974987,
			  -0.202369 -0.907981 0.366902,
			  -0.202369 -0.907981 0.366903,
			  -0.21754 -0.976051 0,
			  -0.21754 -0.976051 0,
			  -0.202369 -0.907981 -0.366902,
			  -0.202369 -0.907981 -0.366902,
			  -0.048351 -0.216938 -0.974987,
			  -0.048351 -0.216938 -0.974987,
			  -0.039498 -0.218724 0.974987,
			  -0.039498 -0.218724 0.974987,
			  -0.165316 -0.915453 0.366902,
			  -0.165316 -0.915452 0.366903,
			  -0.177709 -0.984083 0,
			  -0.177709 -0.984083 0,
			  -0.165316 -0.915453 -0.366902,
			  -0.165316 -0.915453 -0.366902,
			  -0.039498 -0.218723 -0.974987,
			  -0.039498 -0.218723 -0.974987,
			  -0.032666 -0.219848 0.974987,
			  -0.032666 -0.219848 0.974987,
			  -0.13672 -0.920158 0.366902,
			  -0.13672 -0.920158 0.366902,
			  -0.14697 -0.989141 0,
			  -0.14697 -0.989141 0,
			  -0.13672 -0.920158 -0.366902,
			  -0.13672 -0.920158 -0.366902,
			  -0.032666 -0.219848 -0.974987,
			  -0.032666 -0.219848 -0.974987,
			  -0.026741 -0.220647 0.974987,
			  -0.026741 -0.220647 0.974987,
			  -0.111921 -0.923502 0.366902,
			  -0.111921 -0.923502 0.366903,
			  -0.120312 -0.992736 0,
			  -0.120312 -0.992736 0,
			  -0.111921 -0.923502 -0.366902,
			  -0.111921 -0.923502 -0.366902,
			  -0.026741 -0.220647 -0.974987,
			  -0.026741 -0.220647 -0.974987,
			  -0.022449 -0.221125 0.974987,
			  -0.022449 -0.221125 0.974987,
			  -0.093957 -0.925502 0.366902,
			  -0.093957 -0.925502 0.366902,
			  -0.101001 -0.994886 0,
			  -0.101001 -0.994886 0,
			  -0.093957 -0.925502 -0.366902,
			  -0.093957 -0.925502 -0.366902,
			  -0.022449 -0.221125 -0.974987,
			  -0.022449 -0.221125 -0.974987,
			  -0.020231 -0.221339 0.974987,
			  -0.020231 -0.221339 0.974987,
			  -0.084676 -0.926398 0.366902,
			  -0.084676 -0.926398 0.366903,
			  -0.091024 -0.995849 0,
			  -0.091024 -0.995849 0,
			  -0.084676 -0.926398 -0.366902,
			  -0.084676 -0.926398 -0.366902,
			  -0.020231 -0.221338 -0.974987,
			  -0.020231 -0.221338 -0.974987,
			  -0.023238 -0.221043 0.974987,
			  -0.023238 -0.221043 0.974987,
			  -0.097263 -0.925161 0.366902,
			  -0.097263 -0.925161 0.366903,
			  -0.104554 -0.994519 0,
			  -0.104554 -0.994519 0,
			  -0.097263 -0.925161 -0.366902,
			  -0.097263 -0.925161 -0.366902,
			  -0.023238 -0.221043 -0.974987,
			  -0.023238 -0.221043 -0.974987,
			  -0.037871 -0.219011 0.974987,
			  -0.037871 -0.219011 0.974987,
			  -0.158507 -0.916656 0.366902,
			  -0.158507 -0.916656 0.366903,
			  -0.170391 -0.985377 0,
			  -0.170391 -0.985377 0,
			  -0.158508 -0.916656 -0.366902,
			  -0.158508 -0.916656 -0.366902,
			  -0.037871 -0.219011 -0.974987,
			  -0.037871 -0.219011 -0.974987,
			  -0.058995 -0.214289 0.974987,
			  -0.058995 -0.214289 0.974987,
			  -0.24692 -0.896891 0.366902,
			  -0.24692 -0.896891 0.366902,
			  -0.265431 -0.96413 0,
			  -0.265431 -0.96413 0,
			  -0.24692 -0.896891 -0.366902,
			  -0.24692 -0.896891 -0.366902,
			  -0.058995 -0.214289 -0.974987,
			  -0.058995 -0.214289 -0.974987,
			  -0.07272 -0.210029 0.974987,
			  -0.07272 -0.210029 0.974987,
			  -0.304363 -0.879059 0.366902,
			  -0.304363 -0.879059 0.366903,
			  -0.327181 -0.944962 0,
			  -0.327181 -0.944962 0,
			  -0.304364 -0.879059 -0.366902,
			  -0.304364 -0.879059 -0.366902,
			  -0.07272 -0.210028 -0.974987,
			  -0.07272 -0.210028 -0.974987,
			  -0.076606 -0.208642 0.974987,
			  -0.076606 -0.208643 0.974987,
			  -0.320629 -0.873258 0.366902,
			  -0.320629 -0.873258 0.366903,
			  -0.344667 -0.938725 0,
			  -0.344667 -0.938725 0,
			  -0.320629 -0.873258 -0.366902,
			  -0.320629 -0.873258 -0.366902,
			  -0.076606 -0.208642 -0.974987,
			  -0.076606 -0.208642 -0.974987,
			  -0.074731 -0.209322 0.974987,
			  -0.074731 -0.209322 0.974987,
			  -0.31278 -0.8761 0.366902,
			  -0.31278 -0.8761 0.366902,
			  -0.336229 -0.94178 0,
			  -0.336229 -0.94178 0,
			  -0.31278 -0.8761 -0.366902,
			  -0.31278 -0.8761 -0.366902,
			  -0.074731 -0.209321 -0.974987,
			  -0.074731 -0.209321 -0.974987,
			  -0.068944 -0.211298 0.974987,
			  -0.068944 -0.211298 0.974987,
			  -0.288559 -0.884373 0.366902,
			  -0.288559 -0.884373 0.366902,
			  -0.310192 -0.950674 0,
			  -0.310192 -0.950674 0,
			  -0.288559 -0.884373 -0.366902,
			  -0.288559 -0.884373 -0.366902,
			  -0.068944 -0.211298 -0.974987,
			  -0.068944 -0.211298 -0.974987,
			  -0.062061 -0.213421 0.974987,
			  -0.062061 -0.213421 0.974987,
			  -0.259752 -0.893259 0.366902,
			  -0.259752 -0.893259 0.366903,
			  -0.279226 -0.960225 0,
			  -0.279226 -0.960225 0,
			  -0.259752 -0.893259 -0.366902,
			  -0.259752 -0.893259 -0.366902,
			  -0.062061 -0.213421 -0.974987,
			  -0.062061 -0.213421 -0.974987,
			  -0.056909 -0.214853 0.974987,
			  -0.056909 -0.214853 0.974987,
			  -0.238187 -0.89925 0.366902,
			  -0.238187 -0.899249 0.366902,
			  -0.256043 -0.966665 0,
			  -0.256043 -0.966665 0,
			  -0.238187 -0.89925 -0.366902,
			  -0.238187 -0.89925 -0.366902,
			  -0.056908 -0.214852 -0.974987,
			  -0.056909 -0.214852 -0.974987,
			  -0.054198 -0.215552 0.974987,
			  -0.054198 -0.215552 0.974987,
			  -0.226842 -0.902178 0.366902,
			  -0.226842 -0.902178 0.366903,
			  -0.243848 -0.969813 0,
			  -0.243848 -0.969813 0,
			  -0.226842 -0.902178 -0.366902,
			  -0.226842 -0.902178 -0.366902,
			  -0.054198 -0.215552 -0.974987,
			  -0.054198 -0.215552 -0.974987,
			  -0.053031 -0.215842 0.974987,
			  -0.053031 -0.215842 0.974987,
			  -0.221955 -0.903393 0.366902,
			  -0.221955 -0.903393 0.366902,
			  -0.238595 -0.971119 0,
			  -0.238595 -0.971119 0,
			  -0.221956 -0.903393 -0.366902,
			  -0.221956 -0.903393 -0.366902,
			  -0.05303 -0.215842 -0.974987,
			  -0.05303 -0.215842 -0.974987,
			  -0.052343 -0.21601 0.974987,
			  -0.052343 -0.21601 0.974987,
			  -0.219076 -0.904095 0.366902,
			  -0.219076 -0.904095 0.366902,
			  -0.2355 -0.971874 0,
			  -0.2355 -0.971874 0,
			  -0.219076 -0.904095 -0.366902,
			  -0.219076 -0.904095 -0.366902,
			  -0.052342 -0.21601 -0.974987,
			  -0.052342 -0.21601 -0.974987,
			  0 0 -1,
			  0 0 -1,
			  0 0 -1,
			  0 0 -1,
			  0 0 -1,
			  0 0 -1,
			  0 0 -1,
			  0 0 -1,
			  0 0 -1,
			  0 0 -1,
			  0 0 -1,
			  0 0 -1,
			  0 0 -1,
			  0 0 -1,
			  0 0 -1,
			  0 0 -1,
			  0 0 -1,
			  0 0 -1,
			  0 0 -1,
			  0 0 -1,
			  0 0 -1,
			  0 0 -1,
			  0 0 -1,
			  0 0 -1,
			  0 0 -1,
			  0 0 -1,
			  0 0 -1,
			  0 0 -1,
			  0 0 -1,
			  0 0 -1,
			  0 0 -1,
			  0 0 -1,
			  0 0 -1,
			  0 0 -1,
			  0 0 -1,
			  0 0 -1,
			  0 0 -1,
			  0 0 -1,
			  0 0 -1,
			  0 0 -1,
			  0 0 -1,
			  0 0 -1,
			  0 0 -1,
			  0 0 -1,
			  0 0 -1,
			  0 0 -1,
			  0 0 -1,
			  0 0 -1,
			  0 0 -1,
			  0 0 -1,
			  0 0 -1,
			  0 0 -1,
			  0 0 -1,
			  0 0 -1,
			  0 0 -1,
			  0 0 -1,
			  0 0 -1,
			  0 0 -1,
			  0 0 -1,
			  0 0 -1,
			  0 0 1,
			  0 0 1,
			  0 0 1,
			  0 0 1,
			  0 0 1,
			  0 0 1,
			  0 0 1,
			  0 0 1,
			  0 0 1,
			  0 0 1,
			  0 0 1,
			  0 0 1,
			  0 0 1,
			  0 0 1,
			  0 0 1,
			  0 0 1,
			  0 0 1,
			  0 0 1,
			  0 0 1,
			  0 0 1,
			  0 0 1,
			  0 0 1,
			  0 0 1,
			  0 0 1,
			  0 0 1,
			  0 0 1,
			  0 0 1,
			  0 0 1,
			  0 0 1,
			  0 0 1,
			  0 0 1,
			  0 0 1,
			  0 0 1,
			  0 0 1,
			  0 0 1,
			  0 0 1,
			  0 0 1,
			  0 0 1,
			  0 0 1,
			  0 0 1,
			  0 0 1,
			  0 0 1,
			  0 0 1,
			  0 0 1,
			  0 0 1,
			  0 0 1,
			  0 0 1,
			  0 0 1,
			  0 0 1,
			  0 0 1,
			  0 0 1,
			  0 0 1,
			  0 0 1,
			  0 0 1,
			  0 0 1,
			  0 0 1,
			  0 0 1,
			  0 0 1,
			  0 0 1,
			  0 0 1,
			  0.165149 -0.148748 0.974987,
			  0.203668 0.088991 0.974987,
			  0.203668 0.088991 0.974987,
			  0.165149 -0.148748 0.974987,
			  0.691218 -0.622575 0.366902,
			  0.852439 0.372466 0.366902,
			  0.852439 0.372466 0.366902,
			  0.691218 -0.622575 0.366902,
			  0.743038 -0.669249 0,
			  0.916345 0.40039 0,
			  0.916345 0.40039 0,
			  0.743038 -0.669249 0,
			  0.691218 -0.622575 -0.366902,
			  0.852439 0.372466 -0.366902,
			  0.852439 0.372466 -0.366902,
			  0.691218 -0.622575 -0.366902,
			  0.165148 -0.148748 -0.974987,
			  0.203668 0.088991 -0.974987,
			  0.203668 0.088991 -0.974987,
			  0.165148 -0.148748 -0.974987,
			  0.180778 0.129304 0.974987,
			  0.180778 0.129304 0.974987,
			  0.756633 0.541193 0.366902,
			  0.756633 0.541193 0.366902,
			  0.813357 0.581765 0,
			  0.813357 0.581765 0,
			  0.756633 0.541193 -0.366902,
			  0.756633 0.541193 -0.366902,
			  0.180777 0.129304 -0.974987,
			  0.180778 0.129304 -0.974987,
			  0.135084 0.176501 0.974987,
			  0.135084 0.176501 0.974987,
			  0.565382 0.738732 0.366902,
			  0.565382 0.738732 0.366902,
			  0.607769 0.794114 0,
			  0.607769 0.794114 0,
			  0.565382 0.738732 -0.366902,
			  0.565382 0.738732 -0.366902,
			  0.135083 0.176501 -0.974987,
			  0.135083 0.176501 -0.974987,
			  0.088619 0.203831 0.974987,
			  0.088619 0.203831 0.974987,
			  0.370908 0.853118 0.366902,
			  0.370908 0.853118 0.366902,
			  0.398714 0.917075 0,
			  0.398714 0.917075 0,
			  0.370908 0.853118 -0.366902,
			  0.370908 0.853118 -0.366902,
			  0.088619 0.20383 -0.974987,
			  0.088619 0.20383 -0.974987,
			  0.067044 0.211909 0.974987,
			  0.067044 0.211909 0.974987,
			  0.280606 0.886929 0.366902,
			  0.280606 0.886929 0.366902,
			  0.301643 0.953421 0,
			  0.301643 0.953421 0,
			  0.280606 0.886929 -0.366902,
			  0.280606 0.886929 -0.366902,
			  0.067044 0.211908 -0.974987,
			  0.067044 0.211908 -0.974987,
			  0.064763 0.212617 0.974987,
			  0.064763 0.212617 0.974987,
			  0.27106 0.889893 0.366902,
			  0.27106 0.889893 0.366902,
			  0.291381 0.956607 0,
			  0.291381 0.956607 0,
			  0.27106 0.889893 -0.366902,
			  0.27106 0.889893 -0.366902,
			  0.064763 0.212616 -0.974987,
			  0.064763 0.212616 -0.974987,
			  0.067976 0.211612 0.974987,
			  0.067976 0.211612 0.974987,
			  0.284507 0.885685 0.366902,
			  0.284507 0.885685 0.366902,
			  0.305836 0.952084 0,
			  0.305836 0.952084 0,
			  0.284507 0.885686 -0.366902,
			  0.284507 0.885685 -0.366902,
			  0.067975 0.211611 -0.974987,
			  0.067975 0.211611 -0.974987,
			  0.069225 0.211206 0.974987,
			  0.069225 0.211206 0.974987,
			  0.289738 0.883988 0.366902,
			  0.289738 0.883988 0.366902,
			  0.311459 0.95026 0,
			  0.311459 0.95026 0,
			  0.289738 0.883988 -0.366902,
			  0.289738 0.883988 -0.366902,
			  0.069225 0.211206 -0.974987,
			  0.069225 0.211206 -0.974987,
			  0.066694 0.212019 0.974987,
			  0.066694 0.212019 0.974987,
			  0.279143 0.887391 0.366902,
			  0.279143 0.887391 0.366902,
			  0.30007 0.953917 0,
			  0.30007 0.953917 0,
			  0.279143 0.887391 -0.366902,
			  0.279143 0.887391 -0.366902,
			  0.066694 0.212019 -0.974987,
			  0.066694 0.212019 -0.974987,
			  0.056307 0.215011 0.974987,
			  0.056307 0.215011 0.974987,
			  0.23567 0.899912 0.366902,
			  0.23567 0.899912 0.366902,
			  0.253338 0.967378 0,
			  0.253338 0.967378 0,
			  0.23567 0.899912 -0.366902,
			  0.23567 0.899912 -0.366902,
			  0.056307 0.21501 -0.974987,
			  0.056307 0.21501 -0.974987,
			  0.035966 0.219332 0.974987,
			  0.035966 0.219332 0.974987,
			  0.150535 0.917999 0.366902,
			  0.150535 0.917999 0.366902,
			  0.16182 0.98682 0,
			  0.16182 0.98682 0,
			  0.150535 0.917999 -0.366902,
			  0.150535 0.917999 -0.366902,
			  0.035966 0.219332 -0.974987,
			  0.035966 0.219332 -0.974987,
			  0.018057 0.221527 0.974987,
			  0.018057 0.221527 0.974987,
			  0.075575 0.927185 0.366902,
			  0.075575 0.927185 0.366902,
			  0.08124 0.996695 0,
			  0.08124 0.996695 0,
			  0.075575 0.927185 -0.366902,
			  0.075575 0.927185 -0.366902,
			  0.018057 0.221526 -0.974987,
			  0.018057 0.221526 -0.974987,
			  0.013487 0.221852 0.974987,
			  0.013487 0.221852 0.974987,
			  0.056449 0.928545 0.366902,
			  0.056449 0.928545 0.366902,
			  0.060681 0.998157 0,
			  0.060681 0.998157 0,
			  0.056449 0.928545 -0.366902,
			  0.056449 0.928545 -0.366902,
			  0.013487 0.221851 -0.974987,
			  0.013487 0.221851 -0.974987,
			  0.018242 0.221512 0.974987,
			  0.018242 0.221512 0.974987,
			  0.076353 0.927121 0.366902,
			  0.076353 0.927121 0.366902,
			  0.082077 0.996626 0,
			  0.082077 0.996626 0,
			  0.076353 0.927121 -0.366902,
			  0.076353 0.927121 -0.366902,
			  0.018242 0.221511 -0.974987,
			  0.018242 0.221511 -0.974987,
			  0.02826 0.220458 0.974987,
			  0.02826 0.220458 0.974987,
			  0.118278 0.92271 0.366902,
			  0.118278 0.92271 0.366902,
			  0.127146 0.991884 0,
			  0.127146 0.991884 0,
			  0.118278 0.92271 -0.366902,
			  0.118278 0.92271 -0.366902,
			  0.02826 0.220457 -0.974987,
			  0.02826 0.220457 -0.974987,
			  0.040811 0.218483 0.974987,
			  0.040811 0.218483 0.974987,
			  0.170813 0.914443 0.366902,
			  0.170813 0.914443 0.366902,
			  0.183619 0.982997 0,
			  0.183619 0.982997 0,
			  0.170814 0.914443 -0.366902,
			  0.170814 0.914443 -0.366902,
			  0.040811 0.218482 -0.974987,
			  0.040811 0.218482 -0.974987,
			  0.049479 0.216684 0.974987,
			  0.049479 0.216684 0.974987,
			  0.207091 0.906916 0.366902,
			  0.207091 0.906916 0.366902,
			  0.222616 0.974906 0,
			  0.222616 0.974906 0,
			  0.207091 0.906916 -0.366902,
			  0.207091 0.906916 -0.366902,
			  0.049479 0.216684 -0.974987,
			  0.049479 0.216684 -0.974987,
			  0.048507 0.216904 0.974987,
			  0.048507 0.216904 0.974987,
			  0.203021 0.907835 0.366902,
			  0.203021 0.907835 0.366902,
			  0.218241 0.975895 0,
			  0.218241 0.975895 0,
			  0.203021 0.907835 -0.366902,
			  0.203021 0.907835 -0.366902,
			  0.048507 0.216903 -0.974987,
			  0.048507 0.216903 -0.974987,
			  0.029877 0.220244 0.974987,
			  0.029877 0.220244 0.974987,
			  0.12505 0.921816 0.366902,
			  0.12505 0.921816 0.366902,
			  0.134424 0.990924 0,
			  0.134424 0.990924 0,
			  0.12505 0.921816 -0.366902,
			  0.12505 0.921816 -0.366902,
			  0.029877 0.220244 -0.974987,
			  0.029877 0.220244 -0.974987,
			  -0.022247 0.221145 0.974987,
			  -0.022247 0.221145 0.974987,
			  -0.093113 0.925588 0.366902,
			  -0.093113 0.925588 0.366902,
			  -0.100094 0.994978 0,
			  -0.100094 0.994978 0,
			  -0.093113 0.925588 -0.366902,
			  -0.093113 0.925588 -0.366902,
			  -0.022247 0.221145 -0.974987,
			  -0.022247 0.221145 -0.974987,
			  -0.114848 0.190289 0.974987,
			  -0.114848 0.190289 0.974987,
			  -0.48069 0.796442 0.366902,
			  -0.48069 0.796442 0.366902,
			  -0.516727 0.85615 0,
			  -0.516727 0.85615 0,
			  -0.48069 0.796442 -0.366902,
			  -0.48069 0.796442 -0.366902,
			  -0.114848 0.190289 -0.974987,
			  -0.114848 0.190289 -0.974987,
			  -0.186728 0.120552 0.974987,
			  -0.186728 0.120552 0.974987,
			  -0.781538 0.50456 0.366902,
			  -0.781538 0.50456 0.366903,
			  -0.840129 0.542386 0,
			  -0.840129 0.542386 0,
			  -0.781538 0.50456 -0.366902,
			  -0.781538 0.50456 -0.366902,
			  -0.186728 0.120551 -0.974987,
			  -0.186728 0.120551 -0.974987,
			  -0.215799 0.053206 0.974987,
			  -0.215799 0.053206 0.974987,
			  -0.903212 0.22269 0.366902,
			  -0.903212 0.22269 0.366902,
			  -0.970925 0.239385 0,
			  -0.970925 0.239385 0,
			  -0.903212 0.22269 -0.366902,
			  -0.903212 0.22269 -0.366902,
			  -0.215799 0.053206 -0.974987,
			  -0.215799 0.053206 -0.974987,
			  -0.22176 -0.014924 0.974987,
			  -0.22176 -0.014924 0.974987,
			  -0.92816 -0.062465 0.366902,
			  -0.92816 -0.062465 0.366902,
			  -0.997743 -0.067148 0,
			  -0.997743 -0.067148 0,
			  -0.92816 -0.062465 -0.366902,
			  -0.92816 -0.062465 -0.366902,
			  -0.221759 -0.014924 -0.974987,
			  -0.221759 -0.014924 -0.974987,
			  -0.205695 -0.084201 0.974987,
			  -0.205695 -0.084201 0.974987,
			  -0.860921 -0.352416 0.366902,
			  -0.860921 -0.352416 0.366902,
			  -0.925463 -0.378837 0,
			  -0.925463 -0.378837 0,
			  -0.860921 -0.352416 -0.366902,
			  -0.860921 -0.352416 -0.366902,
			  -0.205694 -0.084201 -0.974987,
			  -0.205694 -0.084201 -0.974987,
			  -0.159682 -0.154602 0.974987,
			  -0.159682 -0.154602 0.974987,
			  -0.668338 -0.647075 0.366902,
			  -0.668338 -0.647075 0.366902,
			  -0.718443 -0.695586 0,
			  -0.718443 -0.695586 0,
			  -0.668338 -0.647075 -0.366902,
			  -0.668338 -0.647075 -0.366902,
			  -0.159682 -0.154602 -0.974987,
			  -0.159682 -0.154602 -0.974987,
			  -0.100403 -0.198291 0.974987,
			  -0.100403 -0.198291 0.974987,
			  -0.42023 -0.829933 0.366902,
			  -0.42023 -0.829933 0.366902,
			  -0.451734 -0.892153 0,
			  -0.451734 -0.892153 0,
			  -0.42023 -0.829933 -0.366902,
			  -0.42023 -0.829933 -0.366902,
			  -0.100403 -0.198291 -0.974987,
			  -0.100403 -0.198291 -0.974987,
			  -0.064981 -0.21255 0.974987,
			  -0.064981 -0.21255 0.974987,
			  -0.271972 -0.889614 0.366902,
			  -0.271972 -0.889614 0.366902,
			  -0.292362 -0.956308 0,
			  -0.292362 -0.956308 0,
			  -0.271973 -0.889614 -0.366902,
			  -0.271973 -0.889614 -0.366902,
			  -0.064981 -0.21255 -0.974987,
			  -0.064981 -0.21255 -0.974987,
			  -0.048351 -0.216939 0.974987,
			  -0.048351 -0.216939 0.974987,
			  -0.202369 -0.907981 0.366902,
			  -0.202369 -0.907981 0.366903,
			  -0.21754 -0.976051 0,
			  -0.21754 -0.976051 0,
			  -0.202369 -0.907981 -0.366902,
			  -0.202369 -0.907981 -0.366902,
			  -0.048351 -0.216938 -0.974987,
			  -0.048351 -0.216938 -0.974987,
			  -0.039498 -0.218724 0.974987,
			  -0.039498 -0.218724 0.974987,
			  -0.165316 -0.915453 0.366902,
			  -0.165316 -0.915452 0.366903,
			  -0.177709 -0.984083 0,
			  -0.177709 -0.984083 0,
			  -0.165316 -0.915453 -0.366902,
			  -0.165316 -0.915453 -0.366902,
			  -0.039498 -0.218723 -0.974987,
			  -0.039498 -0.218723 -0.974987,
			  -0.032666 -0.219848 0.974987,
			  -0.032666 -0.219848 0.974987,
			  -0.13672 -0.920158 0.366902,
			  -0.13672 -0.920158 0.366902,
			  -0.14697 -0.989141 0,
			  -0.14697 -0.989141 0,
			  -0.13672 -0.920158 -0.366902,
			  -0.13672 -0.920158 -0.366902,
			  -0.032666 -0.219848 -0.974987,
			  -0.032666 -0.219848 -0.974987,
			  -0.026741 -0.220647 0.974987,
			  -0.026741 -0.220647 0.974987,
			  -0.111921 -0.923502 0.366902,
			  -0.111921 -0.923502 0.366903,
			  -0.120312 -0.992736 0,
			  -0.120312 -0.992736 0,
			  -0.111921 -0.923502 -0.366902,
			  -0.111921 -0.923502 -0.366902,
			  -0.026741 -0.220647 -0.974987,
			  -0.026741 -0.220647 -0.974987,
			  -0.022449 -0.221125 0.974987,
			  -0.022449 -0.221125 0.974987,
			  -0.093957 -0.925502 0.366902,
			  -0.093957 -0.925502 0.366902,
			  -0.101001 -0.994886 0,
			  -0.101001 -0.994886 0,
			  -0.093957 -0.925502 -0.366902,
			  -0.093957 -0.925502 -0.366902,
			  -0.022449 -0.221125 -0.974987,
			  -0.022449 -0.221125 -0.974987,
			  -0.020231 -0.221339 0.974987,
			  -0.020231 -0.221339 0.974987,
			  -0.084676 -0.926398 0.366902,
			  -0.084676 -0.926398 0.366903,
			  -0.091024 -0.995849 0,
			  -0.091024 -0.995849 0,
			  -0.084676 -0.926398 -0.366902,
			  -0.084676 -0.926398 -0.366902,
			  -0.020231 -0.221338 -0.974987,
			  -0.020231 -0.221338 -0.974987,
			  -0.023238 -0.221043 0.974987,
			  -0.023238 -0.221043 0.974987,
			  -0.097263 -0.925161 0.366902,
			  -0.097263 -0.925161 0.366903,
			  -0.104554 -0.994519 0,
			  -0.104554 -0.994519 0,
			  -0.097263 -0.925161 -0.366902,
			  -0.097263 -0.925161 -0.366902,
			  -0.023238 -0.221043 -0.974987,
			  -0.023238 -0.221043 -0.974987,
			  -0.037871 -0.219011 0.974987,
			  -0.037871 -0.219011 0.974987,
			  -0.158507 -0.916656 0.366902,
			  -0.158507 -0.916656 0.366903,
			  -0.170391 -0.985377 0,
			  -0.170391 -0.985377 0,
			  -0.158508 -0.916656 -0.366902,
			  -0.158508 -0.916656 -0.366902,
			  -0.037871 -0.219011 -0.974987,
			  -0.037871 -0.219011 -0.974987,
			  -0.058995 -0.214289 0.974987,
			  -0.058995 -0.214289 0.974987,
			  -0.24692 -0.896891 0.366902,
			  -0.24692 -0.896891 0.366902,
			  -0.265431 -0.96413 0,
			  -0.265431 -0.96413 0,
			  -0.24692 -0.896891 -0.366902,
			  -0.24692 -0.896891 -0.366902,
			  -0.058995 -0.214289 -0.974987,
			  -0.058995 -0.214289 -0.974987,
			  -0.07272 -0.210029 0.974987,
			  -0.07272 -0.210029 0.974987,
			  -0.304363 -0.879059 0.366902,
			  -0.304363 -0.879059 0.366903,
			  -0.327181 -0.944962 0,
			  -0.327181 -0.944962 0,
			  -0.304364 -0.879059 -0.366902,
			  -0.304364 -0.879059 -0.366902,
			  -0.07272 -0.210028 -0.974987,
			  -0.07272 -0.210028 -0.974987,
			  -0.076606 -0.208642 0.974987,
			  -0.076606 -0.208643 0.974987,
			  -0.320629 -0.873258 0.366902,
			  -0.320629 -0.873258 0.366903,
			  -0.344667 -0.938725 0,
			  -0.344667 -0.938725 0,
			  -0.320629 -0.873258 -0.366902,
			  -0.320629 -0.873258 -0.366902,
			  -0.076606 -0.208642 -0.974987,
			  -0.076606 -0.208642 -0.974987,
			  -0.074731 -0.209322 0.974987,
			  -0.074731 -0.209322 0.974987,
			  -0.31278 -0.8761 0.366902,
			  -0.31278 -0.8761 0.366902,
			  -0.336229 -0.94178 0,
			  -0.336229 -0.94178 0,
			  -0.31278 -0.8761 -0.366902,
			  -0.31278 -0.8761 -0.366902,
			  -0.074731 -0.209321 -0.974987,
			  -0.074731 -0.209321 -0.974987,
			  -0.068944 -0.211298 0.974987,
			  -0.068944 -0.211298 0.974987,
			  -0.288559 -0.884373 0.366902,
			  -0.288559 -0.884373 0.366902,
			  -0.310192 -0.950674 0,
			  -0.310192 -0.950674 0,
			  -0.288559 -0.884373 -0.366902,
			  -0.288559 -0.884373 -0.366902,
			  -0.068944 -0.211298 -0.974987,
			  -0.068944 -0.211298 -0.974987,
			  -0.062061 -0.213421 0.974987,
			  -0.062061 -0.213421 0.974987,
			  -0.259752 -0.893259 0.366902,
			  -0.259752 -0.893259 0.366903,
			  -0.279226 -0.960225 0,
			  -0.279226 -0.960225 0,
			  -0.259752 -0.893259 -0.366902,
			  -0.259752 -0.893259 -0.366902,
			  -0.062061 -0.213421 -0.974987,
			  -0.062061 -0.213421 -0.974987,
			  -0.056909 -0.214853 0.974987,
			  -0.056909 -0.214853 0.974987,
			  -0.238187 -0.89925 0.366902,
			  -0.238187 -0.899249 0.366902,
			  -0.256043 -0.966665 0,
			  -0.256043 -0.966665 0,
			  -0.238187 -0.89925 -0.366902,
			  -0.238187 -0.89925 -0.366902,
			  -0.056908 -0.214852 -0.974987,
			  -0.056909 -0.214852 -0.974987,
			  -0.054198 -0.215552 0.974987,
			  -0.054198 -0.215552 0.974987,
			  -0.226842 -0.902178 0.366902,
			  -0.226842 -0.902178 0.366903,
			  -0.243848 -0.969813 0,
			  -0.243848 -0.969813 0,
			  -0.226842 -0.902178 -0.366902,
			  -0.226842 -0.902178 -0.366902,
			  -0.054198 -0.215552 -0.974987,
			  -0.054198 -0.215552 -0.974987,
			  -0.053031 -0.215842 0.974987,
			  -0.053031 -0.215842 0.974987,
			  -0.221955 -0.903393 0.366902,
			  -0.221955 -0.903393 0.366902,
			  -0.238595 -0.971119 0,
			  -0.238595 -0.971119 0,
			  -0.221956 -0.903393 -0.366902,
			  -0.221956 -0.903393 -0.366902,
			  -0.05303 -0.215842 -0.974987,
			  -0.05303 -0.215842 -0.974987,
			  -0.052343 -0.21601 0.974987,
			  -0.052343 -0.21601 0.974987,
			  -0.219076 -0.904095 0.366902,
			  -0.219076 -0.904095 0.366902,
			  -0.2355 -0.971874 0,
			  -0.2355 -0.971874 0,
			  -0.219076 -0.904095 -0.366902,
			  -0.219076 -0.904095 -0.366902,
			  -0.052342 -0.21601 -0.974987,
			  -0.052342 -0.21601 -0.974987,
			  0 0 -1,
			  0 0 -1,
			  0 0 -1,
			  0 0 -1,
			  0 0 -1,
			  0 0 -1,
			  0 0 -1,
			  0 0 -1,
			  0 0 -1,
			  0 0 -1,
			  0 0 -1,
			  0 0 -1,
			  0 0 -1,
			  0 0 -1,
			  0 0 -1,
			  0 0 -1,
			  0 0 -1,
			  0 0 -1,
			  0 0 -1,
			  0 0 -1,
			  0 0 -1,
			  0 0 -1,
			  0 0 -1,
			  0 0 -1,
			  0 0 -1,
			  0 0 -1,
			  0 0 -1,
			  0 0 -1,
			  0 0 -1,
			  0 0 -1,
			  0 0 -1,
			  0 0 -1,
			  0 0 -1,
			  0 0 -1,
			  0 0 -1,
			  0 0 -1,
			  0 0 -1,
			  0 0 -1,
			  0 0 -1,
			  0 0 -1,
			  0 0 -1,
			  0 0 -1,
			  0 0 -1,
			  0 0 -1,
			  0 0 -1,
			  0 0 -1,
			  0 0 -1,
			  0 0 -1,
			  0 0 -1,
			  0 0 -1,
			  0 0 -1,
			  0 0 -1,
			  0 0 -1,
			  0 0 -1,
			  0 0 -1,
			  0 0 -1,
			  0 0 -1,
			  0 0 -1,
			  0 0 -1,
			  0 0 -1,
			  0 0 1,
			  0 0 1,
			  0 0 1,
			  0 0 1,
			  0 0 1,
			  0 0 1,
			  0 0 1,
			  0 0 1,
			  0 0 1,
			  0 0 1,
			  0 0 1,
			  0 0 1,
			  0 0 1,
			  0 0 1,
			  0 0 1,
			  0 0 1,
			  0 0 1,
			  0 0 1,
			  0 0 1,
			  0 0 1,
			  0 0 1,
			  0 0 1,
			  0 0 1,
			  0 0 1,
			  0 0 1,
			  0 0 1,
			  0 0 1,
			  0 0 1,
			  0 0 1,
			  0 0 1,
			  0 0 1,
			  0 0 1,
			  0 0 1,
			  0 0 1,
			  0 0 1,
			  0 0 1,
			  0 0 1,
			  0 0 1,
			  0 0 1,
			  0 0 1,
			  0 0 1,
			  0 0 1,
			  0 0 1,
			  0 0 1,
			  0 0 1,
			  0 0 1,
			  0 0 1,
			  0 0 1,
			  0 0 1,
			  0 0 1,
			  0 0 1,
			  0 0 1,
			  0 0 1,
			  0 0 1,
			  0 0 1,
			  0 0 1,
			  0 0 1,
			  0 0 1,
			  0 0 1,
			  0 0 1,
			  -0.879162 0.369887 0.300428,
			  -0.822371 0.507653 0.256894,
			  -0.822371 0.507653 0.256894,
			  -0.879263 0.369578 0.300515,
			  -0.237724 0.143692 0.960646,
			  -0.058561 0.578923 0.813277,
			  -0.058561 0.578923 0.813277,
			  -0.237927 0.14308 0.960687,
			  0.017208 0.042592 0.998944,
			  0.200366 0.495924 0.844934,
			  0.200366 0.495924 0.844934,
			  0.017208 0.042592 0.998944,
			  0.270542 -0.062355 0.960687,
			  0.444279 0.375762 0.813277,
			  0.444279 0.375762 0.813277,
			  0.270821 -0.061774 0.960646,
			  0.88922 -0.344935 0.300514,
			  0.94421 -0.206092 0.256893,
			  0.94421 -0.206092 0.256893,
			  0.889362 -0.344643 0.300427,
			  -0.777221 0.619403 0.110757,
			  -0.777221 0.619403 0.110757,
			  0.084375 0.932703 0.350637,
			  0.084375 0.932703 0.350637,
			  0.348866 0.863474 0.364286,
			  0.348866 0.863474 0.364286,
			  0.587215 0.729542 0.350637,
			  0.587215 0.729542 0.350637,
			  0.98936 -0.094342 0.110757,
			  0.98936 -0.094342 0.110757,
			  -0.770705 0.635531 0.045982,
			  -0.770705 0.635531 0.045982,
			  0.105004 0.98376 0.145571,
			  0.105004 0.98376 0.145571,
			  0.370298 0.916519 0.151238,
			  0.370298 0.916519 0.151238,
			  0.607844 0.780599 0.145571,
			  0.607844 0.780599 0.145571,
			  0.995876 -0.078215 0.045982,
			  0.995876 -0.078214 0.045982,
			  -0.770705 0.635531 -0.045983,
			  -0.770705 0.635531 -0.045983,
			  0.105004 0.983759 -0.145574,
			  0.105003 0.983759 -0.145574,
			  0.370298 0.916519 -0.15124,
			  0.370298 0.916519 -0.15124,
			  0.607843 0.780599 -0.145574,
			  0.607844 0.780599 -0.145574,
			  0.995876 -0.078215 -0.045983,
			  0.995876 -0.078215 -0.045983,
			  -0.777221 0.619404 -0.110757,
			  -0.777221 0.619404 -0.110757,
			  0.084376 0.932703 -0.350635,
			  0.084376 0.932703 -0.350635,
			  0.348867 0.863475 -0.364284,
			  0.348867 0.863475 -0.364284,
			  0.587215 0.729543 -0.350635,
			  0.587216 0.729543 -0.350635,
			  0.98936 -0.094342 -0.110757,
			  0.98936 -0.094342 -0.110757,
			  -0.822371 0.507653 -0.256894,
			  -0.822371 0.507653 -0.256894,
			  -0.058561 0.578923 -0.813277,
			  -0.058561 0.578923 -0.813277,
			  0.200366 0.495924 -0.844934,
			  0.200366 0.495924 -0.844934,
			  0.444279 0.375762 -0.813277,
			  0.444279 0.375762 -0.813277,
			  0.94421 -0.206092 -0.256893,
			  0.94421 -0.206092 -0.256893,
			  -0.879162 0.369887 -0.300428,
			  -0.879263 0.369578 -0.300515,
			  -0.237724 0.143692 -0.960646,
			  -0.237927 0.14308 -0.960687,
			  0.017208 0.042592 -0.998944,
			  0.017208 0.042592 -0.998944,
			  0.270542 -0.062355 -0.960687,
			  0.270821 -0.061774 -0.960646,
			  0.88922 -0.344935 -0.300514,
			  0.889362 -0.344643 -0.300427,
			  0.927184 -0.374607 0,
			  0.927184 -0.374607 0,
			  0.927184 -0.374607 0,
			  0.927184 -0.374607 0,
			  0.927184 -0.374607 0,
			  0.927184 -0.374607 0,
			  0.927184 -0.374607 0,
			  0.927184 -0.374607 0,
			  -0.927184 0.374607 0,
			  -0.927184 0.374607 0,
			  -0.927184 0.374607 0,
			  -0.927184 0.374607 0,
			  -0.927184 0.374607 0,
			  -0.927184 0.374607 0,
			  -0.927184 0.374607 0,
			  -0.927184 0.374607 0,
			  -0.880952 0.363219 0.303308,
			  -0.856733 0.422604 0.295659,
			  -0.856733 0.422604 0.295659,
			  -0.881009 0.363065 0.303326,
			  -0.24383 0.121988 0.962115,
			  -0.167345 0.309674 0.936001,
			  -0.167345 0.309674 0.936001,
			  -0.243943 0.121688 0.962125,
			  0.008472 0.02097 0.999744,
			  0.087348 0.216194 0.972435,
			  0.087348 0.216194 0.972435,
			  0.008472 0.02097 0.999744,
			  0.260009 -0.081922 0.962125,
			  0.335495 0.106514 0.936001,
			  0.335495 0.106514 0.936001,
			  0.260136 -0.081627 0.962115,
			  0.885951 -0.350833 0.303325,
			  0.909848 -0.291141 0.295659,
			  0.909848 -0.291141 0.295659,
			  0.886017 -0.350683 0.303307,
			  -0.829285 0.490539 0.267688,
			  -0.829285 0.490539 0.267688,
			  -0.080451 0.524744 0.84745,
			  -0.080451 0.524744 0.84745,
			  0.177624 0.439636 0.880437,
			  0.177624 0.439636 0.880437,
			  0.422389 0.321584 0.84745,
			  0.422389 0.321584 0.84745,
			  0.937295 -0.223206 0.267688,
			  0.937295 -0.223206 0.267688,
			  -0.821116 0.510759 0.254743,
			  -0.821116 0.510759 0.254743,
			  -0.054589 0.588754 0.806467,
			  -0.054589 0.588754 0.806467,
			  0.204493 0.506137 0.837859,
			  0.204493 0.506137 0.837859,
			  0.448251 0.385594 0.806467,
			  0.448251 0.385594 0.806467,
			  0.945464 -0.202987 0.254742,
			  0.945464 -0.202987 0.254742,
			  -0.807658 0.54407 0.227327,
			  -0.807658 0.54407 0.227327,
			  -0.011982 0.694211 0.719672,
			  -0.011982 0.694211 0.719672,
			  0.248758 0.615699 0.747686,
			  0.248758 0.615699 0.747686,
			  0.490858 0.49105 0.719672,
			  0.490858 0.49105 0.719672,
			  0.958923 -0.169676 0.227326,
			  0.958923 -0.169676 0.227326,
			  -0.795794 0.573432 0.194646,
			  -0.795794 0.573432 0.194646,
			  0.025575 0.787166 0.616211,
			  0.025575 0.787166 0.616211,
			  0.287777 0.712273 0.640197,
			  0.287777 0.712273 0.640197,
			  0.528415 0.584006 0.616211,
			  0.528415 0.584006 0.616211,
			  0.970786 -0.140313 0.194645,
			  0.970786 -0.140313 0.194645,
			  -0.781672 0.608386 -0.137313,
			  -0.781672 0.608386 -0.137313,
			  0.070284 0.897825 -0.434707,
			  0.070284 0.897825 -0.434707,
			  0.334226 0.827239 -0.451629,
			  0.334226 0.827239 -0.451629,
			  0.573124 0.694665 -0.434707,
			  0.573124 0.694664 -0.434707,
			  0.984908 -0.105359 -0.137313,
			  0.984908 -0.105359 -0.137313,
			  -0.878161 0.379587 -0.291113,
			  -0.878274 0.379119 -0.291383,
			  -0.233386 0.176792 -0.956178,
			  -0.23363 0.175818 -0.956297,
			  0.029872 0.073935 -0.996816,
			  0.029872 0.073935 -0.996816,
			  0.290193 -0.03582 -0.956298,
			  0.290694 -0.03495 -0.956178,
			  0.895135 -0.337385 -0.291382,
			  0.89538 -0.33697 -0.291112,
			  0.927184 -0.374607 0,
			  0.927184 -0.374607 0,
			  0.927184 -0.374607 0,
			  0.927184 -0.374607 0,
			  0.927184 -0.374607 0,
			  0.927184 -0.374607 0,
			  0.927184 -0.374607 0,
			  0.927184 -0.374607 0,
			  0.927184 -0.374607 0,
			  0.927184 -0.374607 0,
			  0.927184 -0.374607 0,
			  0.927184 -0.374607 0,
			  -0.927184 0.374607 0,
			  -0.927184 0.374607 0,
			  -0.927184 0.374607 0,
			  -0.927184 0.374607 0,
			  -0.927184 0.374607 0,
			  -0.927184 0.374607 0,
			  -0.927184 0.374607 0,
			  -0.927184 0.374607 0,
			  -0.927184 0.374607 0,
			  -0.927184 0.374607 0,
			  -0.927184 0.374607 0,
			  -0.927184 0.374607 0,
			  -0.881009 0.363065 -0.303326,
			  -0.856733 0.422604 -0.29566,
			  -0.856733 0.422604 -0.295659,
			  -0.880952 0.363219 -0.303308,
			  -0.243942 0.121688 -0.962125,
			  -0.167345 0.309674 -0.936001,
			  -0.167344 0.309674 -0.936001,
			  -0.24383 0.121988 -0.962115,
			  0.008472 0.02097 -0.999744,
			  0.087348 0.216194 -0.972435,
			  0.087348 0.216194 -0.972435,
			  0.008472 0.02097 -0.999744,
			  0.260137 -0.081627 -0.962115,
			  0.335496 0.106514 -0.936001,
			  0.335495 0.106514 -0.936001,
			  0.260009 -0.081922 -0.962125,
			  0.886017 -0.350683 -0.303307,
			  0.909848 -0.291141 -0.295659,
			  0.909848 -0.291141 -0.295659,
			  0.885951 -0.350833 -0.303325,
			  -0.829285 0.490539 -0.267688,
			  -0.829285 0.490539 -0.267688,
			  -0.080451 0.524744 -0.84745,
			  -0.080451 0.524744 -0.84745,
			  0.177624 0.439636 -0.880437,
			  0.177624 0.439636 -0.880437,
			  0.422389 0.321584 -0.84745,
			  0.422389 0.321584 -0.84745,
			  0.937295 -0.223206 -0.267688,
			  0.937295 -0.223206 -0.267688,
			  -0.821116 0.510759 -0.254743,
			  -0.821116 0.510759 -0.254743,
			  -0.054589 0.588754 -0.806467,
			  -0.054589 0.588754 -0.806467,
			  0.204493 0.506137 -0.837859,
			  0.204493 0.506137 -0.837859,
			  0.448251 0.385594 -0.806467,
			  0.448251 0.385594 -0.806467,
			  0.945464 -0.202987 -0.254742,
			  0.945464 -0.202987 -0.254742,
			  -0.807658 0.54407 -0.227327,
			  -0.807658 0.54407 -0.227327,
			  -0.011982 0.694211 -0.719672,
			  -0.011982 0.694211 -0.719672,
			  0.248758 0.615699 -0.747686,
			  0.248758 0.615699 -0.747686,
			  0.490858 0.49105 -0.719672,
			  0.490858 0.49105 -0.719672,
			  0.958923 -0.169676 -0.227326,
			  0.958923 -0.169676 -0.227326,
			  -0.795794 0.573432 -0.194646,
			  -0.795794 0.573432 -0.194646,
			  0.025575 0.787166 -0.616211,
			  0.025575 0.787166 -0.616211,
			  0.287777 0.712273 -0.640197,
			  0.287777 0.712273 -0.640197,
			  0.528415 0.584006 -0.616211,
			  0.528415 0.584006 -0.616211,
			  0.970786 -0.140313 -0.194645,
			  0.970786 -0.140313 -0.194645,
			  -0.781672 0.608386 0.137313,
			  -0.781672 0.608386 0.137313,
			  0.070284 0.897825 0.434707,
			  0.070284 0.897825 0.434707,
			  0.334226 0.827239 0.451629,
			  0.334226 0.827239 0.451629,
			  0.573124 0.694665 0.434707,
			  0.573124 0.694665 0.434707,
			  0.984908 -0.105359 0.137313,
			  0.984908 -0.105359 0.137313,
			  -0.878274 0.379119 0.291383,
			  -0.878161 0.379587 0.291113,
			  -0.23363 0.175818 0.956297,
			  -0.233386 0.176792 0.956178,
			  0.029872 0.073935 0.996816,
			  0.029872 0.073935 0.996816,
			  0.290694 -0.03495 0.956178,
			  0.290193 -0.03582 0.956298,
			  0.89538 -0.33697 0.291112,
			  0.895135 -0.337385 0.291383,
			  0.927184 -0.374607 0,
			  0.927184 -0.374607 0,
			  0.927184 -0.374607 0,
			  0.927184 -0.374607 0,
			  0.927184 -0.374607 0,
			  0.927184 -0.374607 0,
			  0.927184 -0.374607 0,
			  0.927184 -0.374607 0,
			  0.927184 -0.374607 0,
			  0.927184 -0.374607 0,
			  0.927184 -0.374607 0,
			  0.927184 -0.374607 0,
			  -0.927184 0.374607 0,
			  -0.927184 0.374607 0,
			  -0.927184 0.374607 0,
			  -0.927184 0.374607 0,
			  -0.927184 0.374607 0,
			  -0.927184 0.374607 0,
			  -0.927184 0.374607 0,
			  -0.927184 0.374607 0,
			  -0.927184 0.374607 0,
			  -0.927184 0.374607 0,
			  -0.927184 0.374607 0,
			  -0.927184 0.374607 0,
			  -0.880549 0.364237 0.303257,
			  -0.85887 0.417315 0.296969,
			  -0.85887 0.417315 0.296969,
			  -0.880614 0.364065 0.303276,
			  -0.242533 0.125257 0.962023,
			  -0.17411 0.292929 0.940148,
			  -0.17411 0.292929 0.940148,
			  -0.242661 0.124919 0.962035,
			  0.009841 0.024358 0.999655,
			  0.080319 0.198797 0.976744,
			  0.080319 0.198797 0.976744,
			  0.009841 0.024358 0.999655,
			  0.261331 -0.078707 0.962035,
			  0.32873 0.089769 0.940148,
			  0.32873 0.089769 0.940148,
			  0.261474 -0.078375 0.962023,
			  0.886361 -0.34984 0.303275,
			  0.907711 -0.29643 0.296969,
			  0.907711 -0.29643 0.296969,
			  0.886434 -0.34967 0.303257,
			  -0.833715 0.479575 0.273728,
			  -0.833715 0.479575 0.273728,
			  -0.094475 0.490032 0.86657,
			  -0.094475 0.490032 0.86657,
			  0.163054 0.403572 0.900302,
			  0.163054 0.403572 0.900302,
			  0.408365 0.286871 0.86657,
			  0.408365 0.286871 0.86657,
			  0.932865 -0.234171 0.273727,
			  0.932865 -0.234171 0.273727,
			  -0.827337 0.495362 0.264821,
			  -0.827337 0.495362 0.264821,
			  -0.074283 0.540011 0.838374,
			  -0.074283 0.540011 0.838374,
			  0.184033 0.455497 0.871008,
			  0.184033 0.455497 0.871008,
			  0.428557 0.33685 0.838374,
			  0.428557 0.33685 0.838374,
			  0.939244 -0.218384 0.264821,
			  0.939244 -0.218384 0.264821,
			  -0.816945 0.521082 0.247132,
			  -0.816945 0.521082 0.247132,
			  -0.041385 0.621435 0.782372,
			  -0.041385 0.621435 0.782372,
			  0.218211 0.54009 0.812826,
			  0.218211 0.54009 0.812826,
			  0.461455 0.418274 0.782372,
			  0.461455 0.418274 0.782372,
			  0.949635 -0.192664 0.247131,
			  0.949635 -0.192664 0.247131,
			  -0.807563 0.544303 0.227102,
			  -0.807563 0.544303 0.227102,
			  -0.011683 0.69495 0.718963,
			  -0.011683 0.69495 0.718963,
			  0.249069 0.616467 0.746949,
			  0.249069 0.616467 0.746949,
			  0.491157 0.49179 0.718963,
			  0.491157 0.49179 0.718963,
			  0.959017 -0.169442 0.227102,
			  0.959017 -0.169442 0.227102,
			  -0.777725 0.618157 -0.114136,
			  -0.777725 0.618157 -0.114136,
			  0.08278 0.928755 -0.361332,
			  0.08278 0.928755 -0.361332,
			  0.347209 0.859373 -0.375397,
			  0.347209 0.859373 -0.375397,
			  0.58562 0.725595 -0.361332,
			  0.58562 0.725595 -0.361332,
			  0.988856 -0.095589 -0.114136,
			  0.988856 -0.095589 -0.114136,
			  -0.877251 0.385238 -0.286396,
			  -0.877369 0.384729 -0.286719,
			  -0.229872 0.196602 -0.953156,
			  -0.230132 0.195522 -0.953315,
			  0.037608 0.093082 -0.994948,
			  0.037608 0.093082 -0.994948,
			  0.301364 -0.019216 -0.953315,
			  0.301928 -0.018259 -0.953156,
			  0.898382 -0.332721 -0.286718,
			  0.89865 -0.332272 -0.286396,
			  0.927184 -0.374607 0,
			  0.927184 -0.374607 0,
			  0.927184 -0.374607 0,
			  0.927184 -0.374607 0,
			  0.927184 -0.374607 0,
			  0.927184 -0.374607 0,
			  0.927184 -0.374607 0,
			  0.927184 -0.374607 0,
			  0.927184 -0.374607 0,
			  0.927184 -0.374607 0,
			  0.927184 -0.374607 0,
			  0.927184 -0.374607 0,
			  -0.927184 0.374607 0,
			  -0.927184 0.374607 0,
			  -0.927184 0.374607 0,
			  -0.927184 0.374607 0,
			  -0.927184 0.374607 0,
			  -0.927184 0.374607 0,
			  -0.927184 0.374607 0,
			  -0.927184 0.374607 0,
			  -0.927184 0.374607 0,
			  -0.927184 0.374607 0,
			  -0.927184 0.374607 0,
			  -0.927184 0.374607 0,
			  -0.880614 0.364065 -0.303276,
			  -0.85887 0.417315 -0.29697,
			  -0.85887 0.417315 -0.296969,
			  -0.880549 0.364237 -0.303257,
			  -0.242661 0.124919 -0.962035,
			  -0.17411 0.292929 -0.940148,
			  -0.17411 0.292929 -0.940148,
			  -0.242532 0.125257 -0.962023,
			  0.009841 0.024358 -0.999655,
			  0.080319 0.198797 -0.976744,
			  0.080319 0.198797 -0.976744,
			  0.009841 0.024358 -0.999655,
			  0.261474 -0.078375 -0.962023,
			  0.32873 0.089769 -0.940148,
			  0.32873 0.089769 -0.940148,
			  0.261331 -0.078707 -0.962035,
			  0.886434 -0.34967 -0.303257,
			  0.907711 -0.29643 -0.296969,
			  0.907711 -0.29643 -0.296969,
			  0.886361 -0.34984 -0.303275,
			  -0.833715 0.479575 -0.273728,
			  -0.833715 0.479575 -0.273728,
			  -0.094475 0.490032 -0.86657,
			  -0.094475 0.490032 -0.86657,
			  0.163054 0.403572 -0.900302,
			  0.163054 0.403572 -0.900302,
			  0.408365 0.286871 -0.86657,
			  0.408365 0.286871 -0.86657,
			  0.932865 -0.234171 -0.273727,
			  0.932865 -0.234171 -0.273727,
			  -0.827337 0.495362 -0.264822,
			  -0.827337 0.495362 -0.264822,
			  -0.074283 0.540011 -0.838374,
			  -0.074283 0.540011 -0.838374,
			  0.184033 0.455497 -0.871008,
			  0.184033 0.455497 -0.871008,
			  0.428557 0.33685 -0.838374,
			  0.428557 0.33685 -0.838374,
			  0.939244 -0.218384 -0.264821,
			  0.939244 -0.218384 -0.264821,
			  -0.816945 0.521082 -0.247132,
			  -0.816945 0.521082 -0.247132,
			  -0.041385 0.621435 -0.782372,
			  -0.041385 0.621435 -0.782372,
			  0.218211 0.54009 -0.812826,
			  0.218211 0.54009 -0.812826,
			  0.461455 0.418274 -0.782372,
			  0.461455 0.418274 -0.782372,
			  0.949635 -0.192664 -0.247131,
			  0.949635 -0.192664 -0.247131,
			  -0.807563 0.544303 -0.227103,
			  -0.807563 0.544303 -0.227103,
			  -0.011683 0.69495 -0.718963,
			  -0.011683 0.69495 -0.718963,
			  0.249069 0.616467 -0.746949,
			  0.249069 0.616467 -0.746949,
			  0.491157 0.49179 -0.718963,
			  0.491157 0.49179 -0.718963,
			  0.959017 -0.169442 -0.227102,
			  0.959017 -0.169442 -0.227102,
			  -0.777725 0.618157 0.114136,
			  -0.777725 0.618156 0.114136,
			  0.08278 0.928755 0.361332,
			  0.08278 0.928755 0.361332,
			  0.347209 0.859373 0.375397,
			  0.347209 0.859373 0.375397,
			  0.58562 0.725595 0.361332,
			  0.58562 0.725595 0.361332,
			  0.988856 -0.095589 0.114136,
			  0.988856 -0.095589 0.114136,
			  -0.877369 0.384729 0.286718,
			  -0.877251 0.385238 0.286396,
			  -0.230132 0.195522 0.953315,
			  -0.229872 0.196602 0.953156,
			  0.037607 0.093082 0.994948,
			  0.037607 0.093082 0.994948,
			  0.301928 -0.018259 0.953156,
			  0.301364 -0.019216 0.953315,
			  0.89865 -0.332272 0.286396,
			  0.898382 -0.332721 0.286718,
			  0.927184 -0.374607 0,
			  0.927184 -0.374607 0,
			  0.927184 -0.374607 0,
			  0.927184 -0.374607 0,
			  0.927184 -0.374607 0,
			  0.927184 -0.374607 0,
			  0.927184 -0.374607 0,
			  0.927184 -0.374607 0,
			  0.927184 -0.374607 0,
			  0.927184 -0.374607 0,
			  0.927184 -0.374607 0,
			  0.927184 -0.374607 0,
			  -0.927184 0.374607 0,
			  -0.927184 0.374607 0,
			  -0.927184 0.374607 0,
			  -0.927184 0.374607 0,
			  -0.927184 0.374607 0,
			  -0.927184 0.374607 0,
			  -0.927184 0.374607 0,
			  -0.927184 0.374607 0,
			  -0.927184 0.374607 0,
			  -0.927184 0.374607 0,
			  -0.927184 0.374607 0,
			  -0.927184 0.374607 0,
			  0.927184 -0.374607 0,
			  0.927184 -0.374607 0,
			  0.927184 -0.374607 0,
			  0.927184 -0.374607 0,
			  -0.927184 0.374607 0,
			  -0.927184 0.374607 0,
			  -0.927184 0.374607 0,
			  -0.927184 0.374607 0,
			  0 0 -1,
			  0 0 -1,
			  0 0 -1,
			  0 0 -1,
			  0 0 1,
			  0 0 1,
			  0 0 1,
			  0 0 1,
			  -0.374607 -0.927184 0,
			  -0.374607 -0.927184 0,
			  -0.374607 -0.927184 0,
			  -0.374607 -0.927184 0,
			  0.374607 0.927184 0,
			  0.374607 0.927184 0,
			  0.374607 0.927184 0,
			  0.374607 0.927184 0,
			  -0.655618 0.264887 0.707107,
			  -0.655618 0.264887 0.707107,
			  0.264887 0.655618 0.707107,
			  -0.198705 0.842921 0.5,
			  -0.390731 0.920505 0,
			  -0.264887 -0.655618 0.707107,
			  -0.728479 -0.468315 0.5,
			  -0.920505 -0.390731 0,
			  -0.655618 0.264887 -0.707107,
			  -0.655618 0.264887 -0.707107,
			  -0.390731 0.920505 0,
			  -0.198705 0.842921 -0.5,
			  0.264887 0.655618 -0.707107,
			  -0.920505 -0.390731 0,
			  -0.728479 -0.468315 -0.5,
			  -0.264887 -0.655618 -0.707107,
			  0.655618 -0.264887 -0.707107,
			  0.655618 -0.264887 -0.707107,
			  0.264887 0.655618 -0.707107,
			  0.728479 0.468315 -0.5,
			  0.920505 0.390731 0,
			  -0.264887 -0.655618 -0.707107,
			  0.198705 -0.842921 -0.5,
			  0.390731 -0.920505 0,
			  0.655618 -0.264887 0.707107,
			  0.655618 -0.264887 0.707107,
			  0.920505 0.390731 0,
			  0.728479 0.468315 0.5,
			  0.264887 0.655618 0.707107,
			  0.390731 -0.920505 0,
			  0.198705 -0.842921 0.5,
			  -0.264887 -0.655618 0.707107,
			  1 0 0,
			  1 0 0,
			  1 0 0,
			  1 0 0,
			  -1 0 0,
			  -1 0 0,
			  -1 0 0,
			  -1 0 0,
			  0 0 -1,
			  0 0 -1,
			  0 0 -1,
			  0 0 -1,
			  0 0 1,
			  0 0 1,
			  0 0 1,
			  0 0 1,
			  0 -1 0,
			  0 -1 0,
			  0 -1 0,
			  0 -1 0,
			  0 1 0,
			  0 1 0,
			  0 1 0,
			  0 1 0,
			  -0.707107 0 0.707107,
			  -0.707107 0 0.707107,
			  0 0.707107 0.707107,
			  -0.5 0.707107 0.5,
			  -0.707107 0.707107 0,
			  0 -0.707107 0.707107,
			  -0.5 -0.707107 0.5,
			  -0.707107 -0.707107 0,
			  -0.707107 0 -0.707107,
			  -0.707107 0 -0.707107,
			  -0.707107 0.707107 0,
			  -0.5 0.707107 -0.5,
			  0 0.707107 -0.707107,
			  -0.707107 -0.707107 0,
			  -0.5 -0.707107 -0.5,
			  0 -0.707107 -0.707107,
			  0.707107 0 -0.707107,
			  0.707107 0 -0.707107,
			  0 0.707107 -0.707107,
			  0.5 0.707107 -0.5,
			  0.707107 0.707107 0,
			  0 -0.707107 -0.707107,
			  0.5 -0.707107 -0.5,
			  0.707107 -0.707107 0,
			  0.707107 0 0.707107,
			  0.707107 0 0.707107,
			  0.707107 0.707107 0,
			  0.5 0.707107 0.5,
			  0 0.707107 0.707107,
			  0.707107 -0.707107 0,
			  0.5 -0.707107 0.5,
			  0 -0.707107 0.707107,
			  0.107424 -0.97279 -0.205281,
			  0.187095 -0.97279 -0.136659,
			  0.187095 -0.97279 -0.136659,
			  0.107424 -0.97279 -0.205281,
			  0.433775 -0.353178 -0.828918,
			  0.755484 -0.353178 -0.551824,
			  0.755484 -0.353178 -0.551824,
			  0.433775 -0.353178 -0.828918,
			  0.463654 0 -0.886016,
			  0.807524 0 -0.589835,
			  0.807524 0 -0.589835,
			  0.463654 0 -0.886016,
			  0.433775 0.353177 -0.828918,
			  0.755484 0.353177 -0.551824,
			  0.755484 0.353178 -0.551824,
			  0.433775 0.353178 -0.828918,
			  0.107424 0.97279 -0.205281,
			  0.187095 0.97279 -0.136659,
			  0.187095 0.97279 -0.136659,
			  0.107424 0.97279 -0.205281,
			  0.230782 -0.97279 -0.020498,
			  0.230782 -0.97279 -0.020498,
			  0.931888 -0.353178 -0.082771,
			  0.931888 -0.353178 -0.082771,
			  0.996079 0 -0.088473,
			  0.996079 0 -0.088473,
			  0.931888 0.353177 -0.082771,
			  0.931888 0.353178 -0.082771,
			  0.230781 0.97279 -0.020498,
			  0.230781 0.97279 -0.020498,
			  0.215109 -0.97279 0.086073,
			  0.215109 -0.97279 0.086073,
			  0.8686 -0.353178 0.347561,
			  0.8686 -0.353178 0.347561,
			  0.928432 0 0.371502,
			  0.928432 0 0.371502,
			  0.8686 0.353177 0.347561,
			  0.8686 0.353178 0.347561,
			  0.215108 0.97279 0.086073,
			  0.215108 0.97279 0.086073,
			  0.176142 -0.97279 0.150513,
			  0.176142 -0.97279 0.150513,
			  0.711256 -0.353178 0.607767,
			  0.711256 -0.353178 0.607767,
			  0.760249 0 0.649631,
			  0.760249 0 0.649631,
			  0.711256 0.353177 0.607767,
			  0.711256 0.353178 0.607767,
			  0.176142 0.97279 0.150513,
			  0.176142 0.97279 0.150513,
			  0.139 -0.97279 0.185363,
			  0.139 -0.97279 0.185363,
			  0.561277 -0.353178 0.748487,
			  0.561277 -0.353178 0.748487,
			  0.59994 0 0.800045,
			  0.59994 0 0.800045,
			  0.561277 0.353177 0.748488,
			  0.561277 0.353178 0.748487,
			  0.139 0.97279 0.185362,
			  0.139 0.97279 0.185362,
			  0.109401 -0.97279 0.204235,
			  0.109401 -0.97279 0.204235,
			  0.441757 -0.353178 0.824691,
			  0.441757 -0.353178 0.824691,
			  0.472187 0 0.881499,
			  0.472187 0 0.881499,
			  0.441757 0.353177 0.824692,
			  0.441757 0.353178 0.824692,
			  0.109401 0.97279 0.204234,
			  0.109401 0.97279 0.204234,
			  0.087355 -0.97279 0.214591,
			  0.087355 -0.97279 0.214591,
			  0.352738 -0.353178 0.866511,
			  0.352738 -0.353178 0.866511,
			  0.377035 0 0.926199,
			  0.377035 0 0.926199,
			  0.352738 0.353177 0.866511,
			  0.352738 0.353178 0.866511,
			  0.087355 0.97279 0.214591,
			  0.087355 0.97279 0.214591,
			  0.071093 -0.97279 0.220513,
			  0.071093 -0.97279 0.220513,
			  0.287069 -0.353178 0.890425,
			  0.287069 -0.353178 0.890425,
			  0.306843 0 0.95176,
			  0.306843 0 0.95176,
			  0.287069 0.353177 0.890425,
			  0.287069 0.353178 0.890425,
			  0.071092 0.97279 0.220513,
			  0.071092 0.97279 0.220513,
			  0.058735 -0.97279 0.224122,
			  0.058736 -0.97279 0.224122,
			  0.237172 -0.353178 0.904995,
			  0.237172 -0.353178 0.904995,
			  0.253509 0 0.967333,
			  0.253509 0 0.967333,
			  0.237172 0.353177 0.904995,
			  0.237172 0.353178 0.904995,
			  0.058735 0.97279 0.224121,
			  0.058735 0.97279 0.224121,
			  0.048469 -0.97279 0.226564,
			  0.048469 -0.97279 0.226564,
			  0.195715 -0.353178 0.914856,
			  0.195715 -0.353178 0.914856,
			  0.209196 0 0.977874,
			  0.209196 0 0.977874,
			  0.195715 0.353177 0.914856,
			  0.195715 0.353178 0.914856,
			  0.048469 0.97279 0.226563,
			  0.048469 0.97279 0.226563,
			  0.038892 -0.97279 0.228403,
			  0.038892 -0.97279 0.228403,
			  0.157043 -0.353178 0.922281,
			  0.157043 -0.353178 0.922281,
			  0.167861 0 0.985811,
			  0.167861 0 0.985811,
			  0.157043 0.353177 0.922281,
			  0.157043 0.353178 0.922281,
			  0.038892 0.97279 0.228402,
			  0.038892 0.97279 0.228402,
			  0.029195 -0.97279 0.229843,
			  0.029195 -0.97279 0.229843,
			  0.117889 -0.353178 0.928099,
			  0.117889 -0.353178 0.928099,
			  0.12601 0 0.992029,
			  0.12601 0 0.992029,
			  0.117889 0.353177 0.928099,
			  0.117889 0.353178 0.928099,
			  0.029195 0.97279 0.229843,
			  0.029195 0.97279 0.229843,
			  0.019479 -0.97279 0.23087,
			  0.019479 -0.97279 0.23087,
			  0.078656 -0.353178 0.932244,
			  0.078656 -0.353178 0.932244,
			  0.084074 0 0.996459,
			  0.084074 0 0.996459,
			  0.078656 0.353177 0.932244,
			  0.078656 0.353178 0.932244,
			  0.019479 0.97279 0.230869,
			  0.019479 0.97279 0.230869,
			  0.011282 -0.97279 0.231415,
			  0.011282 -0.97279 0.231415,
			  0.045554 -0.353178 0.934447,
			  0.045554 -0.353178 0.934447,
			  0.048692 0 0.998814,
			  0.048692 0 0.998814,
			  0.045554 0.353177 0.934447,
			  0.045554 0.353178 0.934447,
			  0.011281 0.97279 0.231415,
			  0.011281 0.97279 0.231415,
			  0.005538 -0.97279 0.231624,
			  0.005538 -0.97279 0.231624,
			  0.022364 -0.353178 0.935289,
			  0.022364 -0.353178 0.935289,
			  0.023904 0 0.999714,
			  0.023904 0 0.999714,
			  0.022364 0.353177 0.935289,
			  0.022364 0.353178 0.935289,
			  0.005538 0.97279 0.231623,
			  0.005538 0.97279 0.231623,
			  0.001922 -0.97279 0.231682,
			  0.001922 -0.97279 0.231682,
			  0.00776 -0.353178 0.935524,
			  0.00776 -0.353178 0.935524,
			  0.008294 0 0.999966,
			  0.008294 0 0.999966,
			  0.00776 0.353177 0.935524,
			  0.00776 0.353178 0.935524,
			  0.001922 0.97279 0.231682,
			  0.001922 0.97279 0.231682,
			  8.7e-05 -0.97279 0.23169,
			  8.7e-05 -0.97279 0.23169,
			  0.000351 -0.353178 0.935556,
			  0.000351 -0.353178 0.935556,
			  0.000375 0 1,
			  0.000375 0 1,
			  0.000351 0.353177 0.935556,
			  0.000351 0.353178 0.935556,
			  8.7e-05 0.97279 0.23169,
			  8.7e-05 0.97279 0.23169,
			  -0.002544 -0.97279 0.231676,
			  -0.002544 -0.97279 0.231676,
			  -0.010271 -0.353178 0.9355,
			  -0.010271 -0.353178 0.9355,
			  -0.010979 0 0.99994,
			  -0.010979 0 0.99994,
			  -0.010271 0.353177 0.9355,
			  -0.010271 0.353178 0.9355,
			  -0.002544 0.97279 0.231676,
			  -0.002544 0.97279 0.231676,
			  -0.011001 -0.97279 0.231429,
			  -0.011001 -0.97279 0.231429,
			  -0.044423 -0.353178 0.934501,
			  -0.044423 -0.353178 0.934501,
			  -0.047483 0 0.998872,
			  -0.047483 0 0.998872,
			  -0.044423 0.353177 0.934501,
			  -0.044423 0.353178 0.934501,
			  -0.011001 0.97279 0.231428,
			  -0.011001 0.97279 0.231428,
			  -0.031353 -0.97279 0.229559,
			  -0.031353 -0.97279 0.229559,
			  -0.126604 -0.353178 0.92695,
			  -0.126604 -0.353178 0.92695,
			  -0.135325 0 0.990801,
			  -0.135325 0 0.990801,
			  -0.126604 0.353177 0.92695,
			  -0.126604 0.353178 0.92695,
			  -0.031353 0.97279 0.229558,
			  -0.031353 0.97279 0.229558,
			  -0.069657 -0.97279 0.220971,
			  -0.069657 -0.97279 0.220971,
			  -0.281273 -0.353178 0.892273,
			  -0.281273 -0.353178 0.892273,
			  -0.300648 0 0.953735,
			  -0.300648 0 0.953735,
			  -0.281273 0.353177 0.892273,
			  -0.281273 0.353178 0.892273,
			  -0.069657 0.97279 0.220971,
			  -0.069657 0.97279 0.220971,
			  -0.121172 -0.97279 0.197478,
			  -0.121172 -0.97279 0.197478,
			  -0.489288 -0.353178 0.79741,
			  -0.489288 -0.353178 0.79741,
			  -0.522992 0 0.852338,
			  -0.522992 0 0.852338,
			  -0.489288 0.353177 0.79741,
			  -0.489288 0.353177 0.79741,
			  -0.121172 0.97279 0.197478,
			  -0.121172 0.97279 0.197478,
			  -0.168933 -0.97279 0.158562,
			  -0.168933 -0.97279 0.158562,
			  -0.682146 -0.353178 0.640268,
			  -0.682146 -0.353178 0.640268,
			  -0.729134 0 0.684371,
			  -0.729134 0 0.684371,
			  -0.682146 0.353177 0.640268,
			  -0.682146 0.353177 0.640268,
			  -0.168933 0.97279 0.158562,
			  -0.168933 0.97279 0.158562,
			  -0.201337 -0.97279 0.114646,
			  -0.201337 -0.97279 0.114646,
			  -0.812992 -0.353178 0.462937,
			  -0.812992 -0.353178 0.462936,
			  -0.868993 0 0.494825,
			  -0.868993 0 0.494825,
			  -0.812992 0.353177 0.462937,
			  -0.812992 0.353178 0.462937,
			  -0.201337 0.97279 0.114646,
			  -0.201337 0.97279 0.114646,
			  -0.218628 -0.97279 0.076696,
			  -0.218628 -0.97279 0.076696,
			  -0.88281 -0.353178 0.309697,
			  -0.88281 -0.353178 0.309697,
			  -0.94362 0 0.33103,
			  -0.94362 0 0.33103,
			  -0.88281 0.353177 0.309697,
			  -0.88281 0.353178 0.309697,
			  -0.218627 0.97279 0.076696,
			  -0.218627 0.97279 0.076696,
			  -0.226825 -0.97279 0.04723,
			  -0.226825 -0.97279 0.04723,
			  -0.915911 -0.353178 0.190714,
			  -0.915911 -0.353178 0.190714,
			  -0.979002 0 0.203851,
			  -0.979002 0 0.203851,
			  -0.915912 0.353177 0.190714,
			  -0.915911 0.353178 0.190714,
			  -0.226825 0.97279 0.04723,
			  -0.226825 0.97279 0.04723,
			  -0.230755 -0.97279 0.020795,
			  -0.230755 -0.97279 0.020795,
			  -0.93178 -0.353178 0.08397,
			  -0.93178 -0.353178 0.08397,
			  -0.995964 0 0.089754,
			  -0.995964 0 0.089754,
			  -0.93178 0.353177 0.08397,
			  -0.93178 0.353177 0.08397,
			  -0.230755 0.97279 0.020795,
			  -0.230755 0.97279 0.020795,
			  -0.231609 -0.97279 -0.006139,
			  -0.231609 -0.97279 -0.006139,
			  -0.935228 -0.353178 -0.024789,
			  -0.935228 -0.353178 -0.024789,
			  -0.999649 0 -0.026496,
			  -0.999649 0 -0.026496,
			  -0.935228 0.353177 -0.024789,
			  -0.935228 0.353178 -0.024789,
			  -0.231608 0.97279 -0.006139,
			  -0.231608 0.97279 -0.006139,
			  -0.229352 -0.97279 -0.03283,
			  -0.229352 -0.97279 -0.03283,
			  -0.926117 -0.353178 -0.132565,
			  -0.926117 -0.353178 -0.132565,
			  -0.98991 0 -0.141696,
			  -0.98991 0 -0.141696,
			  -0.926117 0.353177 -0.132565,
			  -0.926117 0.353178 -0.132565,
			  -0.229352 0.97279 -0.03283,
			  -0.229352 0.97279 -0.03283,
			  -0.223824 -0.97279 -0.059861,
			  -0.223824 -0.97279 -0.059861,
			  -0.903791 -0.353178 -0.241718,
			  -0.903791 -0.353178 -0.241718,
			  -0.966047 0 -0.258368,
			  -0.966047 0 -0.258368,
			  -0.903791 0.353177 -0.241718,
			  -0.903791 0.353178 -0.241718,
			  -0.223823 0.97279 -0.059861,
			  -0.223823 0.97279 -0.059861,
			  -0.212316 -0.97279 -0.092747,
			  -0.212316 -0.97279 -0.092747,
			  -0.857326 -0.353178 -0.374511,
			  -0.857326 -0.353178 -0.374511,
			  -0.916381 0 -0.400308,
			  -0.916381 0 -0.400308,
			  -0.857326 0.353177 -0.374511,
			  -0.857326 0.353177 -0.374511,
			  -0.212316 0.97279 -0.092747,
			  -0.212316 0.97279 -0.092747,
			  -0.188707 -0.97279 -0.134424,
			  -0.188707 -0.97279 -0.134424,
			  -0.761992 -0.353178 -0.542801,
			  -0.761992 -0.353178 -0.542801,
			  -0.814481 0 -0.580191,
			  -0.814481 0 -0.580191,
			  -0.761993 0.353177 -0.542801,
			  -0.761992 0.353177 -0.542801,
			  -0.188707 0.97279 -0.134424,
			  -0.188707 0.97279 -0.134424,
			  -0.148765 -0.97279 -0.177622,
			  -0.148765 -0.97279 -0.177622,
			  -0.600706 -0.353178 -0.71723,
			  -0.600706 -0.353178 -0.71723,
			  -0.642084 0 -0.766634,
			  -0.642084 0 -0.766634,
			  -0.600706 0.353177 -0.71723,
			  -0.600706 0.353177 -0.71723,
			  -0.148764 0.97279 -0.177621,
			  -0.148764 0.97279 -0.177621,
			  -0.096535 -0.97279 -0.210621,
			  -0.096535 -0.97279 -0.210621,
			  -0.389804 -0.353178 -0.850481,
			  -0.389804 -0.353178 -0.850481,
			  -0.416654 0 -0.909065,
			  -0.416654 0 -0.909065,
			  -0.389804 0.353177 -0.850482,
			  -0.389804 0.353178 -0.850481,
			  -0.096535 0.97279 -0.210621,
			  -0.096535 0.97279 -0.210621,
			  -0.047573 -0.97279 -0.226753,
			  -0.047573 -0.97279 -0.226753,
			  -0.1921 -0.353178 -0.915622,
			  -0.1921 -0.353178 -0.915622,
			  -0.205332 0 -0.978692,
			  -0.205332 0 -0.978692,
			  -0.1921 0.353177 -0.915622,
			  -0.1921 0.353177 -0.915622,
			  -0.047573 0.97279 -0.226753,
			  -0.047573 0.97279 -0.226753,
			  -0.017211 -0.97279 -0.23105,
			  -0.017211 -0.97279 -0.23105,
			  -0.069497 -0.353178 -0.932971,
			  -0.069497 -0.353178 -0.932971,
			  -0.074284 0 -0.997237,
			  -0.074284 0 -0.997237,
			  -0.069497 0.353177 -0.932972,
			  -0.069497 0.353177 -0.932971,
			  -0.017211 0.97279 -0.23105,
			  -0.017211 0.97279 -0.23105,
			  -0.004559 -0.97279 -0.231645,
			  -0.004559 -0.97279 -0.231645,
			  -0.01841 -0.353178 -0.935375,
			  -0.01841 -0.353178 -0.935375,
			  -0.019678 0 -0.999806,
			  -0.019678 0 -0.999806,
			  -0.01841 0.353177 -0.935375,
			  -0.01841 0.353177 -0.935375,
			  -0.004559 0.97279 -0.231645,
			  -0.004559 0.97279 -0.231645,
			  -0.000687 -0.97279 -0.231689,
			  -0.000687 -0.97279 -0.231689,
			  -0.002775 -0.353178 -0.935552,
			  -0.002775 -0.353178 -0.935552,
			  -0.002967 0 -0.999996,
			  -0.002967 0 -0.999996,
			  -0.002775 0.353177 -0.935552,
			  -0.002775 0.353177 -0.935552,
			  -0.000687 0.97279 -0.231689,
			  -0.000687 0.97279 -0.231689,
			  -1.5e-05 -0.97279 -0.23169,
			  -1.5e-05 -0.97279 -0.23169,
			  -6.1e-05 -0.353178 -0.935556,
			  -6.1e-05 -0.353178 -0.935556,
			  -6.5e-05 0 -1,
			  -6.5e-05 0 -1,
			  -6.1e-05 0.353177 -0.935556,
			  -6.1e-05 0.353177 -0.935556,
			  -1.5e-05 0.97279 -0.23169,
			  -1.5e-05 0.97279 -0.23169,
			  0 -0.97279 -0.23169,
			  0 -0.97279 -0.23169,
			  0 -0.353178 -0.935556,
			  0 -0.353178 -0.935556,
			  0 0 -1,
			  0 0 -1,
			  0 0.353177 -0.935556,
			  0 0.353177 -0.935556,
			  0 0.97279 -0.23169,
			  0 0.97279 -0.23169,
			  0 -0.97279 -0.23169,
			  0 -0.97279 -0.23169,
			  0 -0.353178 -0.935556,
			  0 -0.353178 -0.935556,
			  0 0 -1,
			  0 0 -1,
			  0 0.353177 -0.935556,
			  0 0.353177 -0.935556,
			  0 0.97279 -0.23169,
			  0 0.97279 -0.23169,
			  3e-06 -0.97279 -0.23169,
			  3e-06 -0.97279 -0.23169,
			  1.3e-05 -0.353178 -0.935556,
			  1.3e-05 -0.353178 -0.935556,
			  1.3e-05 0 -1,
			  1.3e-05 0 -1,
			  1.3e-05 0.353177 -0.935556,
			  1.3e-05 0.353178 -0.935556,
			  3e-06 0.97279 -0.23169,
			  3e-06 0.97279 -0.23169,
			  0.000435 -0.97279 -0.23169,
			  0.000435 -0.97279 -0.23169,
			  0.001755 -0.353178 -0.935555,
			  0.001755 -0.353178 -0.935555,
			  0.001876 0 -0.999998,
			  0.001876 0 -0.999998,
			  0.001755 0.353177 -0.935555,
			  0.001755 0.353178 -0.935555,
			  0.000435 0.97279 -0.231689,
			  0.000435 0.97279 -0.231689,
			  0.003455 -0.97279 -0.231664,
			  0.003455 -0.97279 -0.231664,
			  0.013951 -0.353178 -0.935452,
			  0.013951 -0.353178 -0.935452,
			  0.014912 0 -0.999889,
			  0.014912 0 -0.999889,
			  0.013951 0.353177 -0.935452,
			  0.013951 0.353178 -0.935452,
			  0.003455 0.97279 -0.231664,
			  0.003455 0.97279 -0.231664,
			  0.014448 -0.97279 -0.231239,
			  0.014448 -0.97279 -0.231239,
			  0.05834 -0.353178 -0.933735,
			  0.05834 -0.353178 -0.933735,
			  0.062359 0 -0.998054,
			  0.062359 0 -0.998054,
			  0.05834 0.353177 -0.933736,
			  0.05834 0.353178 -0.933735,
			  0.014448 0.97279 -0.231239,
			  0.014448 0.97279 -0.231239,
			  0.04513 -0.97279 -0.227252,
			  0.04513 -0.97279 -0.227252,
			  0.182234 -0.353178 -0.917636,
			  0.182234 -0.353178 -0.917636,
			  0.194787 0 -0.980846,
			  0.194787 0 -0.980846,
			  0.182234 0.353177 -0.917636,
			  0.182234 0.353178 -0.917636,
			  0.04513 0.97279 -0.227252,
			  0.04513 0.97279 -0.227252,
			  0 1 0,
			  0 1 0,
			  0 1 0,
			  0 1 0,
			  0 1 0,
			  0 1 0,
			  0 1 0,
			  0 1 0,
			  0 1 0,
			  0 1 0,
			  0 1 0,
			  0 1 0,
			  0 1 0,
			  0 1 0,
			  0 1 0,
			  0 1 0,
			  0 1 0,
			  0 1 0,
			  0 1 0,
			  0 1 0,
			  0 1 0,
			  0 1 0,
			  0 1 0,
			  0 1 0,
			  0 1 0,
			  0 1 0,
			  0 1 0,
			  0 1 0,
			  0 1 0,
			  0 1 0,
			  0 1 0,
			  0 1 0,
			  0 1 0,
			  0 1 0,
			  0 1 0,
			  0 1 0,
			  0 1 0,
			  0 1 0,
			  0 1 0,
			  0 1 0,
			  0 1 0,
			  0 1 0,
			  0 1 0,
			  0 1 0,
			  0 1 0,
			  0 1 0,
			  0 1 0,
			  0 1 0,
			  0 1 0,
			  0 1 0,
			  0 -1 0,
			  0 -1 0,
			  0 -1 0,
			  0 -1 0,
			  0 -1 0,
			  0 -1 0,
			  0 -1 0,
			  0 -1 0,
			  0 -1 0,
			  0 -1 0,
			  0 -1 0,
			  0 -1 0,
			  0 -1 0,
			  0 -1 0,
			  0 -1 0,
			  0 -1 0,
			  0 -1 0,
			  0 -1 0,
			  0 -1 0,
			  0 -1 0,
			  0 -1 0,
			  0 -1 0,
			  0 -1 0,
			  0 -1 0,
			  0 -1 0,
			  0 -1 0,
			  0 -1 0,
			  0 -1 0,
			  0 -1 0,
			  0 -1 0,
			  0 -1 0,
			  0 -1 0,
			  0 -1 0,
			  0 -1 0,
			  0 -1 0,
			  0 -1 0,
			  0 -1 0,
			  0 -1 0,
			  0 -1 0,
			  0 -1 0,
			  0 -1 0,
			  0 -1 0,
			  0 -1 0,
			  0 -1 0,
			  0 -1 0,
			  0 -1 0,
			  0 -1 0,
			  0 -1 0,
			  0 -1 0,
			  0 -1 0,
			  0.107424 0.97279 0.205281,
			  0.187095 0.97279 0.136659,
			  0.187095 0.97279 0.136659,
			  0.107424 0.97279 0.205281,
			  0.433775 0.353178 0.828918,
			  0.755484 0.353178 0.551824,
			  0.755484 0.353178 0.551824,
			  0.433775 0.353178 0.828918,
			  0.463654 0 0.886016,
			  0.807524 0 0.589835,
			  0.807524 0 0.589835,
			  0.463654 0 0.886016,
			  0.433775 -0.353177 0.828918,
			  0.755484 -0.353177 0.551824,
			  0.755484 -0.353178 0.551824,
			  0.433775 -0.353178 0.828918,
			  0.107424 -0.97279 0.205281,
			  0.187095 -0.97279 0.136659,
			  0.187095 -0.97279 0.136659,
			  0.107424 -0.97279 0.205281,
			  0.230782 0.97279 0.020498,
			  0.230782 0.97279 0.020498,
			  0.931888 0.353178 0.082771,
			  0.931888 0.353178 0.082771,
			  0.996079 0 0.088473,
			  0.996079 0 0.088473,
			  0.931888 -0.353177 0.082771,
			  0.931888 -0.353177 0.082771,
			  0.230781 -0.97279 0.020498,
			  0.230781 -0.97279 0.020498,
			  0.215109 0.97279 -0.086073,
			  0.215109 0.97279 -0.086073,
			  0.8686 0.353178 -0.347561,
			  0.8686 0.353178 -0.347561,
			  0.928432 0 -0.371502,
			  0.928432 0 -0.371502,
			  0.868601 -0.353177 -0.347561,
			  0.8686 -0.353177 -0.347561,
			  0.215108 -0.97279 -0.086073,
			  0.215108 -0.97279 -0.086073,
			  0.176142 0.97279 -0.150513,
			  0.176142 0.97279 -0.150513,
			  0.711256 0.353178 -0.607767,
			  0.711256 0.353178 -0.607767,
			  0.760249 0 -0.649631,
			  0.760249 0 -0.649631,
			  0.711256 -0.353177 -0.607767,
			  0.711256 -0.353178 -0.607767,
			  0.176142 -0.97279 -0.150513,
			  0.176142 -0.97279 -0.150513,
			  0.139 0.97279 -0.185363,
			  0.139 0.97279 -0.185363,
			  0.561277 0.353178 -0.748487,
			  0.561277 0.353178 -0.748487,
			  0.59994 0 -0.800045,
			  0.59994 0 -0.800045,
			  0.561277 -0.353177 -0.748488,
			  0.561277 -0.353178 -0.748487,
			  0.139 -0.97279 -0.185362,
			  0.139 -0.97279 -0.185362,
			  0.109401 0.97279 -0.204235,
			  0.109401 0.97279 -0.204235,
			  0.441757 0.353178 -0.824692,
			  0.441757 0.353178 -0.824691,
			  0.472187 0 -0.881499,
			  0.472187 0 -0.881499,
			  0.441757 -0.353177 -0.824692,
			  0.441757 -0.353178 -0.824692,
			  0.109401 -0.97279 -0.204234,
			  0.109401 -0.97279 -0.204234,
			  0.087355 0.97279 -0.214591,
			  0.087355 0.97279 -0.214591,
			  0.352738 0.353178 -0.866511,
			  0.352738 0.353178 -0.866511,
			  0.377035 0 -0.926199,
			  0.377035 0 -0.926199,
			  0.352738 -0.353177 -0.866511,
			  0.352738 -0.353178 -0.866511,
			  0.087355 -0.97279 -0.214591,
			  0.087355 -0.97279 -0.214591,
			  0.071093 0.97279 -0.220513,
			  0.071093 0.97279 -0.220514,
			  0.287069 0.353178 -0.890425,
			  0.287069 0.353178 -0.890425,
			  0.306843 0 -0.95176,
			  0.306843 0 -0.95176,
			  0.287069 -0.353177 -0.890425,
			  0.287069 -0.353178 -0.890425,
			  0.071092 -0.97279 -0.220513,
			  0.071092 -0.97279 -0.220513,
			  0.058735 0.97279 -0.224122,
			  0.058735 0.97279 -0.224122,
			  0.237172 0.353178 -0.904995,
			  0.237172 0.353178 -0.904995,
			  0.253509 0 -0.967333,
			  0.253509 0 -0.967333,
			  0.237172 -0.353177 -0.904995,
			  0.237172 -0.353178 -0.904995,
			  0.058735 -0.97279 -0.224121,
			  0.058735 -0.97279 -0.224121,
			  0.048469 0.97279 -0.226564,
			  0.048469 0.97279 -0.226564,
			  0.195715 0.353178 -0.914856,
			  0.195715 0.353178 -0.914856,
			  0.209196 0 -0.977874,
			  0.209196 0 -0.977874,
			  0.195715 -0.353177 -0.914856,
			  0.195715 -0.353178 -0.914856,
			  0.048469 -0.97279 -0.226563,
			  0.048469 -0.97279 -0.226563,
			  0.038892 0.97279 -0.228403,
			  0.038892 0.97279 -0.228403,
			  0.157043 0.353178 -0.922281,
			  0.157043 0.353178 -0.922281,
			  0.167861 0 -0.985811,
			  0.167861 0 -0.985811,
			  0.157043 -0.353177 -0.922281,
			  0.157043 -0.353178 -0.922281,
			  0.038892 -0.97279 -0.228402,
			  0.038892 -0.97279 -0.228402,
			  0.029195 0.97279 -0.229843,
			  0.029195 0.97279 -0.229843,
			  0.117889 0.353178 -0.928099,
			  0.117889 0.353178 -0.928099,
			  0.12601 0 -0.992029,
			  0.12601 0 -0.992029,
			  0.117889 -0.353177 -0.928099,
			  0.117889 -0.353178 -0.928099,
			  0.029195 -0.97279 -0.229843,
			  0.029195 -0.97279 -0.229843,
			  0.019479 0.97279 -0.23087,
			  0.019479 0.97279 -0.23087,
			  0.078656 0.353178 -0.932244,
			  0.078656 0.353178 -0.932244,
			  0.084074 0 -0.996459,
			  0.084074 0 -0.996459,
			  0.078656 -0.353177 -0.932244,
			  0.078656 -0.353178 -0.932244,
			  0.019479 -0.97279 -0.230869,
			  0.019479 -0.97279 -0.230869,
			  0.011281 0.97279 -0.231415,
			  0.011281 0.97279 -0.231415,
			  0.045554 0.353178 -0.934447,
			  0.045554 0.353178 -0.934447,
			  0.048692 0 -0.998814,
			  0.048692 0 -0.998814,
			  0.045554 -0.353177 -0.934447,
			  0.045554 -0.353178 -0.934447,
			  0.011281 -0.97279 -0.231415,
			  0.011281 -0.97279 -0.231415,
			  0.005538 0.97279 -0.231624,
			  0.005538 0.97279 -0.231624,
			  0.022364 0.353178 -0.935289,
			  0.022364 0.353178 -0.935289,
			  0.023904 0 -0.999714,
			  0.023904 0 -0.999714,
			  0.022364 -0.353177 -0.935289,
			  0.022364 -0.353178 -0.935289,
			  0.005538 -0.97279 -0.231623,
			  0.005538 -0.97279 -0.231623,
			  0.001922 0.97279 -0.231682,
			  0.001922 0.97279 -0.231682,
			  0.00776 0.353178 -0.935524,
			  0.00776 0.353178 -0.935524,
			  0.008294 0 -0.999966,
			  0.008294 0 -0.999966,
			  0.00776 -0.353177 -0.935524,
			  0.00776 -0.353178 -0.935524,
			  0.001922 -0.97279 -0.231682,
			  0.001922 -0.97279 -0.231682,
			  8.7e-05 0.97279 -0.23169,
			  8.7e-05 0.97279 -0.23169,
			  0.000351 0.353178 -0.935556,
			  0.000351 0.353178 -0.935556,
			  0.000375 0 -1,
			  0.000375 0 -1,
			  0.000351 -0.353177 -0.935556,
			  0.000351 -0.353178 -0.935556,
			  8.7e-05 -0.97279 -0.23169,
			  8.7e-05 -0.97279 -0.23169,
			  -0.002544 0.97279 -0.231676,
			  -0.002544 0.97279 -0.231676,
			  -0.010271 0.353178 -0.9355,
			  -0.010271 0.353178 -0.9355,
			  -0.010979 0 -0.99994,
			  -0.010979 0 -0.99994,
			  -0.010271 -0.353177 -0.9355,
			  -0.010271 -0.353178 -0.9355,
			  -0.002544 -0.97279 -0.231676,
			  -0.002544 -0.97279 -0.231676,
			  -0.011001 0.97279 -0.231429,
			  -0.011001 0.97279 -0.231429,
			  -0.044423 0.353178 -0.934501,
			  -0.044423 0.353178 -0.934501,
			  -0.047483 0 -0.998872,
			  -0.047483 0 -0.998872,
			  -0.044423 -0.353177 -0.934501,
			  -0.044423 -0.353178 -0.934501,
			  -0.011001 -0.97279 -0.231428,
			  -0.011001 -0.97279 -0.231428,
			  -0.031354 0.97279 -0.229559,
			  -0.031354 0.97279 -0.229559,
			  -0.126604 0.353178 -0.92695,
			  -0.126604 0.353178 -0.92695,
			  -0.135325 0 -0.990801,
			  -0.135325 0 -0.990801,
			  -0.126604 -0.353177 -0.92695,
			  -0.126604 -0.353178 -0.92695,
			  -0.031353 -0.97279 -0.229558,
			  -0.031353 -0.97279 -0.229558,
			  -0.069657 0.97279 -0.220971,
			  -0.069657 0.97279 -0.220971,
			  -0.281273 0.353178 -0.892273,
			  -0.281273 0.353178 -0.892273,
			  -0.300648 0 -0.953735,
			  -0.300648 0 -0.953735,
			  -0.281273 -0.353177 -0.892273,
			  -0.281273 -0.353178 -0.892273,
			  -0.069657 -0.97279 -0.220971,
			  -0.069657 -0.97279 -0.220971,
			  -0.121172 0.97279 -0.197478,
			  -0.121172 0.97279 -0.197478,
			  -0.489288 0.353178 -0.79741,
			  -0.489288 0.353178 -0.79741,
			  -0.522992 0 -0.852338,
			  -0.522992 0 -0.852338,
			  -0.489288 -0.353177 -0.79741,
			  -0.489288 -0.353178 -0.79741,
			  -0.121172 -0.97279 -0.197478,
			  -0.121172 -0.97279 -0.197478,
			  -0.168933 0.97279 -0.158562,
			  -0.168933 0.97279 -0.158562,
			  -0.682146 0.353178 -0.640268,
			  -0.682146 0.353178 -0.640268,
			  -0.729134 0 -0.684371,
			  -0.729134 0 -0.684371,
			  -0.682146 -0.353177 -0.640268,
			  -0.682146 -0.353178 -0.640268,
			  -0.168933 -0.97279 -0.158562,
			  -0.168933 -0.97279 -0.158562,
			  -0.201337 0.97279 -0.114646,
			  -0.201337 0.97279 -0.114646,
			  -0.812992 0.353178 -0.462936,
			  -0.812992 0.353178 -0.462936,
			  -0.868993 0 -0.494825,
			  -0.868993 0 -0.494825,
			  -0.812992 -0.353177 -0.462937,
			  -0.812992 -0.353178 -0.462937,
			  -0.201337 -0.97279 -0.114646,
			  -0.201337 -0.97279 -0.114646,
			  -0.218628 0.97279 -0.076696,
			  -0.218628 0.97279 -0.076696,
			  -0.88281 0.353177 -0.309697,
			  -0.88281 0.353178 -0.309697,
			  -0.94362 0 -0.33103,
			  -0.94362 0 -0.33103,
			  -0.88281 -0.353178 -0.309697,
			  -0.88281 -0.353178 -0.309697,
			  -0.218627 -0.97279 -0.076696,
			  -0.218627 -0.97279 -0.076696,
			  -0.226825 0.97279 -0.04723,
			  -0.226825 0.97279 -0.04723,
			  -0.915911 0.353177 -0.190714,
			  -0.915911 0.353178 -0.190714,
			  -0.979002 0 -0.203851,
			  -0.979002 0 -0.203851,
			  -0.915911 -0.353177 -0.190714,
			  -0.915911 -0.353178 -0.190714,
			  -0.226825 -0.97279 -0.04723,
			  -0.226825 -0.97279 -0.04723,
			  -0.230755 0.97279 -0.020795,
			  -0.230755 0.97279 -0.020795,
			  -0.93178 0.353177 -0.08397,
			  -0.93178 0.353178 -0.08397,
			  -0.995964 0 -0.089754,
			  -0.995964 0 -0.089754,
			  -0.93178 -0.353177 -0.08397,
			  -0.93178 -0.353178 -0.08397,
			  -0.230754 -0.97279 -0.020795,
			  -0.230755 -0.97279 -0.020795,
			  -0.231609 0.97279 0.006139,
			  -0.231609 0.97279 0.006139,
			  -0.935228 0.353177 0.024789,
			  -0.935228 0.353178 0.024789,
			  -0.999649 0 0.026496,
			  -0.999649 0 0.026496,
			  -0.935228 -0.353178 0.024789,
			  -0.935228 -0.353178 0.024789,
			  -0.231608 -0.97279 0.006139,
			  -0.231608 -0.97279 0.006139,
			  -0.229353 0.97279 0.03283,
			  -0.229353 0.97279 0.03283,
			  -0.926117 0.353178 0.132565,
			  -0.926117 0.353178 0.132565,
			  -0.98991 0 0.141696,
			  -0.98991 0 0.141696,
			  -0.926117 -0.353178 0.132565,
			  -0.926117 -0.353178 0.132565,
			  -0.229352 -0.97279 0.03283,
			  -0.229352 -0.97279 0.03283,
			  -0.223824 0.97279 0.059861,
			  -0.223824 0.97279 0.059861,
			  -0.903791 0.353177 0.241718,
			  -0.903791 0.353178 0.241718,
			  -0.966047 0 0.258368,
			  -0.966047 0 0.258368,
			  -0.903791 -0.353177 0.241718,
			  -0.903791 -0.353178 0.241718,
			  -0.223823 -0.97279 0.059861,
			  -0.223823 -0.97279 0.059861,
			  -0.212316 0.97279 0.092747,
			  -0.212316 0.97279 0.092747,
			  -0.857326 0.353178 0.374511,
			  -0.857326 0.353178 0.374511,
			  -0.916381 0 0.400308,
			  -0.916381 0 0.400308,
			  -0.857326 -0.353177 0.374511,
			  -0.857326 -0.353178 0.374511,
			  -0.212316 -0.97279 0.092747,
			  -0.212316 -0.97279 0.092747,
			  -0.188707 0.97279 0.134424,
			  -0.188707 0.97279 0.134424,
			  -0.761992 0.353178 0.542801,
			  -0.761992 0.353178 0.542801,
			  -0.814481 0 0.580191,
			  -0.814481 0 0.580191,
			  -0.761993 -0.353177 0.542801,
			  -0.761992 -0.353178 0.542801,
			  -0.188707 -0.97279 0.134424,
			  -0.188707 -0.97279 0.134424,
			  -0.148765 0.97279 0.177622,
			  -0.148765 0.97279 0.177622,
			  -0.600706 0.353178 0.71723,
			  -0.600706 0.353178 0.71723,
			  -0.642084 0 0.766634,
			  -0.642084 0 0.766634,
			  -0.600706 -0.353177 0.71723,
			  -0.600706 -0.353178 0.71723,
			  -0.148764 -0.97279 0.177621,
			  -0.148764 -0.97279 0.177621,
			  -0.096535 0.97279 0.210621,
			  -0.096535 0.97279 0.210621,
			  -0.389804 0.353178 0.850481,
			  -0.389804 0.353178 0.850481,
			  -0.416654 0 0.909065,
			  -0.416654 0 0.909065,
			  -0.389804 -0.353177 0.850482,
			  -0.389804 -0.353178 0.850482,
			  -0.096534 -0.97279 0.210621,
			  -0.096534 -0.97279 0.210621,
			  -0.047574 0.97279 0.226753,
			  -0.047574 0.97279 0.226753,
			  -0.1921 0.353178 0.915622,
			  -0.1921 0.353178 0.915622,
			  -0.205332 0 0.978692,
			  -0.205332 0 0.978692,
			  -0.1921 -0.353177 0.915622,
			  -0.1921 -0.353177 0.915622,
			  -0.047573 -0.97279 0.226753,
			  -0.047573 -0.97279 0.226753,
			  -0.017211 0.97279 0.23105,
			  -0.017211 0.97279 0.23105,
			  -0.069497 0.353178 0.932971,
			  -0.069497 0.353178 0.932971,
			  -0.074284 0 0.997237,
			  -0.074284 0 0.997237,
			  -0.069497 -0.353177 0.932972,
			  -0.069497 -0.353178 0.932972,
			  -0.017211 -0.97279 0.23105,
			  -0.017211 -0.97279 0.23105,
			  -0.004559 0.97279 0.231645,
			  -0.004559 0.97279 0.231645,
			  -0.01841 0.353178 0.935375,
			  -0.01841 0.353178 0.935375,
			  -0.019678 0 0.999806,
			  -0.019678 0 0.999806,
			  -0.01841 -0.353177 0.935375,
			  -0.01841 -0.353177 0.935375,
			  -0.004559 -0.97279 0.231645,
			  -0.004559 -0.97279 0.231645,
			  -0.000687 0.97279 0.231689,
			  -0.000687 0.97279 0.231689,
			  -0.002775 0.353178 0.935552,
			  -0.002775 0.353178 0.935552,
			  -0.002967 0 0.999996,
			  -0.002967 0 0.999996,
			  -0.002775 -0.353177 0.935552,
			  -0.002775 -0.353177 0.935552,
			  -0.000687 -0.97279 0.231689,
			  -0.000687 -0.97279 0.231689,
			  -1.5e-05 0.97279 0.23169,
			  -1.5e-05 0.97279 0.23169,
			  -6.1e-05 0.353178 0.935556,
			  -6.1e-05 0.353178 0.935556,
			  -6.5e-05 0 1,
			  -6.5e-05 0 1,
			  -6.1e-05 -0.353177 0.935556,
			  -6.1e-05 -0.353177 0.935556,
			  -1.5e-05 -0.97279 0.23169,
			  -1.5e-05 -0.97279 0.23169,
			  0 0.97279 0.23169,
			  0 0.97279 0.23169,
			  0 0.353178 0.935556,
			  0 0.353178 0.935556,
			  0 0 1,
			  0 0 1,
			  0 -0.353177 0.935556,
			  0 -0.353177 0.935556,
			  0 -0.97279 0.23169,
			  0 -0.97279 0.23169,
			  0 0.97279 0.23169,
			  0 0.97279 0.23169,
			  0 0.353178 0.935556,
			  0 0.353178 0.935556,
			  0 0 1,
			  0 0 1,
			  0 -0.353177 0.935556,
			  0 -0.353177 0.935556,
			  0 -0.97279 0.23169,
			  0 -0.97279 0.23169,
			  3e-06 0.97279 0.23169,
			  3e-06 0.97279 0.23169,
			  1.3e-05 0.353178 0.935556,
			  1.3e-05 0.353178 0.935556,
			  1.3e-05 0 1,
			  1.3e-05 0 1,
			  1.3e-05 -0.353177 0.935556,
			  1.3e-05 -0.353178 0.935556,
			  3e-06 -0.97279 0.23169,
			  3e-06 -0.97279 0.23169,
			  0.000435 0.97279 0.23169,
			  0.000435 0.97279 0.23169,
			  0.001755 0.353178 0.935555,
			  0.001755 0.353178 0.935555,
			  0.001876 0 0.999998,
			  0.001876 0 0.999998,
			  0.001755 -0.353177 0.935555,
			  0.001755 -0.353178 0.935555,
			  0.000435 -0.97279 0.231689,
			  0.000435 -0.97279 0.231689,
			  0.003455 0.97279 0.231664,
			  0.003455 0.97279 0.231664,
			  0.013951 0.353178 0.935452,
			  0.013951 0.353178 0.935452,
			  0.014912 0 0.999889,
			  0.014912 0 0.999889,
			  0.013951 -0.353177 0.935452,
			  0.013951 -0.353178 0.935452,
			  0.003455 -0.97279 0.231664,
			  0.003455 -0.97279 0.231664,
			  0.014448 0.97279 0.231239,
			  0.014448 0.97279 0.231239,
			  0.05834 0.353178 0.933735,
			  0.05834 0.353178 0.933735,
			  0.062359 0 0.998054,
			  0.062359 0 0.998054,
			  0.05834 -0.353177 0.933736,
			  0.05834 -0.353178 0.933735,
			  0.014448 -0.97279 0.231239,
			  0.014448 -0.97279 0.231239,
			  0.04513 0.97279 0.227252,
			  0.04513 0.97279 0.227252,
			  0.182234 0.353178 0.917636,
			  0.182234 0.353178 0.917636,
			  0.194787 0 0.980846,
			  0.194787 0 0.980846,
			  0.182234 -0.353177 0.917636,
			  0.182234 -0.353178 0.917636,
			  0.04513 -0.97279 0.227252,
			  0.04513 -0.97279 0.227252,
			  0 -1 0,
			  0 -1 0,
			  0 -1 0,
			  0 -1 0,
			  0 -1 0,
			  0 -1 0,
			  0 -1 0,
			  0 -1 0,
			  0 -1 0,
			  0 -1 0,
			  0 -1 0,
			  0 -1 0,
			  0 -1 0,
			  0 -1 0,
			  0 -1 0,
			  0 -1 0,
			  0 -1 0,
			  0 -1 0,
			  0 -1 0,
			  0 -1 0,
			  0 -1 0,
			  0 -1 0,
			  0 -1 0,
			  0 -1 0,
			  0 -1 0,
			  0 -1 0,
			  0 -1 0,
			  0 -1 0,
			  0 -1 0,
			  0 -1 0,
			  0 -1 0,
			  0 -1 0,
			  0 -1 0,
			  0 -1 0,
			  0 -1 0,
			  0 -1 0,
			  0 -1 0,
			  0 -1 0,
			  0 -1 0,
			  0 -1 0,
			  0 -1 0,
			  0 -1 0,
			  0 -1 0,
			  0 -1 0,
			  0 -1 0,
			  0 -1 0,
			  0 -1 0,
			  0 -1 0,
			  0 -1 0,
			  0 -1 0,
			  0 1 0,
			  0 1 0,
			  0 1 0,
			  0 1 0,
			  0 1 0,
			  0 1 0,
			  0 1 0,
			  0 1 0,
			  0 1 0,
			  0 1 0,
			  0 1 0,
			  0 1 0,
			  0 1 0,
			  0 1 0,
			  0 1 0,
			  0 1 0,
			  0 1 0,
			  0 1 0,
			  0 1 0,
			  0 1 0,
			  0 1 0,
			  0 1 0,
			  0 1 0,
			  0 1 0,
			  0 1 0,
			  0 1 0,
			  0 1 0,
			  0 1 0,
			  0 1 0,
			  0 1 0,
			  0 1 0,
			  0 1 0,
			  0 1 0,
			  0 1 0,
			  0 1 0,
			  0 1 0,
			  0 1 0,
			  0 1 0,
			  0 1 0,
			  0 1 0,
			  0 1 0,
			  0 1 0,
			  0 1 0,
			  0 1 0,
			  0 1 0,
			  0 1 0,
			  0 1 0,
			  0 1 0,
			  0 1 0,
			  0 1 0,
			  0 0 -1,
			  0 0 -1,
			  0 0 -1,
			  0 0 -1,
			  0 0 1,
			  0 0 1,
			  0 0 1,
			  0 0 1,
			  -1 0 0,
			  -1 0 0,
			  -1 0 0,
			  -1 0 0,
			  1 0 0,
			  1 0 0,
			  1 0 0,
			  1 0 0,
			  0.707107 0 0.707107,
			  0.707107 0 0.707107,
			  -0.707107 0 0.707107,
			  -0.707107 0 0.707107,
			  -0.707107 0 -0.707107,
			  -0.707107 0 -0.707107,
			  0.707107 0 -0.707107,
			  0.707107 0 -0.707107,
			  -0.988987 0.075313 -0.127404,
			  -0.987506 -0.023927 -0.155754,
			  -0.987506 -0.023927 -0.155754,
			  -0.987506 0.103086 -0.119185,
			  -0.521417 0.376103 -0.765944,
			  -0.490884 -0.132288 -0.861123,
			  -0.490884 -0.132288 -0.861123,
			  -0.515011 0.436195 -0.737901,
			  0 0.440762 -0.897624,
			  0 -0.151841 -0.988405,
			  0 -0.151841 -0.988405,
			  0 0.440762 -0.897624,
			  0.51501 0.436196 -0.737901,
			  0.490884 -0.132288 -0.861123,
			  0.490884 -0.132288 -0.861123,
			  0.521417 0.376103 -0.765944,
			  0.987506 0.103085 -0.119185,
			  0.987506 -0.023927 -0.155753,
			  0.987506 -0.023927 -0.155753,
			  0.988987 0.075312 -0.127404,
			  -0.987506 -0.027348 -0.15519,
			  -0.987506 -0.027348 -0.15519,
			  -0.490884 -0.151202 -0.858004,
			  -0.490884 -0.151202 -0.858004,
			  0 -0.173551 -0.984825,
			  0 -0.173551 -0.984825,
			  0.490884 -0.151202 -0.858004,
			  0.490884 -0.151202 -0.858004,
			  0.987506 -0.027348 -0.155189,
			  0.987506 -0.027348 -0.155189,
			  -0.987506 -0.032368 -0.154221,
			  -0.987506 -0.032368 -0.154221,
			  -0.490884 -0.178952 -0.852648,
			  -0.490884 -0.178952 -0.852648,
			  0 -0.205403 -0.978677,
			  0 -0.205403 -0.978677,
			  0.490884 -0.178952 -0.852648,
			  0.490884 -0.178952 -0.852648,
			  0.987506 -0.032368 -0.15422,
			  0.987506 -0.032368 -0.15422,
			  -0.987506 -0.038793 -0.152731,
			  -0.987506 -0.038793 -0.152731,
			  -0.490884 -0.214477 -0.844413,
			  -0.490884 -0.214477 -0.844413,
			  0 -0.246179 -0.969224,
			  0 -0.246179 -0.969224,
			  0.490884 -0.214477 -0.844413,
			  0.490884 -0.214477 -0.844413,
			  0.987506 -0.038793 -0.152731,
			  0.987506 -0.038793 -0.152731,
			  -0.987506 -0.047831 -0.150146,
			  -0.987506 -0.047831 -0.150146,
			  -0.490884 -0.264447 -0.830121,
			  -0.490884 -0.264447 -0.830121,
			  0 -0.303535 -0.95282,
			  0 -0.303535 -0.95282,
			  0.490884 -0.264447 -0.830121,
			  0.490884 -0.264447 -0.830121,
			  0.987506 -0.047831 -0.150146,
			  0.987506 -0.047831 -0.150146,
			  -0.987506 -0.061553 -0.145062,
			  -0.987506 -0.061553 -0.145062,
			  -0.490884 -0.340309 -0.802012,
			  -0.490884 -0.340309 -0.802012,
			  0 -0.39061 -0.920556,
			  0 -0.39061 -0.920556,
			  0.490884 -0.340309 -0.802012,
			  0.490884 -0.340309 -0.802012,
			  0.987506 -0.061553 -0.145062,
			  0.987506 -0.061553 -0.145062,
			  -0.987506 -0.082291 -0.134387,
			  -0.987506 -0.082291 -0.134387,
			  -0.490884 -0.454968 -0.742992,
			  -0.490884 -0.454968 -0.742992,
			  0 -0.522216 -0.852813,
			  0 -0.522216 -0.852813,
			  0.490884 -0.454968 -0.742992,
			  0.490884 -0.454968 -0.742992,
			  0.987506 -0.082291 -0.134387,
			  0.987506 -0.082291 -0.134387,
			  -0.987506 -0.106888 -0.115787,
			  -0.987506 -0.106888 -0.115787,
			  -0.490884 -0.59096 -0.640156,
			  -0.490884 -0.59096 -0.640156,
			  0 -0.678309 -0.734777,
			  0 -0.678309 -0.734777,
			  0.490884 -0.59096 -0.640156,
			  0.490884 -0.59096 -0.640156,
			  0.987506 -0.106888 -0.115786,
			  0.987506 -0.106888 -0.115786,
			  -0.987506 -0.126312 -0.094218,
			  -0.987506 -0.126312 -0.094218,
			  -0.490884 -0.698345 -0.52091,
			  -0.490884 -0.698345 -0.52091,
			  0 -0.801567 -0.597905,
			  0 -0.801567 -0.597905,
			  0.490884 -0.698345 -0.52091,
			  0.490884 -0.698345 -0.52091,
			  0.987506 -0.126311 -0.094218,
			  0.987506 -0.126311 -0.094218,
			  -0.987506 -0.136798 -0.078217,
			  -0.987506 -0.136798 -0.078217,
			  -0.490884 -0.756325 -0.432442,
			  -0.490884 -0.756325 -0.432442,
			  0 -0.868116 -0.496361,
			  0 -0.868116 -0.496361,
			  0.490884 -0.756325 -0.432442,
			  0.490884 -0.756325 -0.432442,
			  0.987506 -0.136798 -0.078217,
			  0.987506 -0.136798 -0.078217,
			  -0.989744 -0.135427 0.045449,
			  -0.987506 -0.134624 0.081902,
			  -0.537583 -0.819129 0.200082,
			  -0.528749 -0.804673 0.270049,
			  0 -0.97144 0.237286,
			  0 -0.97144 0.237286,
			  0.528748 -0.804673 0.27005,
			  0.537583 -0.819129 0.200082,
			  0.987506 -0.134624 0.081902,
			  0.989744 -0.135427 0.045449,
			  1 0 0,
			  1 0 0,
			  1 0 0,
			  1 0 0,
			  1 0 0,
			  1 0 0,
			  1 0 0,
			  1 0 0,
			  1 0 0,
			  1 0 0,
			  1 0 0,
			  1 0 0,
			  1 0 0,
			  1 0 0,
			  1 0 0,
			  1 0 0,
			  1 0 0,
			  1 0 0,
			  1 0 0,
			  1 0 0,
			  1 0 0,
			  -1 0 0,
			  -1 0 0,
			  -1 0 0,
			  -1 0 0,
			  -1 0 0,
			  -1 0 0,
			  -1 0 0,
			  -1 0 0,
			  -1 0 0,
			  -1 0 0,
			  -1 0 0,
			  -1 0 0,
			  -1 0 0,
			  -1 0 0,
			  -1 0 0,
			  -1 0 0,
			  -1 0 0,
			  -1 0 0,
			  -1 0 0,
			  -1 0 0,
			  -1 0 0,
			  -1 0 0,
			  0 0 -1,
			  0 0 -1,
			  0 0 -1,
			  0 0 -1,
			  0 0 1,
			  0 0 1,
			  0 0 1,
			  0 0 1,
			  -1 0 0,
			  -1 0 0,
			  -1 0 0,
			  -1 0 0,
			  1 0 0,
			  1 0 0,
			  1 0 0,
			  1 0 0,
			  0.707107 0 0.707107,
			  0.707107 0 0.707107,
			  -0.707107 0 0.707107,
			  -0.707107 0 0.707107,
			  -0.707107 0 -0.707107,
			  -0.707107 0 -0.707107,
			  0.707107 0 -0.707107,
			  0.707107 0 -0.707107,
			  0.988987 0.075313 0.127404,
			  0.987506 -0.023927 0.155754,
			  0.987506 -0.023927 0.155754,
			  0.987506 0.103086 0.119185,
			  0.521417 0.376103 0.765944,
			  0.490884 -0.132288 0.861123,
			  0.490884 -0.132288 0.861123,
			  0.515011 0.436195 0.737901,
			  0 0.440762 0.897624,
			  0 -0.151841 0.988405,
			  0 -0.151841 0.988405,
			  0 0.440762 0.897624,
			  -0.51501 0.436196 0.737901,
			  -0.490884 -0.132288 0.861123,
			  -0.490884 -0.132288 0.861123,
			  -0.521417 0.376103 0.765944,
			  -0.987506 0.103085 0.119185,
			  -0.987506 -0.023927 0.155753,
			  -0.987506 -0.023927 0.155753,
			  -0.988987 0.075312 0.127404,
			  0.987506 -0.027348 0.155189,
			  0.987506 -0.027348 0.155189,
			  0.490884 -0.151202 0.858004,
			  0.490884 -0.151202 0.858004,
			  0 -0.173551 0.984825,
			  0 -0.173551 0.984825,
			  -0.490884 -0.151202 0.858004,
			  -0.490884 -0.151202 0.858004,
			  -0.987506 -0.027348 0.155189,
			  -0.987506 -0.027348 0.155189,
			  0.987506 -0.032368 0.154221,
			  0.987506 -0.032368 0.154221,
			  0.490884 -0.178952 0.852648,
			  0.490884 -0.178952 0.852648,
			  0 -0.205403 0.978677,
			  0 -0.205403 0.978677,
			  -0.490884 -0.178952 0.852648,
			  -0.490884 -0.178952 0.852648,
			  -0.987506 -0.032368 0.15422,
			  -0.987506 -0.032368 0.15422,
			  0.987506 -0.038793 0.152731,
			  0.987506 -0.038793 0.152731,
			  0.490884 -0.214477 0.844413,
			  0.490884 -0.214477 0.844413,
			  0 -0.246179 0.969224,
			  0 -0.246179 0.969224,
			  -0.490884 -0.214477 0.844413,
			  -0.490884 -0.214477 0.844413,
			  -0.987506 -0.038793 0.152731,
			  -0.987506 -0.038793 0.152731,
			  0.987506 -0.047831 0.150146,
			  0.987506 -0.047831 0.150146,
			  0.490884 -0.264447 0.830121,
			  0.490884 -0.264447 0.830121,
			  0 -0.303535 0.95282,
			  0 -0.303535 0.95282,
			  -0.490884 -0.264447 0.830121,
			  -0.490884 -0.264447 0.830121,
			  -0.987506 -0.047831 0.150146,
			  -0.987506 -0.047831 0.150146,
			  0.987506 -0.061553 0.145062,
			  0.987506 -0.061553 0.145062,
			  0.490884 -0.340309 0.802012,
			  0.490884 -0.340309 0.802012,
			  0 -0.39061 0.920556,
			  0 -0.39061 0.920556,
			  -0.490884 -0.340309 0.802012,
			  -0.490884 -0.340309 0.802012,
			  -0.987506 -0.061553 0.145062,
			  -0.987506 -0.061553 0.145062,
			  0.987506 -0.082291 0.134387,
			  0.987506 -0.082291 0.134387,
			  0.490884 -0.454968 0.742992,
			  0.490884 -0.454968 0.742992,
			  0 -0.522216 0.852813,
			  0 -0.522216 0.852813,
			  -0.490884 -0.454968 0.742992,
			  -0.490884 -0.454968 0.742992,
			  -0.987506 -0.082291 0.134387,
			  -0.987506 -0.082291 0.134387,
			  0.987506 -0.106888 0.115787,
			  0.987506 -0.106888 0.115787,
			  0.490884 -0.59096 0.640156,
			  0.490884 -0.59096 0.640156,
			  0 -0.678309 0.734777,
			  0 -0.678309 0.734777,
			  -0.490884 -0.59096 0.640156,
			  -0.490884 -0.59096 0.640156,
			  -0.987506 -0.106888 0.115786,
			  -0.987506 -0.106888 0.115787,
			  0.987506 -0.126312 0.094218,
			  0.987506 -0.126312 0.094218,
			  0.490884 -0.698345 0.52091,
			  0.490884 -0.698345 0.52091,
			  0 -0.801567 0.597905,
			  0 -0.801567 0.597905,
			  -0.490884 -0.698345 0.52091,
			  -0.490884 -0.698345 0.52091,
			  -0.987506 -0.126311 0.094218,
			  -0.987506 -0.126311 0.094218,
			  0.987506 -0.136798 0.078217,
			  0.987506 -0.136798 0.078217,
			  0.490884 -0.756325 0.432442,
			  0.490884 -0.756325 0.432442,
			  0 -0.868116 0.496361,
			  0 -0.868116 0.496361,
			  -0.490884 -0.756325 0.432442,
			  -0.490884 -0.756325 0.432442,
			  -0.987506 -0.136798 0.078217,
			  -0.987506 -0.136798 0.078217,
			  0.989744 -0.135427 -0.04545,
			  0.987506 -0.134624 -0.081902,
			  0.537583 -0.819129 -0.200082,
			  0.528748 -0.804673 -0.27005,
			  0 -0.97144 -0.237286,
			  0 -0.97144 -0.237286,
			  -0.528748 -0.804673 -0.27005,
			  -0.537583 -0.819129 -0.200082,
			  -0.987506 -0.134624 -0.081902,
			  -0.989744 -0.135427 -0.045449,
			  -1 0 0,
			  -1 0 0,
			  -1 0 0,
			  -1 0 0,
			  -1 0 0,
			  -1 0 0,
			  -1 0 0,
			  -1 0 0,
			  -1 0 0,
			  -1 0 0,
			  -1 0 0,
			  -1 0 0,
			  -1 0 0,
			  -1 0 0,
			  -1 0 0,
			  -1 0 0,
			  -1 0 0,
			  -1 0 0,
			  -1 0 0,
			  -1 0 0,
			  -1 0 0,
			  1 0 0,
			  1 0 0,
			  1 0 0,
			  1 0 0,
			  1 0 0,
			  1 0 0,
			  1 0 0,
			  1 0 0,
			  1 0 0,
			  1 0 0,
			  1 0 0,
			  1 0 0,
			  1 0 0,
			  1 0 0,
			  1 0 0,
			  1 0 0,
			  1 0 0,
			  1 0 0,
			  1 0 0,
			  1 0 0,
			  1 0 0,
			  0 0 0 ]
    }
    NormalBinding {
	value	PER_VERTEX_INDEXED
    }
    Group {
	Separator {
	    Material {
		diffuseColor	0.4 0.03 0.8
	    }
	    Separator {
		Normal {
		    vector	[ 0 0 -1,
				      0 0 -1,
				      0 0 -1,
				      0 0 -1,
				      0 0 -1,
				      0 0 -1,
				      0 0 1,
				      0 0 1,
				      0 0 1,
				      0 0 1,
				      0 0 1,
				      0 0 1,
				      -0.990268 0.139173 0,
				      -0.990268 0.139173 0,
				      -0.990268 0.139173 0,
				      -0.990268 0.139173 0,
				      -0.990268 0.139173 0,
				      -0.990268 0.139173 0,
				      0.990268 -0.139173 0,
				      0.990268 -0.139173 0,
				      0.990268 -0.139173 0,
				      0.990268 -0.139173 0,
				      0.990268 -0.139173 0,
				      0.990268 -0.139173 0,
				      -0.139173 -0.990268 0,
				      -0.139173 -0.990268 0,
				      -0.139173 -0.990268 0,
				      -0.139173 -0.990268 0,
				      -0.139173 -0.990268 0,
				      -0.139173 -0.990268 0,
				      0.139173 0.990268 0,
				      0.139173 0.990268 0,
				      0.139173 0.990268 0,
				      0.139173 0.990268 0,
				      0.139173 0.990268 0,
				      0.139173 0.990268 0,
				      0.990268 -0.139173 0,
				      0.575582 -0.080893 0.813733,
				      0.575582 -0.080893 0.813733,
				      0.990268 -0.139173 0,
				      0.575582 -0.080893 0.813733,
				      0.990268 -0.139173 0,
				      0.575582 -0.080893 0.813733,
				      0 0 1,
				      0 0 1,
				      0.575582 -0.080893 0.813733,
				      0 0 1,
				      0.575582 -0.080893 0.813733,
				      0.798635 0.601815 0,
				      0.533019 0.56633 0.628619,
				      0.575582 -0.080893 0.813733,
				      0.798635 0.601815 0,
				      0.575582 -0.080893 0.813733,
				      0.990268 -0.139173 0,
				      0.533019 0.56633 0.628619,
				      0.080893 0.575582 0.813733,
				      0 0 1,
				      0.533019 0.56633 0.628619,
				      0 0 1,
				      0.575582 -0.080893 0.813733,
				      0.533019 0.56633 0.628619,
				      0.139173 0.990268 0,
				      0.533019 0.56633 0.628619,
				      0.533019 0.56633 0.628619,
				      0.533019 0.56633 0.628619,
				      0.798635 0.601815 0,
				      0.533019 0.56633 0.628619,
				      0.139173 0.990268 0,
				      0.080893 0.575582 0.813733,
				      0.533019 0.56633 0.628619,
				      0.080893 0.575582 0.813733,
				      0.533019 0.56633 0.628619,
				      0.533019 0.56633 0.628619,
				      0.601815 -0.798635 0,
				      0.356268 -0.691311 0.628619,
				      0.533019 0.56633 0.628619,
				      0.356268 -0.691311 0.628619,
				      -0.139173 -0.990268 0,
				      0.533019 0.56633 0.628619,
				      0.356268 -0.691311 0.628619,
				      -0.080893 -0.575582 0.813733,
				      0.533019 0.56633 0.628619,
				      -0.080893 -0.575582 0.813733,
				      -0.139173 -0.990268 0,
				      0.990268 -0.139173 0,
				      0.575582 -0.080893 0.813733,
				      0.356268 -0.691311 0.628619,
				      0.990268 -0.139173 0,
				      0.356268 -0.691311 0.628619,
				      0.601815 -0.798635 0,
				      0.575582 -0.080893 0.813733,
				      0 0 1,
				      -0.080893 -0.575582 0.813733,
				      0.575582 -0.080893 0.813733,
				      -0.080893 -0.575582 0.813733,
				      0.356268 -0.691311 0.628619,
				      0 0 1,
				      -0.575582 0.080893 0.813733,
				      -0.575582 0.080893 0.813733,
				      0 0 1,
				      -0.575582 0.080893 0.813733,
				      0 0 1,
				      -0.575582 0.080893 0.813733,
				      -0.990268 0.139173 0,
				      -0.990268 0.139173 0,
				      -0.575582 0.080893 0.813733,
				      -0.990268 0.139173 0,
				      -0.575582 0.080893 0.813733,
				      0.080893 0.575582 0.813733,
				      -0.356268 0.691311 0.628618,
				      -0.575582 0.080893 0.813733,
				      0.080893 0.575582 0.813733,
				      -0.575582 0.080893 0.813733,
				      0 0 1,
				      -0.356268 0.691311 0.628618,
				      -0.601815 0.798635 0,
				      -0.990268 0.139173 0,
				      -0.356268 0.691311 0.628618,
				      -0.990268 0.139173 0,
				      -0.575582 0.080893 0.813733,
				      -0.356268 0.691311 0.628618,
				      0.139173 0.990268 0,
				      -0.356268 0.691311 0.628618,
				      -0.356268 0.691311 0.628618,
				      -0.356268 0.691311 0.628618,
				      0.080893 0.575582 0.813733,
				      -0.356268 0.691311 0.628618,
				      0.139173 0.990268 0,
				      -0.601815 0.798635 0,
				      -0.356268 0.691311 0.628618,
				      -0.601815 0.798635 0,
				      -0.356268 0.691311 0.628618,
				      -0.356268 0.691311 0.628618,
				      -0.080893 -0.575582 0.813733,
				      -0.533019 -0.56633 0.628619,
				      -0.356268 0.691311 0.628618,
				      -0.533019 -0.56633 0.628619,
				      -0.139173 -0.990268 0,
				      -0.356268 0.691311 0.628618,
				      -0.533019 -0.56633 0.628619,
				      -0.798635 -0.601815 0,
				      -0.356268 0.691311 0.628618,
				      -0.798635 -0.601815 0,
				      -0.139173 -0.990268 0,
				      0 0 1,
				      -0.575582 0.080893 0.813733,
				      -0.533019 -0.56633 0.628619,
				      0 0 1,
				      -0.533019 -0.56633 0.628619,
				      -0.080893 -0.575582 0.813733,
				      -0.575582 0.080893 0.813733,
				      -0.990268 0.139173 0,
				      -0.798635 -0.601815 0,
				      -0.575582 0.080893 0.813733,
				      -0.798635 -0.601815 0,
				      -0.533019 -0.56633 0.628619,
				      -0.990268 0.139173 0,
				      -0.575582 0.080893 -0.813734,
				      -0.575582 0.080893 -0.813734,
				      -0.990268 0.139173 0,
				      -0.575582 0.080893 -0.813734,
				      -0.990268 0.139173 0,
				      -0.575582 0.080893 -0.813734,
				      0 0 -1,
				      0 0 -1,
				      -0.575582 0.080893 -0.813734,
				      0 0 -1,
				      -0.575582 0.080893 -0.813734,
				      -0.601815 0.798635 0,
				      -0.356268 0.691311 -0.628619,
				      -0.575582 0.080893 -0.813734,
				      -0.601815 0.798635 0,
				      -0.575582 0.080893 -0.813734,
				      -0.990268 0.139173 0,
				      -0.356268 0.691311 -0.628619,
				      0.080893 0.575582 -0.813733,
				      0 0 -1,
				      -0.356268 0.691311 -0.628619,
				      0 0 -1,
				      -0.575582 0.080893 -0.813734,
				      -0.356268 0.691311 -0.628619,
				      0.139173 0.990268 0,
				      -0.356268 0.691311 -0.628619,
				      -0.356268 0.691311 -0.628619,
				      -0.356268 0.691311 -0.628619,
				      -0.601815 0.798635 0,
				      -0.356268 0.691311 -0.628619,
				      0.139173 0.990268 0,
				      0.080893 0.575582 -0.813733,
				      -0.356268 0.691311 -0.628619,
				      0.080893 0.575582 -0.813733,
				      -0.356268 0.691311 -0.628619,
				      -0.356268 0.691311 -0.628619,
				      -0.798635 -0.601815 0,
				      -0.533018 -0.56633 -0.628619,
				      -0.356268 0.691311 -0.628619,
				      -0.533018 -0.56633 -0.628619,
				      -0.139173 -0.990268 0,
				      -0.356268 0.691311 -0.628619,
				      -0.533018 -0.56633 -0.628619,
				      -0.080893 -0.575582 -0.813733,
				      -0.356268 0.691311 -0.628619,
				      -0.080893 -0.575582 -0.813733,
				      -0.139173 -0.990268 0,
				      -0.990268 0.139173 0,
				      -0.575582 0.080893 -0.813734,
				      -0.533018 -0.56633 -0.628619,
				      -0.990268 0.139173 0,
				      -0.533018 -0.56633 -0.628619,
				      -0.798635 -0.601815 0,
				      -0.575582 0.080893 -0.813734,
				      0 0 -1,
				      -0.080893 -0.575582 -0.813733,
				      -0.575582 0.080893 -0.813734,
				      -0.080893 -0.575582 -0.813733,
				      -0.533018 -0.56633 -0.628619,
				      0 0 -1,
				      0.575582 -0.080893 -0.813733,
				      0.575582 -0.080893 -0.813733,
				      0 0 -1,
				      0.575582 -0.080893 -0.813733,
				      0 0 -1,
				      0.575582 -0.080893 -0.813733,
				      0.990268 -0.139173 0,
				      0.990268 -0.139173 0,
				      0.575582 -0.080893 -0.813733,
				      0.990268 -0.139173 0,
				      0.575582 -0.080893 -0.813733,
				      0.080893 0.575582 -0.813733,
				      0.533019 0.56633 -0.628619,
				      0.575582 -0.080893 -0.813733,
				      0.080893 0.575582 -0.813733,
				      0.575582 -0.080893 -0.813733,
				      0 0 -1,
				      0.533019 0.56633 -0.628619,
				      0.798635 0.601815 0,
				      0.990268 -0.139173 0,
				      0.533019 0.56633 -0.628619,
				      0.990268 -0.139173 0,
				      0.575582 -0.080893 -0.813733,
				      0.533019 0.56633 -0.628619,
				      0.139173 0.990268 0,
				      0.533019 0.56633 -0.628619,
				      0.533019 0.56633 -0.628619,
				      0.533019 0.56633 -0.628619,
				      0.080893 0.575582 -0.813733,
				      0.533019 0.56633 -0.628619,
				      0.139173 0.990268 0,
				      0.798635 0.601815 0,
				      0.533019 0.56633 -0.628619,
				      0.798635 0.601815 0,
				      0.533019 0.56633 -0.628619,
				      0.533019 0.56633 -0.628619,
				      -0.080893 -0.575582 -0.813733,
				      0.356268 -0.691311 -0.628619,
				      0.533019 0.56633 -0.628619,
				      0.356268 -0.691311 -0.628619,
				      -0.139173 -0.990268 0,
				      0.533019 0.56633 -0.628619,
				      0.356268 -0.691311 -0.628619,
				      0.601815 -0.798635 0,
				      0.533019 0.56633 -0.628619,
				      0.601815 -0.798635 0,
				      -0.139173 -0.990268 0,
				      0 0 -1,
				      0.575582 -0.080893 -0.813733,
				      0.356268 -0.691311 -0.628619,
				      0 0 -1,
				      0.356268 -0.691311 -0.628619,
				      -0.080893 -0.575582 -0.813733,
				      0.575582 -0.080893 -0.813733,
				      0.990268 -0.139173 0,
				      0.601815 -0.798635 0,
				      0.575582 -0.080893 -0.813733,
				      0.601815 -0.798635 0,
				      0.356268 -0.691311 -0.628619,
				      0.990268 -0.139173 0,
				      0.798635 0.601815 0,
				      0.798635 0.601815 0,
				      0.990268 -0.139173 0,
				      0.798635 0.601815 0,
				      0.990268 -0.139173 0,
				      0.798635 0.601815 0,
				      0.139173 0.990268 0,
				      0.139173 0.990268 0,
				      0.798635 0.601815 0,
				      0.139173 0.990268 0,
				      0.798635 0.601815 0,
				      0.139173 0.990268 0,
				      -0.601815 0.798635 0,
				      -0.601815 0.798635 0,
				      0.139173 0.990268 0,
				      -0.601815 0.798635 0,
				      0.139173 0.990268 0,
				      -0.601815 0.798635 0,
				      -0.990268 0.139173 0,
				      -0.990268 0.139173 0,
				      -0.601815 0.798635 0,
				      -0.990268 0.139173 0,
				      -0.601815 0.798635 0,
				      -0.990268 0.139173 0,
				      -0.798635 -0.601815 0,
				      -0.798635 -0.601815 0,
				      -0.990268 0.139173 0,
				      -0.798635 -0.601815 0,
				      -0.990268 0.139173 0,
				      -0.798635 -0.601815 0,
				      -0.139173 -0.990268 0,
				      -0.139173 -0.990268 0,
				      -0.798635 -0.601815 0,
				      -0.139173 -0.990268 0,
				      -0.798635 -0.601815 0,
				      -0.139173 -0.990268 0,
				      0.601815 -0.798635 0,
				      0.601815 -0.798635 0,
				      -0.139173 -0.990268 0,
				      0.601815 -0.798635 0,
				      -0.139173 -0.990268 0,
				      0.601815 -0.798635 0,
				      0.990268 -0.139173 0,
				      0.990268 -0.139173 0,
				      0.601815 -0.798635 0,
				      0.990268 -0.139173 0,
				      0.601815 -0.798635 0,
				      0.139173 0.990268 0,
				      0.080893 0.575582 0.813733,
				      0.080893 0.575582 0.813733,
				      0.139173 0.990268 0,
				      0.080893 0.575582 0.813733,
				      0.139173 0.990268 0,
				      0.080893 0.575582 0.813733,
				      0 0 1,
				      0 0 1,
				      0.080893 0.575582 0.813733,
				      0 0 1,
				      0.080893 0.575582 0.813733,
				      0 0 1,
				      -0.080893 -0.575582 0.813733,
				      -0.080893 -0.575582 0.813733,
				      0 0 1,
				      -0.080893 -0.575582 0.813733,
				      0 0 1,
				      -0.080893 -0.575582 0.813733,
				      -0.139173 -0.990268 0,
				      -0.139173 -0.990268 0,
				      -0.080893 -0.575582 0.813733,
				      -0.139173 -0.990268 0,
				      -0.080893 -0.575582 0.813733,
				      -0.139173 -0.990268 0,
				      -0.080893 -0.575582 -0.813733,
				      -0.080893 -0.575582 -0.813733,
				      -0.139173 -0.990268 0,
				      -0.080893 -0.575582 -0.813733,
				      -0.139173 -0.990268 0,
				      -0.080893 -0.575582 -0.813733,
				      0 0 -1,
				      0 0 -1,
				      -0.080893 -0.575582 -0.813733,
				      0 0 -1,
				      -0.080893 -0.575582 -0.813733,
				      0 0 -1,
				      0.080893 0.575582 -0.813733,
				      0.080893 0.575582 -0.813733,
				      0 0 -1,
				      0.080893 0.575582 -0.813733,
				      0 0 -1,
				      0.080893 0.575582 -0.813733,
				      0.139173 0.990268 0,
				      0.139173 0.990268 0,
				      0.080893 0.575582 -0.813733,
				      0.139173 0.990268 0,
				      0.080893 0.575582 -0.813733 ]
		}
		IndexedFaceSet {
		    coordIndex	[ 0, 1, 2, -1, 0, 2, 3, -1,
				      4, 5, 6, -1, 4, 6, 7, -1,
				      8, 9, 10, -1, 8, 10, 11, -1,
				      12, 13, 14, -1, 12, 14, 15, -1,
				      16, 17, 18, -1, 16, 18, 19, -1,
				      20, 21, 22, -1, 20, 22, 23, -1,
				      13, 24, 25, -1, 13, 25, 14, -1,
				      24, 4, 7, -1, 24, 7, 25, -1,
				      26, 27, 24, -1, 26, 24, 13, -1,
				      27, 28, 4, -1, 27, 4, 24, -1,
				      27, 21, 27, -1, 27, 27, 26, -1,
				      27, 21, 28, -1, 27, 28, 27, -1,
				      27, 29, 30, -1, 27, 30, 18, -1,
				      27, 30, 31, -1, 27, 31, 18, -1,
				      14, 25, 30, -1, 14, 30, 29, -1,
				      25, 7, 31, -1, 25, 31, 30, -1,
				      5, 32, 33, -1, 5, 33, 6, -1,
				      32, 8, 11, -1, 32, 11, 33, -1,
				      34, 35, 32, -1, 34, 32, 5, -1,
				      35, 36, 8, -1, 35, 8, 32, -1,
				      35, 20, 35, -1, 35, 35, 34, -1,
				      35, 20, 36, -1, 35, 36, 35, -1,
				      35, 37, 38, -1, 35, 38, 19, -1,
				      35, 38, 39, -1, 35, 39, 19, -1,
				      6, 33, 38, -1, 6, 38, 37, -1,
				      33, 11, 39, -1, 33, 39, 38, -1,
				      9, 40, 41, -1, 9, 41, 10, -1,
				      40, 0, 3, -1, 40, 3, 41, -1,
				      42, 43, 40, -1, 42, 40, 9, -1,
				      43, 44, 0, -1, 43, 0, 40, -1,
				      43, 23, 43, -1, 43, 43, 42, -1,
				      43, 23, 44, -1, 43, 44, 43, -1,
				      43, 45, 46, -1, 43, 46, 16, -1,
				      43, 46, 47, -1, 43, 47, 16, -1,
				      10, 41, 46, -1, 10, 46, 45, -1,
				      41, 3, 47, -1, 41, 47, 46, -1,
				      1, 48, 49, -1, 1, 49, 2, -1,
				      48, 12, 15, -1, 48, 15, 49, -1,
				      50, 51, 48, -1, 50, 48, 1, -1,
				      51, 52, 12, -1, 51, 12, 48, -1,
				      51, 22, 51, -1, 51, 51, 50, -1,
				      51, 22, 52, -1, 51, 52, 51, -1,
				      51, 53, 54, -1, 51, 54, 17, -1,
				      51, 54, 55, -1, 51, 55, 17, -1,
				      2, 49, 54, -1, 2, 54, 53, -1,
				      49, 15, 55, -1, 49, 55, 54, -1,
				      12, 52, 26, -1, 12, 26, 13, -1,
				      52, 22, 21, -1, 52, 21, 26, -1,
				      23, 42, 36, -1, 23, 36, 20, -1,
				      42, 9, 8, -1, 42, 8, 36, -1,
				      10, 45, 39, -1, 10, 39, 11, -1,
				      45, 16, 19, -1, 45, 19, 39, -1,
				      17, 55, 29, -1, 17, 29, 18, -1,
				      55, 15, 14, -1, 55, 14, 29, -1,
				      20, 34, 28, -1, 20, 28, 21, -1,
				      34, 5, 4, -1, 34, 4, 28, -1,
				      6, 37, 31, -1, 6, 31, 7, -1,
				      37, 19, 18, -1, 37, 18, 31, -1,
				      16, 47, 53, -1, 16, 53, 17, -1,
				      47, 3, 2, -1, 47, 2, 53, -1,
				      0, 44, 50, -1, 0, 50, 1, -1,
				      44, 23, 22, -1, 44, 22, 50, -1 ]
		    normalIndex	[ 0, 1, 2, -1, 3, 4, 5, -1,
				      6, 7, 8, -1, 9, 10, 11, -1,
				      12, 13, 14, -1, 15, 16, 17, -1,
				      18, 19, 20, -1, 21, 22, 23, -1,
				      24, 25, 26, -1, 27, 28, 29, -1,
				      30, 31, 32, -1, 33, 34, 35, -1,
				      36, 37, 38, -1, 39, 40, 41, -1,
				      42, 43, 44, -1, 45, 46, 47, -1,
				      48, 49, 50, -1, 51, 52, 53, -1,
				      54, 55, 56, -1, 57, 58, 59, -1,
				      60, 61, 62, -1, 63, 64, 65, -1,
				      66, 67, 68, -1, 69, 70, 71, -1,
				      72, 73, 74, -1, 75, 76, 77, -1,
				      78, 79, 80, -1, 81, 82, 83, -1,
				      84, 85, 86, -1, 87, 88, 89, -1,
				      90, 91, 92, -1, 93, 94, 95, -1,
				      96, 97, 98, -1, 99, 100, 101, -1,
				      102, 103, 104, -1, 105, 106, 107, -1,
				      108, 109, 110, -1, 111, 112, 113, -1,
				      114, 115, 116, -1, 117, 118, 119, -1,
				      120, 121, 122, -1, 123, 124, 125, -1,
				      126, 127, 128, -1, 129, 130, 131, -1,
				      132, 133, 134, -1, 135, 136, 137, -1,
				      138, 139, 140, -1, 141, 142, 143, -1,
				      144, 145, 146, -1, 147, 148, 149, -1,
				      150, 151, 152, -1, 153, 154, 155, -1,
				      156, 157, 158, -1, 159, 160, 161, -1,
				      162, 163, 164, -1, 165, 166, 167, -1,
				      168, 169, 170, -1, 171, 172, 173, -1,
				      174, 175, 176, -1, 177, 178, 179, -1,
				      180, 181, 182, -1, 183, 184, 185, -1,
				      186, 187, 188, -1, 189, 190, 191, -1,
				      192, 193, 194, -1, 195, 196, 197, -1,
				      198, 199, 200, -1, 201, 202, 203, -1,
				      204, 205, 206, -1, 207, 208, 209, -1,
				      210, 211, 212, -1, 213, 214, 215, -1,
				      216, 217, 218, -1, 219, 220, 221, -1,
				      222, 223, 224, -1, 225, 226, 227, -1,
				      228, 229, 230, -1, 231, 232, 233, -1,
				      234, 235, 236, -1, 237, 238, 239, -1,
				      240, 241, 242, -1, 243, 244, 245, -1,
				      246, 247, 248, -1, 249, 250, 251, -1,
				      252, 253, 254, -1, 255, 256, 257, -1,
				      258, 259, 260, -1, 261, 262, 263, -1,
				      264, 265, 266, -1, 267, 268, 269, -1,
				      270, 271, 272, -1, 273, 274, 275, -1,
				      276, 277, 278, -1, 279, 280, 281, -1,
				      282, 283, 284, -1, 285, 286, 287, -1,
				      288, 289, 290, -1, 291, 292, 293, -1,
				      294, 295, 296, -1, 297, 298, 299, -1,
				      300, 301, 302, -1, 303, 304, 305, -1,
				      306, 307, 308, -1, 309, 310, 311, -1,
				      312, 313, 314, -1, 315, 316, 317, -1,
				      318, 319, 320, -1, 321, 322, 323, -1,
				      324, 325, 326, -1, 327, 328, 329, -1,
				      330, 331, 332, -1, 333, 334, 335, -1,
				      336, 337, 338, -1, 339, 340, 341, -1,
				      342, 343, 344, -1, 345, 346, 347, -1,
				      348, 349, 350, -1, 351, 352, 353, -1,
				      354, 355, 356, -1, 357, 358, 359, -1,
				      360, 361, 362, -1, 363, 364, 365, -1,
				      366, 367, 368, -1, 369, 370, 371, -1 ]
		}
	    }
	}
	Separator {
	    Material {
		diffuseColor	0.8 0 0.07
	    }
	    Separator {
		Normal {
		    vector	[ 0 0 -1,
				      0 0 -1,
				      0 0 -1,
				      0 0 -1,
				      0 0 -1,
				      0 0 -1,
				      0 0 1,
				      0 0 1,
				      0 0 1,
				      0 0 1,
				      0 0 1,
				      0 0 1,
				      -0.97437 0.224951 0,
				      -0.97437 0.224951 0,
				      -0.97437 0.224951 0,
				      -0.97437 0.224951 0,
				      -0.97437 0.224951 0,
				      -0.97437 0.224951 0,
				      0.97437 -0.224951 0,
				      0.97437 -0.224951 0,
				      0.97437 -0.224951 0,
				      0.97437 -0.224951 0,
				      0.97437 -0.224951 0,
				      0.97437 -0.224951 0,
				      -0.224951 -0.97437 0,
				      -0.224951 -0.97437 0,
				      -0.224951 -0.97437 0,
				      -0.224951 -0.97437 0,
				      -0.224951 -0.97437 0,
				      -0.224951 -0.97437 0,
				      0.224951 0.97437 0,
				      0.224951 0.97437 0,
				      0.224951 0.97437 0,
				      0.224951 0.97437 0,
				      0.224951 0.97437 0,
				      0.224951 0.97437 0,
				      0.97437 -0.224951 0,
				      0.566341 -0.13075 0.813734,
				      0.566341 -0.13075 0.813734,
				      0.97437 -0.224951 0,
				      0.566341 -0.13075 0.813734,
				      0.97437 -0.224951 0,
				      0.566341 -0.13075 0.813734,
				      0 0 1,
				      0 0 1,
				      0.566341 -0.13075 0.813734,
				      0 0 1,
				      0.566341 -0.13075 0.813734,
				      0.848048 0.529919 0,
				      0.580349 0.51772 0.628619,
				      0.566341 -0.13075 0.813734,
				      0.848048 0.529919 0,
				      0.566341 -0.13075 0.813734,
				      0.97437 -0.224951 0,
				      0.580349 0.51772 0.628619,
				      0.13075 0.566341 0.813733,
				      0 0 1,
				      0.580349 0.51772 0.628619,
				      0 0 1,
				      0.566341 -0.13075 0.813734,
				      0.580349 0.51772 0.628619,
				      0.224951 0.97437 0,
				      0.580349 0.51772 0.628619,
				      0.580349 0.51772 0.628619,
				      0.580349 0.51772 0.628619,
				      0.848048 0.529919 0,
				      0.580349 0.51772 0.628619,
				      0.224951 0.97437 0,
				      0.13075 0.566341 0.813733,
				      0.580349 0.51772 0.628619,
				      0.13075 0.566341 0.813733,
				      0.580349 0.51772 0.628619,
				      0.580349 0.51772 0.628619,
				      0.529919 -0.848048 0,
				      0.294661 -0.719732 0.628619,
				      0.580349 0.51772 0.628619,
				      0.294661 -0.719732 0.628619,
				      -0.224951 -0.97437 0,
				      0.580349 0.51772 0.628619,
				      0.294661 -0.719732 0.628619,
				      -0.13075 -0.566341 0.813733,
				      0.580349 0.51772 0.628619,
				      -0.13075 -0.566341 0.813733,
				      -0.224951 -0.97437 0,
				      0.97437 -0.224951 0,
				      0.566341 -0.13075 0.813734,
				      0.294661 -0.719732 0.628619,
				      0.97437 -0.224951 0,
				      0.294661 -0.719732 0.628619,
				      0.529919 -0.848048 0,
				      0.566341 -0.13075 0.813734,
				      0 0 1,
				      -0.13075 -0.566341 0.813733,
				      0.566341 -0.13075 0.813734,
				      -0.13075 -0.566341 0.813733,
				      0.294661 -0.719732 0.628619,
				      0 0 1,
				      -0.566341 0.13075 0.813733,
				      -0.566341 0.13075 0.813733,
				      0 0 1,
				      -0.566341 0.13075 0.813733,
				      0 0 1,
				      -0.566341 0.13075 0.813733,
				      -0.97437 0.224951 0,
				      -0.97437 0.224951 0,
				      -0.566341 0.13075 0.813733,
				      -0.97437 0.224951 0,
				      -0.566341 0.13075 0.813733,
				      0.13075 0.566341 0.813733,
				      -0.294661 0.719732 0.628619,
				      -0.566341 0.13075 0.813733,
				      0.13075 0.566341 0.813733,
				      -0.566341 0.13075 0.813733,
				      0 0 1,
				      -0.294661 0.719732 0.628619,
				      -0.529919 0.848048 0,
				      -0.97437 0.224951 0,
				      -0.294661 0.719732 0.628619,
				      -0.97437 0.224951 0,
				      -0.566341 0.13075 0.813733,
				      -0.294661 0.719732 0.628619,
				      0.224951 0.97437 0,
				      -0.294661 0.719732 0.628619,
				      -0.294661 0.719732 0.628619,
				      -0.294661 0.719732 0.628619,
				      0.13075 0.566341 0.813733,
				      -0.294661 0.719732 0.628619,
				      0.224951 0.97437 0,
				      -0.529919 0.848048 0,
				      -0.294661 0.719732 0.628619,
				      -0.529919 0.848048 0,
				      -0.294661 0.719732 0.628619,
				      -0.294661 0.719732 0.628619,
				      -0.13075 -0.566341 0.813733,
				      -0.580349 -0.51772 0.628619,
				      -0.294661 0.719732 0.628619,
				      -0.580349 -0.51772 0.628619,
				      -0.224951 -0.97437 0,
				      -0.294661 0.719732 0.628619,
				      -0.580349 -0.51772 0.628619,
				      -0.848048 -0.529919 0,
				      -0.294661 0.719732 0.628619,
				      -0.848048 -0.529919 0,
				      -0.224951 -0.97437 0,
				      0 0 1,
				      -0.566341 0.13075 0.813733,
				      -0.580349 -0.51772 0.628619,
				      0 0 1,
				      -0.580349 -0.51772 0.628619,
				      -0.13075 -0.566341 0.813733,
				      -0.566341 0.13075 0.813733,
				      -0.97437 0.224951 0,
				      -0.848048 -0.529919 0,
				      -0.566341 0.13075 0.813733,
				      -0.848048 -0.529919 0,
				      -0.580349 -0.51772 0.628619,
				      -0.97437 0.224951 0,
				      -0.566341 0.13075 -0.813734,
				      -0.566341 0.13075 -0.813734,
				      -0.97437 0.224951 0,
				      -0.566341 0.13075 -0.813734,
				      -0.97437 0.224951 0,
				      -0.566341 0.13075 -0.813734,
				      0 0 -1,
				      0 0 -1,
				      -0.566341 0.13075 -0.813734,
				      0 0 -1,
				      -0.566341 0.13075 -0.813734,
				      -0.529919 0.848048 0,
				      -0.294661 0.719732 -0.628619,
				      -0.566341 0.13075 -0.813734,
				      -0.529919 0.848048 0,
				      -0.566341 0.13075 -0.813734,
				      -0.97437 0.224951 0,
				      -0.294661 0.719732 -0.628619,
				      0.13075 0.566341 -0.813733,
				      0 0 -1,
				      -0.294661 0.719732 -0.628619,
				      0 0 -1,
				      -0.566341 0.13075 -0.813734,
				      -0.294661 0.719732 -0.628619,
				      0.224951 0.97437 0,
				      -0.294661 0.719732 -0.628619,
				      -0.294661 0.719732 -0.628619,
				      -0.294661 0.719732 -0.628619,
				      -0.529919 0.848048 0,
				      -0.294661 0.719732 -0.628619,
				      0.224951 0.97437 0,
				      0.13075 0.566341 -0.813733,
				      -0.294661 0.719732 -0.628619,
				      0.13075 0.566341 -0.813733,
				      -0.294661 0.719732 -0.628619,
				      -0.294661 0.719732 -0.628619,
				      -0.848048 -0.529919 0,
				      -0.580349 -0.51772 -0.628619,
				      -0.294661 0.719732 -0.628619,
				      -0.580349 -0.51772 -0.628619,
				      -0.224951 -0.97437 0,
				      -0.294661 0.719732 -0.628619,
				      -0.580349 -0.51772 -0.628619,
				      -0.13075 -0.566341 -0.813733,
				      -0.294661 0.719732 -0.628619,
				      -0.13075 -0.566341 -0.813733,
				      -0.224951 -0.97437 0,
				      -0.97437 0.224951 0,
				      -0.566341 0.13075 -0.813734,
				      -0.580349 -0.51772 -0.628619,
				      -0.97437 0.224951 0,
				      -0.580349 -0.51772 -0.628619,
				      -0.848048 -0.529919 0,
				      -0.566341 0.13075 -0.813734,
				      0 0 -1,
				      -0.13075 -0.566341 -0.813733,
				      -0.566341 0.13075 -0.813734,
				      -0.13075 -0.566341 -0.813733,
				      -0.580349 -0.51772 -0.628619,
				      0 0 -1,
				      0.566341 -0.13075 -0.813733,
				      0.566341 -0.13075 -0.813733,
				      0 0 -1,
				      0.566341 -0.13075 -0.813733,
				      0 0 -1,
				      0.566341 -0.13075 -0.813733,
				      0.97437 -0.224951 0,
				      0.97437 -0.224951 0,
				      0.566341 -0.13075 -0.813733,
				      0.97437 -0.224951 0,
				      0.566341 -0.13075 -0.813733,
				      0.13075 0.566341 -0.813733,
				      0.580349 0.51772 -0.628619,
				      0.566341 -0.13075 -0.813733,
				      0.13075 0.566341 -0.813733,
				      0.566341 -0.13075 -0.813733,
				      0 0 -1,
				      0.580349 0.51772 -0.628619,
				      0.848048 0.529919 0,
				      0.97437 -0.224951 0,
				      0.580349 0.51772 -0.628619,
				      0.97437 -0.224951 0,
				      0.566341 -0.13075 -0.813733,
				      0.580349 0.51772 -0.628619,
				      0.224951 0.97437 0,
				      0.580349 0.51772 -0.628619,
				      0.580349 0.51772 -0.628619,
				      0.580349 0.51772 -0.628619,
				      0.13075 0.566341 -0.813733,
				      0.580349 0.51772 -0.628619,
				      0.224951 0.97437 0,
				      0.848048 0.529919 0,
				      0.580349 0.51772 -0.628619,
				      0.848048 0.529919 0,
				      0.580349 0.51772 -0.628619,
				      0.580349 0.51772 -0.628619,
				      -0.13075 -0.566341 -0.813733,
				      0.294661 -0.719732 -0.628619,
				      0.580349 0.51772 -0.628619,
				      0.294661 -0.719732 -0.628619,
				      -0.224951 -0.97437 0,
				      0.580349 0.51772 -0.628619,
				      0.294661 -0.719732 -0.628619,
				      0.529919 -0.848048 0,
				      0.580349 0.51772 -0.628619,
				      0.529919 -0.848048 0,
				      -0.224951 -0.97437 0,
				      0 0 -1,
				      0.566341 -0.13075 -0.813733,
				      0.294661 -0.719732 -0.628619,
				      0 0 -1,
				      0.294661 -0.719732 -0.628619,
				      -0.13075 -0.566341 -0.813733,
				      0.566341 -0.13075 -0.813733,
				      0.97437 -0.224951 0,
				      0.529919 -0.848048 0,
				      0.566341 -0.13075 -0.813733,
				      0.529919 -0.848048 0,
				      0.294661 -0.719732 -0.628619,
				      0.97437 -0.224951 0,
				      0.848048 0.529919 0,
				      0.848048 0.529919 0,
				      0.97437 -0.224951 0,
				      0.848048 0.529919 0,
				      0.97437 -0.224951 0,
				      0.848048 0.529919 0,
				      0.224951 0.97437 0,
				      0.224951 0.97437 0,
				      0.848048 0.529919 0,
				      0.224951 0.97437 0,
				      0.848048 0.529919 0,
				      0.224951 0.97437 0,
				      -0.529919 0.848048 0,
				      -0.529919 0.848048 0,
				      0.224951 0.97437 0,
				      -0.529919 0.848048 0,
				      0.224951 0.97437 0,
				      -0.529919 0.848048 0,
				      -0.97437 0.224951 0,
				      -0.97437 0.224951 0,
				      -0.529919 0.848048 0,
				      -0.97437 0.224951 0,
				      -0.529919 0.848048 0,
				      -0.97437 0.224951 0,
				      -0.848048 -0.529919 0,
				      -0.848048 -0.529919 0,
				      -0.97437 0.224951 0,
				      -0.848048 -0.529919 0,
				      -0.97437 0.224951 0,
				      -0.848048 -0.529919 0,
				      -0.224951 -0.97437 0,
				      -0.224951 -0.97437 0,
				      -0.848048 -0.529919 0,
				      -0.224951 -0.97437 0,
				      -0.848048 -0.529919 0,
				      -0.224951 -0.97437 0,
				      0.529919 -0.848048 0,
				      0.529919 -0.848048 0,
				      -0.224951 -0.97437 0,
				      0.529919 -0.848048 0,
				      -0.224951 -0.97437 0,
				      0.529919 -0.848048 0,
				      0.97437 -0.224951 0,
				      0.97437 -0.224951 0,
				      0.529919 -0.848048 0,
				      0.97437 -0.224951 0,
				      0.529919 -0.848048 0,
				      0.224951 0.97437 0,
				      0.13075 0.566341 0.813733,
				      0.13075 0.566341 0.813733,
				      0.224951 0.97437 0,
				      0.13075 0.566341 0.813733,
				      0.224951 0.97437 0,
				      0.13075 0.566341 0.813733,
				      0 0 1,
				      0 0 1,
				      0.13075 0.566341 0.813733,
				      0 0 1,
				      0.13075 0.566341 0.813733,
				      0 0 1,
				      -0.13075 -0.566341 0.813733,
				      -0.13075 -0.566341 0.813733,
				      0 0 1,
				      -0.13075 -0.566341 0.813733,
				      0 0 1,
				      -0.13075 -0.566341 0.813733,
				      -0.224951 -0.97437 0,
				      -0.224951 -0.97437 0,
				      -0.13075 -0.566341 0.813733,
				      -0.224951 -0.97437 0,
				      -0.13075 -0.566341 0.813733,
				      -0.224951 -0.97437 0,
				      -0.13075 -0.566341 -0.813733,
				      -0.13075 -0.566341 -0.813733,
				      -0.224951 -0.97437 0,
				      -0.13075 -0.566341 -0.813733,
				      -0.224951 -0.97437 0,
				      -0.13075 -0.566341 -0.813733,
				      0 0 -1,
				      0 0 -1,
				      -0.13075 -0.566341 -0.813733,
				      0 0 -1,
				      -0.13075 -0.566341 -0.813733,
				      0 0 -1,
				      0.13075 0.566341 -0.813733,
				      0.13075 0.566341 -0.813733,
				      0 0 -1,
				      0.13075 0.566341 -0.813733,
				      0 0 -1,
				      0.13075 0.566341 -0.813733,
				      0.224951 0.97437 0,
				      0.224951 0.97437 0,
				      0.13075 0.566341 -0.813733,
				      0.224951 0.97437 0,
				      0.13075 0.566341 -0.813733 ]
		}
		IndexedFaceSet {
		    coordIndex	[ 56, 57, 58, -1, 56, 58, 59, -1,
				      60, 61, 62, -1, 60, 62, 63, -1,
				      64, 65, 66, -1, 64, 66, 67, -1,
				      68, 69, 70, -1, 68, 70, 71, -1,
				      72, 73, 74, -1, 72, 74, 75, -1,
				      76, 77, 78, -1, 76, 78, 79, -1,
				      69, 80, 81, -1, 69, 81, 70, -1,
				      80, 60, 63, -1, 80, 63, 81, -1,
				      82, 83, 80, -1, 82, 80, 69, -1,
				      83, 84, 60, -1, 83, 60, 80, -1,
				      83, 77, 83, -1, 83, 83, 82, -1,
				      83, 77, 84, -1, 83, 84, 83, -1,
				      83, 85, 86, -1, 83, 86, 74, -1,
				      83, 86, 87, -1, 83, 87, 74, -1,
				      70, 81, 86, -1, 70, 86, 85, -1,
				      81, 63, 87, -1, 81, 87, 86, -1,
				      61, 88, 89, -1, 61, 89, 62, -1,
				      88, 64, 67, -1, 88, 67, 89, -1,
				      90, 91, 88, -1, 90, 88, 61, -1,
				      91, 92, 64, -1, 91, 64, 88, -1,
				      91, 76, 91, -1, 91, 91, 90, -1,
				      91, 76, 92, -1, 91, 92, 91, -1,
				      91, 93, 94, -1, 91, 94, 75, -1,
				      91, 94, 95, -1, 91, 95, 75, -1,
				      62, 89, 94, -1, 62, 94, 93, -1,
				      89, 67, 95, -1, 89, 95, 94, -1,
				      65, 96, 97, -1, 65, 97, 66, -1,
				      96, 56, 59, -1, 96, 59, 97, -1,
				      98, 99, 96, -1, 98, 96, 65, -1,
				      99, 100, 56, -1, 99, 56, 96, -1,
				      99, 79, 99, -1, 99, 99, 98, -1,
				      99, 79, 100, -1, 99, 100, 99, -1,
				      99, 101, 102, -1, 99, 102, 72, -1,
				      99, 102, 103, -1, 99, 103, 72, -1,
				      66, 97, 102, -1, 66, 102, 101, -1,
				      97, 59, 103, -1, 97, 103, 102, -1,
				      57, 104, 105, -1, 57, 105, 58, -1,
				      104, 68, 71, -1, 104, 71, 105, -1,
				      106, 107, 104, -1, 106, 104, 57, -1,
				      107, 108, 68, -1, 107, 68, 104, -1,
				      107, 78, 107, -1, 107, 107, 106, -1,
				      107, 78, 108, -1, 107, 108, 107, -1,
				      107, 109, 110, -1, 107, 110, 73, -1,
				      107, 110, 111, -1, 107, 111, 73, -1,
				      58, 105, 110, -1, 58, 110, 109, -1,
				      105, 71, 111, -1, 105, 111, 110, -1,
				      68, 108, 82, -1, 68, 82, 69, -1,
				      108, 78, 77, -1, 108, 77, 82, -1,
				      79, 98, 92, -1, 79, 92, 76, -1,
				      98, 65, 64, -1, 98, 64, 92, -1,
				      66, 101, 95, -1, 66, 95, 67, -1,
				      101, 72, 75, -1, 101, 75, 95, -1,
				      73, 111, 85, -1, 73, 85, 74, -1,
				      111, 71, 70, -1, 111, 70, 85, -1,
				      76, 90, 84, -1, 76, 84, 77, -1,
				      90, 61, 60, -1, 90, 60, 84, -1,
				      62, 93, 87, -1, 62, 87, 63, -1,
				      93, 75, 74, -1, 93, 74, 87, -1,
				      72, 103, 109, -1, 72, 109, 73, -1,
				      103, 59, 58, -1, 103, 58, 109, -1,
				      56, 100, 106, -1, 56, 106, 57, -1,
				      100, 79, 78, -1, 100, 78, 106, -1 ]
		    normalIndex	[ 0, 1, 2, -1, 3, 4, 5, -1,
				      6, 7, 8, -1, 9, 10, 11, -1,
				      12, 13, 14, -1, 15, 16, 17, -1,
				      18, 19, 20, -1, 21, 22, 23, -1,
				      24, 25, 26, -1, 27, 28, 29, -1,
				      30, 31, 32, -1, 33, 34, 35, -1,
				      36, 37, 38, -1, 39, 40, 41, -1,
				      42, 43, 44, -1, 45, 46, 47, -1,
				      48, 49, 50, -1, 51, 52, 53, -1,
				      54, 55, 56, -1, 57, 58, 59, -1,
				      60, 61, 62, -1, 63, 64, 65, -1,
				      66, 67, 68, -1, 69, 70, 71, -1,
				      72, 73, 74, -1, 75, 76, 77, -1,
				      78, 79, 80, -1, 81, 82, 83, -1,
				      84, 85, 86, -1, 87, 88, 89, -1,
				      90, 91, 92, -1, 93, 94, 95, -1,
				      96, 97, 98, -1, 99, 100, 101, -1,
				      102, 103, 104, -1, 105, 106, 107, -1,
				      108, 109, 110, -1, 111, 112, 113, -1,
				      114, 115, 116, -1, 117, 118, 119, -1,
				      120, 121, 122, -1, 123, 124, 125, -1,
				      126, 127, 128, -1, 129, 130, 131, -1,
				      132, 133, 134, -1, 135, 136, 137, -1,
				      138, 139, 140, -1, 141, 142, 143, -1,
				      144, 145, 146, -1, 147, 148, 149, -1,
				      150, 151, 152, -1, 153, 154, 155, -1,
				      156, 157, 158, -1, 159, 160, 161, -1,
				      162, 163, 164, -1, 165, 166, 167, -1,
				      168, 169, 170, -1, 171, 172, 173, -1,
				      174, 175, 176, -1, 177, 178, 179, -1,
				      180, 181, 182, -1, 183, 184, 185, -1,
				      186, 187, 188, -1, 189, 190, 191, -1,
				      192, 193, 194, -1, 195, 196, 197, -1,
				      198, 199, 200, -1, 201, 202, 203, -1,
				      204, 205, 206, -1, 207, 208, 209, -1,
				      210, 211, 212, -1, 213, 214, 215, -1,
				      216, 217, 218, -1, 219, 220, 221, -1,
				      222, 223, 224, -1, 225, 226, 227, -1,
				      228, 229, 230, -1, 231, 232, 233, -1,
				      234, 235, 236, -1, 237, 238, 239, -1,
				      240, 241, 242, -1, 243, 244, 245, -1,
				      246, 247, 248, -1, 249, 250, 251, -1,
				      252, 253, 254, -1, 255, 256, 257, -1,
				      258, 259, 260, -1, 261, 262, 263, -1,
				      264, 265, 266, -1, 267, 268, 269, -1,
				      270, 271, 272, -1, 273, 274, 275, -1,
				      276, 277, 278, -1, 279, 280, 281, -1,
				      282, 283, 284, -1, 285, 286, 287, -1,
				      288, 289, 290, -1, 291, 292, 293, -1,
				      294, 295, 296, -1, 297, 298, 299, -1,
				      300, 301, 302, -1, 303, 304, 305, -1,
				      306, 307, 308, -1, 309, 310, 311, -1,
				      312, 313, 314, -1, 315, 316, 317, -1,
				      318, 319, 320, -1, 321, 322, 323, -1,
				      324, 325, 326, -1, 327, 328, 329, -1,
				      330, 331, 332, -1, 333, 334, 335, -1,
				      336, 337, 338, -1, 339, 340, 341, -1,
				      342, 343, 344, -1, 345, 346, 347, -1,
				      348, 349, 350, -1, 351, 352, 353, -1,
				      354, 355, 356, -1, 357, 358, 359, -1,
				      360, 361, 362, -1, 363, 364, 365, -1,
				      366, 367, 368, -1, 369, 370, 371, -1 ]
		}
	    }
	}
	Separator {
	    Material {
		diffuseColor	0.05 0.8 0.8
	    }
	    Separator {
		Normal {
		    vector	[ 0 0 -1,
				      0 0 -1,
				      0 0 -1,
				      0 0 -1,
				      0 0 -1,
				      0 0 -1,
				      0 0 1,
				      0 0 1,
				      0 0 1,
				      0 0 1,
				      0 0 1,
				      0 0 1,
				      -0.987688 0.156434 0,
				      -0.987688 0.156434 0,
				      -0.987688 0.156434 0,
				      -0.987688 0.156434 0,
				      -0.987688 0.156434 0,
				      -0.987688 0.156434 0,
				      0.987688 -0.156434 0,
				      0.987688 -0.156434 0,
				      0.987688 -0.156434 0,
				      0.987688 -0.156434 0,
				      0.987688 -0.156434 0,
				      0.987688 -0.156434 0,
				      -0.156434 -0.987688 0,
				      -0.156434 -0.987688 0,
				      -0.156434 -0.987688 0,
				      -0.156434 -0.987688 0,
				      -0.156434 -0.987688 0,
				      -0.156434 -0.987688 0,
				      0.156434 0.987688 0,
				      0.156434 0.987688 0,
				      0.156434 0.987688 0,
				      0.156434 0.987688 0,
				      0.156434 0.987688 0,
				      0.156434 0.987688 0,
				      0.987688 -0.156434 0,
				      0.574082 -0.090926 0.813733,
				      0.574082 -0.090926 0.813733,
				      0.987688 -0.156434 0,
				      0.574082 -0.090926 0.813733,
				      0.987688 -0.156434 0,
				      0.574082 -0.090926 0.813733,
				      0 0 1,
				      0 0 1,
				      0.574082 -0.090926 0.813733,
				      0 0 1,
				      0.574082 -0.090926 0.813733,
				      0.809017 0.587785 0,
				      0.542821 0.556942 0.628619,
				      0.574082 -0.090926 0.813733,
				      0.809017 0.587785 0,
				      0.574082 -0.090926 0.813733,
				      0.987688 -0.156434 0,
				      0.542821 0.556942 0.628619,
				      0.090926 0.574082 0.813733,
				      0 0 1,
				      0.542821 0.556942 0.628619,
				      0 0 1,
				      0.574082 -0.090926 0.813733,
				      0.542821 0.556942 0.628619,
				      0.156434 0.987688 0,
				      0.542821 0.556942 0.628619,
				      0.542821 0.556942 0.628619,
				      0.542821 0.556942 0.628619,
				      0.809017 0.587785 0,
				      0.542821 0.556942 0.628619,
				      0.156434 0.987688 0,
				      0.090926 0.574082 0.813733,
				      0.542821 0.556942 0.628619,
				      0.090926 0.574082 0.813733,
				      0.542821 0.556942 0.628619,
				      0.542821 0.556942 0.628619,
				      0.587785 -0.809017 0,
				      0.344149 -0.697424 0.628619,
				      0.542821 0.556942 0.628619,
				      0.344149 -0.697424 0.628619,
				      -0.156434 -0.987688 0,
				      0.542821 0.556942 0.628619,
				      0.344149 -0.697424 0.628619,
				      -0.090926 -0.574082 0.813733,
				      0.542821 0.556942 0.628619,
				      -0.090926 -0.574082 0.813733,
				      -0.156434 -0.987688 0,
				      0.987688 -0.156434 0,
				      0.574082 -0.090926 0.813733,
				      0.344149 -0.697424 0.628619,
				      0.987688 -0.156434 0,
				      0.344149 -0.697424 0.628619,
				      0.587785 -0.809017 0,
				      0.574082 -0.090926 0.813733,
				      0 0 1,
				      -0.090926 -0.574082 0.813733,
				      0.574082 -0.090926 0.813733,
				      -0.090926 -0.574082 0.813733,
				      0.344149 -0.697424 0.628619,
				      0 0 1,
				      -0.574082 0.090926 0.813733,
				      -0.574082 0.090926 0.813733,
				      0 0 1,
				      -0.574082 0.090926 0.813733,
				      0 0 1,
				      -0.574082 0.090926 0.813733,
				      -0.987688 0.156434 0,
				      -0.987688 0.156434 0,
				      -0.574082 0.090926 0.813733,
				      -0.987688 0.156434 0,
				      -0.574082 0.090926 0.813733,
				      0.090926 0.574082 0.813733,
				      -0.344149 0.697424 0.628619,
				      -0.574082 0.090926 0.813733,
				      0.090926 0.574082 0.813733,
				      -0.574082 0.090926 0.813733,
				      0 0 1,
				      -0.344149 0.697424 0.628619,
				      -0.587785 0.809017 0,
				      -0.987688 0.156434 0,
				      -0.344149 0.697424 0.628619,
				      -0.987688 0.156434 0,
				      -0.574082 0.090926 0.813733,
				      -0.344149 0.697424 0.628619,
				      0.156434 0.987688 0,
				      -0.344149 0.697424 0.628619,
				      -0.344149 0.697424 0.628619,
				      -0.344149 0.697424 0.628619,
				      0.090926 0.574082 0.813733,
				      -0.344149 0.697424 0.628619,
				      0.156434 0.987688 0,
				      -0.587785 0.809017 0,
				      -0.344149 0.697424 0.628619,
				      -0.587785 0.809017 0,
				      -0.344149 0.697424 0.628619,
				      -0.344149 0.697424 0.628619,
				      -0.090926 -0.574082 0.813733,
				      -0.542821 -0.556942 0.628619,
				      -0.344149 0.697424 0.628619,
				      -0.542821 -0.556942 0.628619,
				      -0.156434 -0.987688 0,
				      -0.344149 0.697424 0.628619,
				      -0.542821 -0.556942 0.628619,
				      -0.809017 -0.587785 0,
				      -0.344149 0.697424 0.628619,
				      -0.809017 -0.587785 0,
				      -0.156434 -0.987688 0,
				      0 0 1,
				      -0.574082 0.090926 0.813733,
				      -0.542821 -0.556942 0.628619,
				      0 0 1,
				      -0.542821 -0.556942 0.628619,
				      -0.090926 -0.574082 0.813733,
				      -0.574082 0.090926 0.813733,
				      -0.987688 0.156434 0,
				      -0.809017 -0.587785 0,
				      -0.574082 0.090926 0.813733,
				      -0.809017 -0.587785 0,
				      -0.542821 -0.556942 0.628619,
				      -0.987688 0.156434 0,
				      -0.574082 0.090926 -0.813734,
				      -0.574082 0.090926 -0.813734,
				      -0.987688 0.156434 0,
				      -0.574082 0.090926 -0.813734,
				      -0.987688 0.156434 0,
				      -0.574082 0.090926 -0.813734,
				      0 0 -1,
				      0 0 -1,
				      -0.574082 0.090926 -0.813734,
				      0 0 -1,
				      -0.574082 0.090926 -0.813734,
				      -0.587785 0.809017 0,
				      -0.344149 0.697424 -0.628619,
				      -0.574082 0.090926 -0.813734,
				      -0.587785 0.809017 0,
				      -0.574082 0.090926 -0.813734,
				      -0.987688 0.156434 0,
				      -0.344149 0.697424 -0.628619,
				      0.090926 0.574082 -0.813733,
				      0 0 -1,
				      -0.344149 0.697424 -0.628619,
				      0 0 -1,
				      -0.574082 0.090926 -0.813734,
				      -0.344149 0.697424 -0.628619,
				      0.156434 0.987688 0,
				      -0.344149 0.697424 -0.628619,
				      -0.344149 0.697424 -0.628619,
				      -0.344149 0.697424 -0.628619,
				      -0.587785 0.809017 0,
				      -0.344149 0.697424 -0.628619,
				      0.156434 0.987688 0,
				      0.090926 0.574082 -0.813733,
				      -0.344149 0.697424 -0.628619,
				      0.090926 0.574082 -0.813733,
				      -0.344149 0.697424 -0.628619,
				      -0.344149 0.697424 -0.628619,
				      -0.809017 -0.587785 0,
				      -0.542821 -0.556942 -0.628619,
				      -0.344149 0.697424 -0.628619,
				      -0.542821 -0.556942 -0.628619,
				      -0.156434 -0.987688 0,
				      -0.344149 0.697424 -0.628619,
				      -0.542821 -0.556942 -0.628619,
				      -0.090926 -0.574082 -0.813733,
				      -0.344149 0.697424 -0.628619,
				      -0.090926 -0.574082 -0.813733,
				      -0.156434 -0.987688 0,
				      -0.987688 0.156434 0,
				      -0.574082 0.090926 -0.813734,
				      -0.542821 -0.556942 -0.628619,
				      -0.987688 0.156434 0,
				      -0.542821 -0.556942 -0.628619,
				      -0.809017 -0.587785 0,
				      -0.574082 0.090926 -0.813734,
				      0 0 -1,
				      -0.090926 -0.574082 -0.813733,
				      -0.574082 0.090926 -0.813734,
				      -0.090926 -0.574082 -0.813733,
				      -0.542821 -0.556942 -0.628619,
				      0 0 -1,
				      0.574082 -0.090926 -0.813733,
				      0.574082 -0.090926 -0.813733,
				      0 0 -1,
				      0.574082 -0.090926 -0.813733,
				      0 0 -1,
				      0.574082 -0.090926 -0.813733,
				      0.987688 -0.156434 0,
				      0.987688 -0.156434 0,
				      0.574082 -0.090926 -0.813733,
				      0.987688 -0.156434 0,
				      0.574082 -0.090926 -0.813733,
				      0.090926 0.574082 -0.813733,
				      0.542821 0.556942 -0.628619,
				      0.574082 -0.090926 -0.813733,
				      0.090926 0.574082 -0.813733,
				      0.574082 -0.090926 -0.813733,
				      0 0 -1,
				      0.542821 0.556942 -0.628619,
				      0.809017 0.587785 0,
				      0.987688 -0.156434 0,
				      0.542821 0.556942 -0.628619,
				      0.987688 -0.156434 0,
				      0.574082 -0.090926 -0.813733,
				      0.542821 0.556942 -0.628619,
				      0.156434 0.987688 0,
				      0.542821 0.556942 -0.628619,
				      0.542821 0.556942 -0.628619,
				      0.542821 0.556942 -0.628619,
				      0.090926 0.574082 -0.813733,
				      0.542821 0.556942 -0.628619,
				      0.156434 0.987688 0,
				      0.809017 0.587785 0,
				      0.542821 0.556942 -0.628619,
				      0.809017 0.587785 0,
				      0.542821 0.556942 -0.628619,
				      0.542821 0.556942 -0.628619,
				      -0.090926 -0.574082 -0.813733,
				      0.344149 -0.697424 -0.628619,
				      0.542821 0.556942 -0.628619,
				      0.344149 -0.697424 -0.628619,
				      -0.156434 -0.987688 0,
				      0.542821 0.556942 -0.628619,
				      0.344149 -0.697424 -0.628619,
				      0.587785 -0.809017 0,
				      0.542821 0.556942 -0.628619,
				      0.587785 -0.809017 0,
				      -0.156434 -0.987688 0,
				      0 0 -1,
				      0.574082 -0.090926 -0.813733,
				      0.344149 -0.697424 -0.628619,
				      0 0 -1,
				      0.344149 -0.697424 -0.628619,
				      -0.090926 -0.574082 -0.813733,
				      0.574082 -0.090926 -0.813733,
				      0.987688 -0.156434 0,
				      0.587785 -0.809017 0,
				      0.574082 -0.090926 -0.813733,
				      0.587785 -0.809017 0,
				      0.344149 -0.697424 -0.628619,
				      0.987688 -0.156434 0,
				      0.809017 0.587785 0,
				      0.809017 0.587785 0,
				      0.987688 -0.156434 0,
				      0.809017 0.587785 0,
				      0.987688 -0.156434 0,
				      0.809017 0.587785 0,
				      0.156434 0.987688 0,
				      0.156434 0.987688 0,
				      0.809017 0.587785 0,
				      0.156434 0.987688 0,
				      0.809017 0.587785 0,
				      0.156434 0.987688 0,
				      -0.587785 0.809017 0,
				      -0.587785 0.809017 0,
				      0.156434 0.987688 0,
				      -0.587785 0.809017 0,
				      0.156434 0.987688 0,
				      -0.587785 0.809017 0,
				      -0.987688 0.156434 0,
				      -0.987688 0.156434 0,
				      -0.587785 0.809017 0,
				      -0.987688 0.156434 0,
				      -0.587785 0.809017 0,
				      -0.987688 0.156434 0,
				      -0.809017 -0.587785 0,
				      -0.809017 -0.587785 0,
				      -0.987688 0.156434 0,
				      -0.809017 -0.587785 0,
				      -0.987688 0.156434 0,
				      -0.809017 -0.587785 0,
				      -0.156434 -0.987688 0,
				      -0.156434 -0.987688 0,
				      -0.809017 -0.587785 0,
				      -0.156434 -0.987688 0,
				      -0.809017 -0.587785 0,
				      -0.156434 -0.987688 0,
				      0.587785 -0.809017 0,
				      0.587785 -0.809017 0,
				      -0.156434 -0.987688 0,
				      0.587785 -0.809017 0,
				      -0.156434 -0.987688 0,
				      0.587785 -0.809017 0,
				      0.987688 -0.156434 0,
				      0.987688 -0.156434 0,
				      0.587785 -0.809017 0,
				      0.987688 -0.156434 0,
				      0.587785 -0.809017 0,
				      0.156434 0.987688 0,
				      0.090926 0.574082 0.813733,
				      0.090926 0.574082 0.813733,
				      0.156434 0.987688 0,
				      0.090926 0.574082 0.813733,
				      0.156434 0.987688 0,
				      0.090926 0.574082 0.813733,
				      0 0 1,
				      0 0 1,
				      0.090926 0.574082 0.813733,
				      0 0 1,
				      0.090926 0.574082 0.813733,
				      0 0 1,
				      -0.090926 -0.574082 0.813733,
				      -0.090926 -0.574082 0.813733,
				      0 0 1,
				      -0.090926 -0.574082 0.813733,
				      0 0 1,
				      -0.090926 -0.574082 0.813733,
				      -0.156434 -0.987688 0,
				      -0.156434 -0.987688 0,
				      -0.090926 -0.574082 0.813733,
				      -0.156434 -0.987688 0,
				      -0.090926 -0.574082 0.813733,
				      -0.156434 -0.987688 0,
				      -0.090926 -0.574082 -0.813733,
				      -0.090926 -0.574082 -0.813733,
				      -0.156434 -0.987688 0,
				      -0.090926 -0.574082 -0.813733,
				      -0.156434 -0.987688 0,
				      -0.090926 -0.574082 -0.813733,
				      0 0 -1,
				      0 0 -1,
				      -0.090926 -0.574082 -0.813733,
				      0 0 -1,
				      -0.090926 -0.574082 -0.813733,
				      0 0 -1,
				      0.090926 0.574082 -0.813733,
				      0.090926 0.574082 -0.813733,
				      0 0 -1,
				      0.090926 0.574082 -0.813733,
				      0 0 -1,
				      0.090926 0.574082 -0.813733,
				      0.156434 0.987688 0,
				      0.156434 0.987688 0,
				      0.090926 0.574082 -0.813733,
				      0.156434 0.987688 0,
				      0.090926 0.574082 -0.813733 ]
		}
		IndexedFaceSet {
		    coordIndex	[ 112, 113, 114, -1, 112, 114, 115, -1,
				      116, 117, 118, -1, 116, 118, 119, -1,
				      120, 121, 122, -1, 120, 122, 123, -1,
				      124, 125, 126, -1, 124, 126, 127, -1,
				      128, 129, 130, -1, 128, 130, 131, -1,
				      132, 133, 134, -1, 132, 134, 135, -1,
				      125, 136, 137, -1, 125, 137, 126, -1,
				      136, 116, 119, -1, 136, 119, 137, -1,
				      138, 139, 136, -1, 138, 136, 125, -1,
				      139, 140, 116, -1, 139, 116, 136, -1,
				      139, 133, 139, -1, 139, 139, 138, -1,
				      139, 133, 140, -1, 139, 140, 139, -1,
				      139, 141, 142, -1, 139, 142, 130, -1,
				      139, 142, 143, -1, 139, 143, 130, -1,
				      126, 137, 142, -1, 126, 142, 141, -1,
				      137, 119, 143, -1, 137, 143, 142, -1,
				      117, 144, 145, -1, 117, 145, 118, -1,
				      144, 120, 123, -1, 144, 123, 145, -1,
				      146, 147, 144, -1, 146, 144, 117, -1,
				      147, 148, 120, -1, 147, 120, 144, -1,
				      147, 132, 147, -1, 147, 147, 146, -1,
				      147, 132, 148, -1, 147, 148, 147, -1,
				      147, 149, 150, -1, 147, 150, 131, -1,
				      147, 150, 151, -1, 147, 151, 131, -1,
				      118, 145, 150, -1, 118, 150, 149, -1,
				      145, 123, 151, -1, 145, 151, 150, -1,
				      121, 152, 153, -1, 121, 153, 122, -1,
				      152, 112, 115, -1, 152, 115, 153, -1,
				      154, 155, 152, -1, 154, 152, 121, -1,
				      155, 156, 112, -1, 155, 112, 152, -1,
				      155, 135, 155, -1, 155, 155, 154, -1,
				      155, 135, 156, -1, 155, 156, 155, -1,
				      155, 157, 158, -1, 155, 158, 128, -1,
				      155, 158, 159, -1, 155, 159, 128, -1,
				      122, 153, 158, -1, 122, 158, 157, -1,
				      153, 115, 159, -1, 153, 159, 158, -1,
				      113, 160, 161, -1, 113, 161, 114, -1,
				      160, 124, 127, -1, 160, 127, 161, -1,
				      162, 163, 160, -1, 162, 160, 113, -1,
				      163, 164, 124, -1, 163, 124, 160, -1,
				      163, 134, 163, -1, 163, 163, 162, -1,
				      163, 134, 164, -1, 163, 164, 163, -1,
				      163, 165, 166, -1, 163, 166, 129, -1,
				      163, 166, 167, -1, 163, 167, 129, -1,
				      114, 161, 166, -1, 114, 166, 165, -1,
				      161, 127, 167, -1, 161, 167, 166, -1,
				      124, 164, 138, -1, 124, 138, 125, -1,
				      164, 134, 133, -1, 164, 133, 138, -1,
				      135, 154, 148, -1, 135, 148, 132, -1,
				      154, 121, 120, -1, 154, 120, 148, -1,
				      122, 157, 151, -1, 122, 151, 123, -1,
				      157, 128, 131, -1, 157, 131, 151, -1,
				      129, 167, 141, -1, 129, 141, 130, -1,
				      167, 127, 126, -1, 167, 126, 141, -1,
				      132, 146, 140, -1, 132, 140, 133, -1,
				      146, 117, 116, -1, 146, 116, 140, -1,
				      118, 149, 143, -1, 118, 143, 119, -1,
				      149, 131, 130, -1, 149, 130, 143, -1,
				      128, 159, 165, -1, 128, 165, 129, -1,
				      159, 115, 114, -1, 159, 114, 165, -1,
				      112, 156, 162, -1, 112, 162, 113, -1,
				      156, 135, 134, -1, 156, 134, 162, -1 ]
		    normalIndex	[ 0, 1, 2, -1, 3, 4, 5, -1,
				      6, 7, 8, -1, 9, 10, 11, -1,
				      12, 13, 14, -1, 15, 16, 17, -1,
				      18, 19, 20, -1, 21, 22, 23, -1,
				      24, 25, 26, -1, 27, 28, 29, -1,
				      30, 31, 32, -1, 33, 34, 35, -1,
				      36, 37, 38, -1, 39, 40, 41, -1,
				      42, 43, 44, -1, 45, 46, 47, -1,
				      48, 49, 50, -1, 51, 52, 53, -1,
				      54, 55, 56, -1, 57, 58, 59, -1,
				      60, 61, 62, -1, 63, 64, 65, -1,
				      66, 67, 68, -1, 69, 70, 71, -1,
				      72, 73, 74, -1, 75, 76, 77, -1,
				      78, 79, 80, -1, 81, 82, 83, -1,
				      84, 85, 86, -1, 87, 88, 89, -1,
				      90, 91, 92, -1, 93, 94, 95, -1,
				      96, 97, 98, -1, 99, 100, 101, -1,
				      102, 103, 104, -1, 105, 106, 107, -1,
				      108, 109, 110, -1, 111, 112, 113, -1,
				      114, 115, 116, -1, 117, 118, 119, -1,
				      120, 121, 122, -1, 123, 124, 125, -1,
				      126, 127, 128, -1, 129, 130, 131, -1,
				      132, 133, 134, -1, 135, 136, 137, -1,
				      138, 139, 140, -1, 141, 142, 143, -1,
				      144, 145, 146, -1, 147, 148, 149, -1,
				      150, 151, 152, -1, 153, 154, 155, -1,
				      156, 157, 158, -1, 159, 160, 161, -1,
				      162, 163, 164, -1, 165, 166, 167, -1,
				      168, 169, 170, -1, 171, 172, 173, -1,
				      174, 175, 176, -1, 177, 178, 179, -1,
				      180, 181, 182, -1, 183, 184, 185, -1,
				      186, 187, 188, -1, 189, 190, 191, -1,
				      192, 193, 194, -1, 195, 196, 197, -1,
				      198, 199, 200, -1, 201, 202, 203, -1,
				      204, 205, 206, -1, 207, 208, 209, -1,
				      210, 211, 212, -1, 213, 214, 215, -1,
				      216, 217, 218, -1, 219, 220, 221, -1,
				      222, 223, 224, -1, 225, 226, 227, -1,
				      228, 229, 230, -1, 231, 232, 233, -1,
				      234, 235, 236, -1, 237, 238, 239, -1,
				      240, 241, 242, -1, 243, 244, 245, -1,
				      246, 247, 248, -1, 249, 250, 251, -1,
				      252, 253, 254, -1, 255, 256, 257, -1,
				      258, 259, 260, -1, 261, 262, 263, -1,
				      264, 265, 266, -1, 267, 268, 269, -1,
				      270, 271, 272, -1, 273, 274, 275, -1,
				      276, 277, 278, -1, 279, 280, 281, -1,
				      282, 283, 284, -1, 285, 286, 287, -1,
				      288, 289, 290, -1, 291, 292, 293, -1,
				      294, 295, 296, -1, 297, 298, 299, -1,
				      300, 301, 302, -1, 303, 304, 305, -1,
				      306, 307, 308, -1, 309, 310, 311, -1,
				      312, 313, 314, -1, 315, 316, 317, -1,
				      318, 319, 320, -1, 321, 322, 323, -1,
				      324, 325, 326, -1, 327, 328, 329, -1,
				      330, 331, 332, -1, 333, 334, 335, -1,
				      336, 337, 338, -1, 339, 340, 341, -1,
				      342, 343, 344, -1, 345, 346, 347, -1,
				      348, 349, 350, -1, 351, 352, 353, -1,
				      354, 355, 356, -1, 357, 358, 359, -1,
				      360, 361, 362, -1, 363, 364, 365, -1,
				      366, 367, 368, -1, 369, 370, 371, -1 ]
		}
	    }
	}
	Separator {
	    Material {
		diffuseColor	0 0 0.8
		specularColor	1 1 1
		shininess	0.1
	    }
	    Separator {
		Normal {
		    vector	[ 0 0 -1,
				      0 0 -1,
				      0 0 -1,
				      0 0 -1,
				      0 0 -1,
				      0 0 -1,
				      0 0 1,
				      0 0 1,
				      0 0 1,
				      0 0 1,
				      0 0 1,
				      0 0 1,
				      -0.996195 0.087156 0,
				      -0.996195 0.087156 0,
				      -0.996195 0.087156 0,
				      -0.996195 0.087156 0,
				      -0.996195 0.087156 0,
				      -0.996195 0.087156 0,
				      0.996195 -0.087156 0,
				      0.996195 -0.087156 0,
				      0.996195 -0.087156 0,
				      0.996195 -0.087156 0,
				      0.996195 -0.087156 0,
				      0.996195 -0.087156 0,
				      -0.087156 -0.996195 0,
				      -0.087156 -0.996195 0,
				      -0.087156 -0.996195 0,
				      -0.087156 -0.996195 0,
				      -0.087156 -0.996195 0,
				      -0.087156 -0.996195 0,
				      0.087156 0.996195 0,
				      0.087156 0.996195 0,
				      0.087156 0.996195 0,
				      0.087156 0.996195 0,
				      0.087156 0.996195 0,
				      0.087156 0.996195 0,
				      0.996195 -0.087156 0,
				      0.579026 -0.050658 0.813734,
				      0.579026 -0.050658 0.813734,
				      0.996195 -0.087156 0,
				      0.579026 -0.050658 0.813734,
				      0.996195 -0.087156 0,
				      0.579026 -0.050658 0.813734,
				      0 0 1,
				      0 0 1,
				      0.579026 -0.050658 0.813734,
				      0 0 1,
				      0.579026 -0.050658 0.813734,
				      0.766044 0.642788 0,
				      0.502649 0.59345 0.628619,
				      0.579026 -0.050658 0.813734,
				      0.766044 0.642788 0,
				      0.579026 -0.050658 0.813734,
				      0.996195 -0.087156 0,
				      0.502649 0.59345 0.628619,
				      0.050658 0.579026 0.813733,
				      0 0 1,
				      0.502649 0.59345 0.628619,
				      0 0 1,
				      0.579026 -0.050658 0.813734,
				      0.502649 0.59345 0.628619,
				      0.087156 0.996195 0,
				      0.502649 0.59345 0.628619,
				      0.502649 0.59345 0.628619,
				      0.502649 0.59345 0.628619,
				      0.766044 0.642788 0,
				      0.502649 0.59345 0.628619,
				      0.087156 0.996195 0,
				      0.050658 0.579026 0.813733,
				      0.502649 0.59345 0.628619,
				      0.050658 0.579026 0.813733,
				      0.502649 0.59345 0.628619,
				      0.502649 0.59345 0.628619,
				      0.642788 -0.766044 0,
				      0.391961 -0.671718 0.628619,
				      0.502649 0.59345 0.628619,
				      0.391961 -0.671718 0.628619,
				      -0.087156 -0.996195 0,
				      0.502649 0.59345 0.628619,
				      0.391961 -0.671718 0.628619,
				      -0.050658 -0.579026 0.813733,
				      0.502649 0.59345 0.628619,
				      -0.050658 -0.579026 0.813733,
				      -0.087156 -0.996195 0,
				      0.996195 -0.087156 0,
				      0.579026 -0.050658 0.813734,
				      0.391961 -0.671718 0.628619,
				      0.996195 -0.087156 0,
				      0.391961 -0.671718 0.628619,
				      0.642788 -0.766044 0,
				      0.579026 -0.050658 0.813734,
				      0 0 1,
				      -0.050658 -0.579026 0.813733,
				      0.579026 -0.050658 0.813734,
				      -0.050658 -0.579026 0.813733,
				      0.391961 -0.671718 0.628619,
				      0 0 1,
				      -0.579027 0.050658 0.813733,
				      -0.579027 0.050658 0.813733,
				      0 0 1,
				      -0.579027 0.050658 0.813733,
				      0 0 1,
				      -0.579027 0.050658 0.813733,
				      -0.996195 0.087156 0,
				      -0.996195 0.087156 0,
				      -0.579027 0.050658 0.813733,
				      -0.996195 0.087156 0,
				      -0.579027 0.050658 0.813733,
				      0.050658 0.579026 0.813733,
				      -0.391961 0.671718 0.628619,
				      -0.579027 0.050658 0.813733,
				      0.050658 0.579026 0.813733,
				      -0.579027 0.050658 0.813733,
				      0 0 1,
				      -0.391961 0.671718 0.628619,
				      -0.642788 0.766044 0,
				      -0.996195 0.087156 0,
				      -0.391961 0.671718 0.628619,
				      -0.996195 0.087156 0,
				      -0.579027 0.050658 0.813733,
				      -0.391961 0.671718 0.628619,
				      0.087156 0.996195 0,
				      -0.391961 0.671718 0.628619,
				      -0.391961 0.671718 0.628619,
				      -0.391961 0.671718 0.628619,
				      0.050658 0.579026 0.813733,
				      -0.391961 0.671718 0.628619,
				      0.087156 0.996195 0,
				      -0.642788 0.766044 0,
				      -0.391961 0.671718 0.628619,
				      -0.642788 0.766044 0,
				      -0.391961 0.671718 0.628619,
				      -0.391961 0.671718 0.628619,
				      -0.050658 -0.579026 0.813733,
				      -0.502649 -0.59345 0.628619,
				      -0.391961 0.671718 0.628619,
				      -0.502649 -0.59345 0.628619,
				      -0.087156 -0.996195 0,
				      -0.391961 0.671718 0.628619,
				      -0.502649 -0.59345 0.628619,
				      -0.766044 -0.642788 0,
				      -0.391961 0.671718 0.628619,
				      -0.766044 -0.642788 0,
				      -0.087156 -0.996195 0,
				      0 0 1,
				      -0.579027 0.050658 0.813733,
				      -0.502649 -0.59345 0.628619,
				      0 0 1,
				      -0.502649 -0.59345 0.628619,
				      -0.050658 -0.579026 0.813733,
				      -0.579027 0.050658 0.813733,
				      -0.996195 0.087156 0,
				      -0.766044 -0.642788 0,
				      -0.579027 0.050658 0.813733,
				      -0.766044 -0.642788 0,
				      -0.502649 -0.59345 0.628619,
				      -0.996195 0.087156 0,
				      -0.579026 0.050658 -0.813734,
				      -0.579026 0.050658 -0.813734,
				      -0.996195 0.087156 0,
				      -0.579026 0.050658 -0.813734,
				      -0.996195 0.087156 0,
				      -0.579026 0.050658 -0.813734,
				      0 0 -1,
				      0 0 -1,
				      -0.579026 0.050658 -0.813734,
				      0 0 -1,
				      -0.579026 0.050658 -0.813734,
				      -0.642788 0.766044 0,
				      -0.391961 0.671718 -0.628619,
				      -0.579026 0.050658 -0.813734,
				      -0.642788 0.766044 0,
				      -0.579026 0.050658 -0.813734,
				      -0.996195 0.087156 0,
				      -0.391961 0.671718 -0.628619,
				      0.050658 0.579026 -0.813733,
				      0 0 -1,
				      -0.391961 0.671718 -0.628619,
				      0 0 -1,
				      -0.579026 0.050658 -0.813734,
				      -0.391961 0.671718 -0.628619,
				      0.087156 0.996195 0,
				      -0.391961 0.671718 -0.628619,
				      -0.391961 0.671718 -0.628619,
				      -0.391961 0.671718 -0.628619,
				      -0.642788 0.766044 0,
				      -0.391961 0.671718 -0.628619,
				      0.087156 0.996195 0,
				      0.050658 0.579026 -0.813733,
				      -0.391961 0.671718 -0.628619,
				      0.050658 0.579026 -0.813733,
				      -0.391961 0.671718 -0.628619,
				      -0.391961 0.671718 -0.628619,
				      -0.766044 -0.642788 0,
				      -0.502649 -0.59345 -0.628619,
				      -0.391961 0.671718 -0.628619,
				      -0.502649 -0.59345 -0.628619,
				      -0.087156 -0.996195 0,
				      -0.391961 0.671718 -0.628619,
				      -0.502649 -0.59345 -0.628619,
				      -0.050658 -0.579026 -0.813733,
				      -0.391961 0.671718 -0.628619,
				      -0.050658 -0.579026 -0.813733,
				      -0.087156 -0.996195 0,
				      -0.996195 0.087156 0,
				      -0.579026 0.050658 -0.813734,
				      -0.502649 -0.59345 -0.628619,
				      -0.996195 0.087156 0,
				      -0.502649 -0.59345 -0.628619,
				      -0.766044 -0.642788 0,
				      -0.579026 0.050658 -0.813734,
				      0 0 -1,
				      -0.050658 -0.579026 -0.813733,
				      -0.579026 0.050658 -0.813734,
				      -0.050658 -0.579026 -0.813733,
				      -0.502649 -0.59345 -0.628619,
				      0 0 -1,
				      0.579026 -0.050658 -0.813733,
				      0.579026 -0.050658 -0.813733,
				      0 0 -1,
				      0.579026 -0.050658 -0.813733,
				      0 0 -1,
				      0.579026 -0.050658 -0.813733,
				      0.996195 -0.087156 0,
				      0.996195 -0.087156 0,
				      0.579026 -0.050658 -0.813733,
				      0.996195 -0.087156 0,
				      0.579026 -0.050658 -0.813733,
				      0.050658 0.579026 -0.813733,
				      0.502649 0.59345 -0.628619,
				      0.579026 -0.050658 -0.813733,
				      0.050658 0.579026 -0.813733,
				      0.579026 -0.050658 -0.813733,
				      0 0 -1,
				      0.502649 0.59345 -0.628619,
				      0.766044 0.642788 0,
				      0.996195 -0.087156 0,
				      0.502649 0.59345 -0.628619,
				      0.996195 -0.087156 0,
				      0.579026 -0.050658 -0.813733,
				      0.502649 0.59345 -0.628619,
				      0.087156 0.996195 0,
				      0.502649 0.59345 -0.628619,
				      0.502649 0.59345 -0.628619,
				      0.502649 0.59345 -0.628619,
				      0.050658 0.579026 -0.813733,
				      0.502649 0.59345 -0.628619,
				      0.087156 0.996195 0,
				      0.766044 0.642788 0,
				      0.502649 0.59345 -0.628619,
				      0.766044 0.642788 0,
				      0.502649 0.59345 -0.628619,
				      0.502649 0.59345 -0.628619,
				      -0.050658 -0.579026 -0.813733,
				      0.391961 -0.671718 -0.628619,
				      0.502649 0.59345 -0.628619,
				      0.391961 -0.671718 -0.628619,
				      -0.087156 -0.996195 0,
				      0.502649 0.59345 -0.628619,
				      0.391961 -0.671718 -0.628619,
				      0.642788 -0.766044 0,
				      0.502649 0.59345 -0.628619,
				      0.642788 -0.766044 0,
				      -0.087156 -0.996195 0,
				      0 0 -1,
				      0.579026 -0.050658 -0.813733,
				      0.391961 -0.671718 -0.628619,
				      0 0 -1,
				      0.391961 -0.671718 -0.628619,
				      -0.050658 -0.579026 -0.813733,
				      0.579026 -0.050658 -0.813733,
				      0.996195 -0.087156 0,
				      0.642788 -0.766044 0,
				      0.579026 -0.050658 -0.813733,
				      0.642788 -0.766044 0,
				      0.391961 -0.671718 -0.628619,
				      0.996195 -0.087156 0,
				      0.766044 0.642788 0,
				      0.766044 0.642788 0,
				      0.996195 -0.087156 0,
				      0.766044 0.642788 0,
				      0.996195 -0.087156 0,
				      0.766044 0.642788 0,
				      0.087156 0.996195 0,
				      0.087156 0.996195 0,
				      0.766044 0.642788 0,
				      0.087156 0.996195 0,
				      0.766044 0.642788 0,
				      0.087156 0.996195 0,
				      -0.642788 0.766044 0,
				      -0.642788 0.766044 0,
				      0.087156 0.996195 0,
				      -0.642788 0.766044 0,
				      0.087156 0.996195 0,
				      -0.642788 0.766044 0,
				      -0.996195 0.087156 0,
				      -0.996195 0.087156 0,
				      -0.642788 0.766044 0,
				      -0.996195 0.087156 0,
				      -0.642788 0.766044 0,
				      -0.996195 0.087156 0,
				      -0.766044 -0.642788 0,
				      -0.766044 -0.642788 0,
				      -0.996195 0.087156 0,
				      -0.766044 -0.642788 0,
				      -0.996195 0.087156 0,
				      -0.766044 -0.642788 0,
				      -0.087156 -0.996195 0,
				      -0.087156 -0.996195 0,
				      -0.766044 -0.642788 0,
				      -0.087156 -0.996195 0,
				      -0.766044 -0.642788 0,
				      -0.087156 -0.996195 0,
				      0.642788 -0.766044 0,
				      0.642788 -0.766044 0,
				      -0.087156 -0.996195 0,
				      0.642788 -0.766044 0,
				      -0.087156 -0.996195 0,
				      0.642788 -0.766044 0,
				      0.996195 -0.087156 0,
				      0.996195 -0.087156 0,
				      0.642788 -0.766044 0,
				      0.996195 -0.087156 0,
				      0.642788 -0.766044 0,
				      0.087156 0.996195 0,
				      0.050658 0.579026 0.813733,
				      0.050658 0.579026 0.813733,
				      0.087156 0.996195 0,
				      0.050658 0.579026 0.813733,
				      0.087156 0.996195 0,
				      0.050658 0.579026 0.813733,
				      0 0 1,
				      0 0 1,
				      0.050658 0.579026 0.813733,
				      0 0 1,
				      0.050658 0.579026 0.813733,
				      0 0 1,
				      -0.050658 -0.579026 0.813733,
				      -0.050658 -0.579026 0.813733,
				      0 0 1,
				      -0.050658 -0.579026 0.813733,
				      0 0 1,
				      -0.050658 -0.579026 0.813733,
				      -0.087156 -0.996195 0,
				      -0.087156 -0.996195 0,
				      -0.050658 -0.579026 0.813733,
				      -0.087156 -0.996195 0,
				      -0.050658 -0.579026 0.813733,
				      -0.087156 -0.996195 0,
				      -0.050658 -0.579026 -0.813733,
				      -0.050658 -0.579026 -0.813733,
				      -0.087156 -0.996195 0,
				      -0.050658 -0.579026 -0.813733,
				      -0.087156 -0.996195 0,
				      -0.050658 -0.579026 -0.813733,
				      0 0 -1,
				      0 0 -1,
				      -0.050658 -0.579026 -0.813733,
				      0 0 -1,
				      -0.050658 -0.579026 -0.813733,
				      0 0 -1,
				      0.050658 0.579026 -0.813733,
				      0.050658 0.579026 -0.813733,
				      0 0 -1,
				      0.050658 0.579026 -0.813733,
				      0 0 -1,
				      0.050658 0.579026 -0.813733,
				      0.087156 0.996195 0,
				      0.087156 0.996195 0,
				      0.050658 0.579026 -0.813733,
				      0.087156 0.996195 0,
				      0.050658 0.579026 -0.813733 ]
		}
		IndexedFaceSet {
		    coordIndex	[ 168, 169, 170, -1, 168, 170, 171, -1,
				      172, 173, 174, -1, 172, 174, 175, -1,
				      176, 177, 178, -1, 176, 178, 179, -1,
				      180, 181, 182, -1, 180, 182, 183, -1,
				      184, 185, 186, -1, 184, 186, 187, -1,
				      188, 189, 190, -1, 188, 190, 191, -1,
				      181, 192, 193, -1, 181, 193, 182, -1,
				      192, 172, 175, -1, 192, 175, 193, -1,
				      194, 195, 192, -1, 194, 192, 181, -1,
				      195, 196, 172, -1, 195, 172, 192, -1,
				      195, 189, 195, -1, 195, 195, 194, -1,
				      195, 189, 196, -1, 195, 196, 195, -1,
				      195, 197, 198, -1, 195, 198, 186, -1,
				      195, 198, 199, -1, 195, 199, 186, -1,
				      182, 193, 198, -1, 182, 198, 197, -1,
				      193, 175, 199, -1, 193, 199, 198, -1,
				      173, 200, 201, -1, 173, 201, 174, -1,
				      200, 176, 179, -1, 200, 179, 201, -1,
				      202, 203, 200, -1, 202, 200, 173, -1,
				      203, 204, 176, -1, 203, 176, 200, -1,
				      203, 188, 203, -1, 203, 203, 202, -1,
				      203, 188, 204, -1, 203, 204, 203, -1,
				      203, 205, 206, -1, 203, 206, 187, -1,
				      203, 206, 207, -1, 203, 207, 187, -1,
				      174, 201, 206, -1, 174, 206, 205, -1,
				      201, 179, 207, -1, 201, 207, 206, -1,
				      177, 208, 209, -1, 177, 209, 178, -1,
				      208, 168, 171, -1, 208, 171, 209, -1,
				      210, 211, 208, -1, 210, 208, 177, -1,
				      211, 212, 168, -1, 211, 168, 208, -1,
				      211, 191, 211, -1, 211, 211, 210, -1,
				      211, 191, 212, -1, 211, 212, 211, -1,
				      211, 213, 214, -1, 211, 214, 184, -1,
				      211, 214, 215, -1, 211, 215, 184, -1,
				      178, 209, 214, -1, 178, 214, 213, -1,
				      209, 171, 215, -1, 209, 215, 214, -1,
				      169, 216, 217, -1, 169, 217, 170, -1,
				      216, 180, 183, -1, 216, 183, 217, -1,
				      218, 219, 216, -1, 218, 216, 169, -1,
				      219, 220, 180, -1, 219, 180, 216, -1,
				      219, 190, 219, -1, 219, 219, 218, -1,
				      219, 190, 220, -1, 219, 220, 219, -1,
				      219, 221, 222, -1, 219, 222, 185, -1,
				      219, 222, 223, -1, 219, 223, 185, -1,
				      170, 217, 222, -1, 170, 222, 221, -1,
				      217, 183, 223, -1, 217, 223, 222, -1,
				      180, 220, 194, -1, 180, 194, 181, -1,
				      220, 190, 189, -1, 220, 189, 194, -1,
				      191, 210, 204, -1, 191, 204, 188, -1,
				      210, 177, 176, -1, 210, 176, 204, -1,
				      178, 213, 207, -1, 178, 207, 179, -1,
				      213, 184, 187, -1, 213, 187, 207, -1,
				      185, 223, 197, -1, 185, 197, 186, -1,
				      223, 183, 182, -1, 223, 182, 197, -1,
				      188, 202, 196, -1, 188, 196, 189, -1,
				      202, 173, 172, -1, 202, 172, 196, -1,
				      174, 205, 199, -1, 174, 199, 175, -1,
				      205, 187, 186, -1, 205, 186, 199, -1,
				      184, 215, 221, -1, 184, 221, 185, -1,
				      215, 171, 170, -1, 215, 170, 221, -1,
				      168, 212, 218, -1, 168, 218, 169, -1,
				      212, 191, 190, -1, 212, 190, 218, -1 ]
		    normalIndex	[ 0, 1, 2, -1, 3, 4, 5, -1,
				      6, 7, 8, -1, 9, 10, 11, -1,
				      12, 13, 14, -1, 15, 16, 17, -1,
				      18, 19, 20, -1, 21, 22, 23, -1,
				      24, 25, 26, -1, 27, 28, 29, -1,
				      30, 31, 32, -1, 33, 34, 35, -1,
				      36, 37, 38, -1, 39, 40, 41, -1,
				      42, 43, 44, -1, 45, 46, 47, -1,
				      48, 49, 50, -1, 51, 52, 53, -1,
				      54, 55, 56, -1, 57, 58, 59, -1,
				      60, 61, 62, -1, 63, 64, 65, -1,
				      66, 67, 68, -1, 69, 70, 71, -1,
				      72, 73, 74, -1, 75, 76, 77, -1,
				      78, 79, 80, -1, 81, 82, 83, -1,
				      84, 85, 86, -1, 87, 88, 89, -1,
				      90, 91, 92, -1, 93, 94, 95, -1,
				      96, 97, 98, -1, 99, 100, 101, -1,
				      102, 103, 104, -1, 105, 106, 107, -1,
				      108, 109, 110, -1, 111, 112, 113, -1,
				      114, 115, 116, -1, 117, 118, 119, -1,
				      120, 121, 122, -1, 123, 124, 125, -1,
				      126, 127, 128, -1, 129, 130, 131, -1,
				      132, 133, 134, -1, 135, 136, 137, -1,
				      138, 139, 140, -1, 141, 142, 143, -1,
				      144, 145, 146, -1, 147, 148, 149, -1,
				      150, 151, 152, -1, 153, 154, 155, -1,
				      156, 157, 158, -1, 159, 160, 161, -1,
				      162, 163, 164, -1, 165, 166, 167, -1,
				      168, 169, 170, -1, 171, 172, 173, -1,
				      174, 175, 176, -1, 177, 178, 179, -1,
				      180, 181, 182, -1, 183, 184, 185, -1,
				      186, 187, 188, -1, 189, 190, 191, -1,
				      192, 193, 194, -1, 195, 196, 197, -1,
				      198, 199, 200, -1, 201, 202, 203, -1,
				      204, 205, 206, -1, 207, 208, 209, -1,
				      210, 211, 212, -1, 213, 214, 215, -1,
				      216, 217, 218, -1, 219, 220, 221, -1,
				      222, 223, 224, -1, 225, 226, 227, -1,
				      228, 229, 230, -1, 231, 232, 233, -1,
				      234, 235, 236, -1, 237, 238, 239, -1,
				      240, 241, 242, -1, 243, 244, 245, -1,
				      246, 247, 248, -1, 249, 250, 251, -1,
				      252, 253, 254, -1, 255, 256, 257, -1,
				      258, 259, 260, -1, 261, 262, 263, -1,
				      264, 265, 266, -1, 267, 268, 269, -1,
				      270, 271, 272, -1, 273, 274, 275, -1,
				      276, 277, 278, -1, 279, 280, 281, -1,
				      282, 283, 284, -1, 285, 286, 287, -1,
				      288, 289, 290, -1, 291, 292, 293, -1,
				      294, 295, 296, -1, 297, 298, 299, -1,
				      300, 301, 302, -1, 303, 304, 305, -1,
				      306, 307, 308, -1, 309, 310, 311, -1,
				      312, 313, 314, -1, 315, 316, 317, -1,
				      318, 319, 320, -1, 321, 322, 323, -1,
				      324, 325, 326, -1, 327, 328, 329, -1,
				      330, 331, 332, -1, 333, 334, 335, -1,
				      336, 337, 338, -1, 339, 340, 341, -1,
				      342, 343, 344, -1, 345, 346, 347, -1,
				      348, 349, 350, -1, 351, 352, 353, -1,
				      354, 355, 356, -1, 357, 358, 359, -1,
				      360, 361, 362, -1, 363, 364, 365, -1,
				      366, 367, 368, -1, 369, 370, 371, -1 ]
		}
	    }
	}
	Separator {
	    Material {
		diffuseColor	0.8 0 0.8
	    }
	    Separator {
		Normal {
		    vector	[ 0 0 -1,
				      0 0 -1,
				      0 0 -1,
				      0 0 -1,
				      0 0 -1,
				      0 0 -1,
				      0 0 1,
				      0 0 1,
				      0 0 1,
				      0 0 1,
				      0 0 1,
				      0 0 1,
				      -0.997564 0.069756 0,
				      -0.997564 0.069756 0,
				      -0.997564 0.069756 0,
				      -0.997564 0.069756 0,
				      -0.997564 0.069756 0,
				      -0.997564 0.069756 0,
				      0.997564 -0.069756 0,
				      0.997564 -0.069756 0,
				      0.997564 -0.069756 0,
				      0.997564 -0.069756 0,
				      0.997564 -0.069756 0,
				      0.997564 -0.069756 0,
				      -0.069756 -0.997564 0,
				      -0.069756 -0.997564 0,
				      -0.069756 -0.997564 0,
				      -0.069756 -0.997564 0,
				      -0.069756 -0.997564 0,
				      -0.069756 -0.997564 0,
				      0.069756 0.997564 0,
				      0.069756 0.997564 0,
				      0.069756 0.997564 0,
				      0.069756 0.997564 0,
				      0.069756 0.997564 0,
				      0.069756 0.997564 0,
				      0.997564 -0.069756 0,
				      0.579822 -0.040545 0.813734,
				      0.579822 -0.040545 0.813734,
				      0.997564 -0.069756 0,
				      0.579822 -0.040545 0.813734,
				      0.997564 -0.069756 0,
				      0.579822 -0.040545 0.813734,
				      0 0 1,
				      0 0 1,
				      0.579822 -0.040545 0.813734,
				      0 0 1,
				      0.579822 -0.040545 0.813734,
				      0.75471 0.656059 0,
				      0.492215 0.602132 0.628619,
				      0.579822 -0.040545 0.813734,
				      0.75471 0.656059 0,
				      0.579822 -0.040545 0.813734,
				      0.997564 -0.069756 0,
				      0.492215 0.602132 0.628619,
				      0.040545 0.579822 0.813733,
				      0 0 1,
				      0.492215 0.602132 0.628619,
				      0 0 1,
				      0.579822 -0.040545 0.813734,
				      0.492215 0.602132 0.628619,
				      0.069756 0.997564 0,
				      0.492215 0.602132 0.628619,
				      0.492215 0.602132 0.628619,
				      0.492215 0.602132 0.628619,
				      0.75471 0.656059 0,
				      0.492215 0.602132 0.628619,
				      0.069756 0.997564 0,
				      0.040545 0.579822 0.813733,
				      0.492215 0.602132 0.628619,
				      0.040545 0.579822 0.813733,
				      0.492215 0.602132 0.628619,
				      0.492215 0.602132 0.628619,
				      0.656059 -0.75471 0,
				      0.403624 -0.664775 0.628619,
				      0.492215 0.602132 0.628619,
				      0.403624 -0.664775 0.628619,
				      -0.069756 -0.997564 0,
				      0.492215 0.602132 0.628619,
				      0.403624 -0.664775 0.628619,
				      -0.040545 -0.579822 0.813733,
				      0.492215 0.602132 0.628619,
				      -0.040545 -0.579822 0.813733,
				      -0.069756 -0.997564 0,
				      0.997564 -0.069756 0,
				      0.579822 -0.040545 0.813734,
				      0.403624 -0.664775 0.628619,
				      0.997564 -0.069756 0,
				      0.403624 -0.664775 0.628619,
				      0.656059 -0.75471 0,
				      0.579822 -0.040545 0.813734,
				      0 0 1,
				      -0.040545 -0.579822 0.813733,
				      0.579822 -0.040545 0.813734,
				      -0.040545 -0.579822 0.813733,
				      0.403624 -0.664775 0.628619,
				      0 0 1,
				      -0.579822 0.040545 0.813733,
				      -0.579822 0.040545 0.813733,
				      0 0 1,
				      -0.579822 0.040545 0.813733,
				      0 0 1,
				      -0.579822 0.040545 0.813733,
				      -0.997564 0.069756 0,
				      -0.997564 0.069756 0,
				      -0.579822 0.040545 0.813733,
				      -0.997564 0.069756 0,
				      -0.579822 0.040545 0.813733,
				      0.040545 0.579822 0.813733,
				      -0.403624 0.664775 0.628619,
				      -0.579822 0.040545 0.813733,
				      0.040545 0.579822 0.813733,
				      -0.579822 0.040545 0.813733,
				      0 0 1,
				      -0.403624 0.664775 0.628619,
				      -0.656059 0.75471 0,
				      -0.997564 0.069756 0,
				      -0.403624 0.664775 0.628619,
				      -0.997564 0.069756 0,
				      -0.579822 0.040545 0.813733,
				      -0.403624 0.664775 0.628619,
				      0.069756 0.997564 0,
				      -0.403624 0.664775 0.628619,
				      -0.403624 0.664775 0.628619,
				      -0.403624 0.664775 0.628619,
				      0.040545 0.579822 0.813733,
				      -0.403624 0.664775 0.628619,
				      0.069756 0.997564 0,
				      -0.656059 0.75471 0,
				      -0.403624 0.664775 0.628619,
				      -0.656059 0.75471 0,
				      -0.403624 0.664775 0.628619,
				      -0.403624 0.664775 0.628619,
				      -0.040545 -0.579822 0.813733,
				      -0.492215 -0.602132 0.628619,
				      -0.403624 0.664775 0.628619,
				      -0.492215 -0.602132 0.628619,
				      -0.069756 -0.997564 0,
				      -0.403624 0.664775 0.628619,
				      -0.492215 -0.602132 0.628619,
				      -0.75471 -0.656059 0,
				      -0.403624 0.664775 0.628619,
				      -0.75471 -0.656059 0,
				      -0.069756 -0.997564 0,
				      0 0 1,
				      -0.579822 0.040545 0.813733,
				      -0.492215 -0.602132 0.628619,
				      0 0 1,
				      -0.492215 -0.602132 0.628619,
				      -0.040545 -0.579822 0.813733,
				      -0.579822 0.040545 0.813733,
				      -0.997564 0.069756 0,
				      -0.75471 -0.656059 0,
				      -0.579822 0.040545 0.813733,
				      -0.75471 -0.656059 0,
				      -0.492215 -0.602132 0.628619,
				      -0.997564 0.069756 0,
				      -0.579822 0.040545 -0.813734,
				      -0.579822 0.040545 -0.813734,
				      -0.997564 0.069756 0,
				      -0.579822 0.040545 -0.813734,
				      -0.997564 0.069756 0,
				      -0.579822 0.040545 -0.813734,
				      0 0 -1,
				      0 0 -1,
				      -0.579822 0.040545 -0.813734,
				      0 0 -1,
				      -0.579822 0.040545 -0.813734,
				      -0.656059 0.75471 0,
				      -0.403624 0.664775 -0.628619,
				      -0.579822 0.040545 -0.813734,
				      -0.656059 0.75471 0,
				      -0.579822 0.040545 -0.813734,
				      -0.997564 0.069756 0,
				      -0.403624 0.664775 -0.628619,
				      0.040545 0.579822 -0.813733,
				      0 0 -1,
				      -0.403624 0.664775 -0.628619,
				      0 0 -1,
				      -0.579822 0.040545 -0.813734,
				      -0.403624 0.664775 -0.628619,
				      0.069756 0.997564 0,
				      -0.403624 0.664775 -0.628619,
				      -0.403624 0.664775 -0.628619,
				      -0.403624 0.664775 -0.628619,
				      -0.656059 0.75471 0,
				      -0.403624 0.664775 -0.628619,
				      0.069756 0.997564 0,
				      0.040545 0.579822 -0.813733,
				      -0.403624 0.664775 -0.628619,
				      0.040545 0.579822 -0.813733,
				      -0.403624 0.664775 -0.628619,
				      -0.403624 0.664775 -0.628619,
				      -0.75471 -0.656059 0,
				      -0.492215 -0.602132 -0.628619,
				      -0.403624 0.664775 -0.628619,
				      -0.492215 -0.602132 -0.628619,
				      -0.069756 -0.997564 0,
				      -0.403624 0.664775 -0.628619,
				      -0.492215 -0.602132 -0.628619,
				      -0.040545 -0.579822 -0.813733,
				      -0.403624 0.664775 -0.628619,
				      -0.040545 -0.579822 -0.813733,
				      -0.069756 -0.997564 0,
				      -0.997564 0.069756 0,
				      -0.579822 0.040545 -0.813734,
				      -0.492215 -0.602132 -0.628619,
				      -0.997564 0.069756 0,
				      -0.492215 -0.602132 -0.628619,
				      -0.75471 -0.656059 0,
				      -0.579822 0.040545 -0.813734,
				      0 0 -1,
				      -0.040545 -0.579822 -0.813733,
				      -0.579822 0.040545 -0.813734,
				      -0.040545 -0.579822 -0.813733,
				      -0.492215 -0.602132 -0.628619,
				      0 0 -1,
				      0.579822 -0.040545 -0.813733,
				      0.579822 -0.040545 -0.813733,
				      0 0 -1,
				      0.579822 -0.040545 -0.813733,
				      0 0 -1,
				      0.579822 -0.040545 -0.813733,
				      0.997564 -0.069756 0,
				      0.997564 -0.069756 0,
				      0.579822 -0.040545 -0.813733,
				      0.997564 -0.069756 0,
				      0.579822 -0.040545 -0.813733,
				      0.040545 0.579822 -0.813733,
				      0.492215 0.602132 -0.628619,
				      0.579822 -0.040545 -0.813733,
				      0.040545 0.579822 -0.813733,
				      0.579822 -0.040545 -0.813733,
				      0 0 -1,
				      0.492215 0.602132 -0.628619,
				      0.75471 0.656059 0,
				      0.997564 -0.069756 0,
				      0.492215 0.602132 -0.628619,
				      0.997564 -0.069756 0,
				      0.579822 -0.040545 -0.813733,
				      0.492215 0.602132 -0.628619,
				      0.069756 0.997564 0,
				      0.492215 0.602132 -0.628619,
				      0.492215 0.602132 -0.628619,
				      0.492215 0.602132 -0.628619,
				      0.040545 0.579822 -0.813733,
				      0.492215 0.602132 -0.628619,
				      0.069756 0.997564 0,
				      0.75471 0.656059 0,
				      0.492215 0.602132 -0.628619,
				      0.75471 0.656059 0,
				      0.492215 0.602132 -0.628619,
				      0.492215 0.602132 -0.628619,
				      -0.040545 -0.579822 -0.813733,
				      0.403624 -0.664775 -0.628619,
				      0.492215 0.602132 -0.628619,
				      0.403624 -0.664775 -0.628619,
				      -0.069756 -0.997564 0,
				      0.492215 0.602132 -0.628619,
				      0.403624 -0.664775 -0.628619,
				      0.656059 -0.75471 0,
				      0.492215 0.602132 -0.628619,
				      0.656059 -0.75471 0,
				      -0.069756 -0.997564 0,
				      0 0 -1,
				      0.579822 -0.040545 -0.813733,
				      0.403624 -0.664775 -0.628619,
				      0 0 -1,
				      0.403624 -0.664775 -0.628619,
				      -0.040545 -0.579822 -0.813733,
				      0.579822 -0.040545 -0.813733,
				      0.997564 -0.069756 0,
				      0.656059 -0.75471 0,
				      0.579822 -0.040545 -0.813733,
				      0.656059 -0.75471 0,
				      0.403624 -0.664775 -0.628619,
				      0.997564 -0.069756 0,
				      0.75471 0.656059 0,
				      0.75471 0.656059 0,
				      0.997564 -0.069756 0,
				      0.75471 0.656059 0,
				      0.997564 -0.069756 0,
				      0.75471 0.656059 0,
				      0.069756 0.997564 0,
				      0.069756 0.997564 0,
				      0.75471 0.656059 0,
				      0.069756 0.997564 0,
				      0.75471 0.656059 0,
				      0.069756 0.997564 0,
				      -0.656059 0.75471 0,
				      -0.656059 0.75471 0,
				      0.069756 0.997564 0,
				      -0.656059 0.75471 0,
				      0.069756 0.997564 0,
				      -0.656059 0.75471 0,
				      -0.997564 0.069756 0,
				      -0.997564 0.069756 0,
				      -0.656059 0.75471 0,
				      -0.997564 0.069756 0,
				      -0.656059 0.75471 0,
				      -0.997564 0.069756 0,
				      -0.75471 -0.656059 0,
				      -0.75471 -0.656059 0,
				      -0.997564 0.069756 0,
				      -0.75471 -0.656059 0,
				      -0.997564 0.069756 0,
				      -0.75471 -0.656059 0,
				      -0.069756 -0.997564 0,
				      -0.069756 -0.997564 0,
				      -0.75471 -0.656059 0,
				      -0.069756 -0.997564 0,
				      -0.75471 -0.656059 0,
				      -0.069756 -0.997564 0,
				      0.656059 -0.75471 0,
				      0.656059 -0.75471 0,
				      -0.069756 -0.997564 0,
				      0.656059 -0.75471 0,
				      -0.069756 -0.997564 0,
				      0.656059 -0.75471 0,
				      0.997564 -0.069756 0,
				      0.997564 -0.069756 0,
				      0.656059 -0.75471 0,
				      0.997564 -0.069756 0,
				      0.656059 -0.75471 0,
				      0.069756 0.997564 0,
				      0.040545 0.579822 0.813733,
				      0.040545 0.579822 0.813733,
				      0.069756 0.997564 0,
				      0.040545 0.579822 0.813733,
				      0.069756 0.997564 0,
				      0.040545 0.579822 0.813733,
				      0 0 1,
				      0 0 1,
				      0.040545 0.579822 0.813733,
				      0 0 1,
				      0.040545 0.579822 0.813733,
				      0 0 1,
				      -0.040545 -0.579822 0.813733,
				      -0.040545 -0.579822 0.813733,
				      0 0 1,
				      -0.040545 -0.579822 0.813733,
				      0 0 1,
				      -0.040545 -0.579822 0.813733,
				      -0.069756 -0.997564 0,
				      -0.069756 -0.997564 0,
				      -0.040545 -0.579822 0.813733,
				      -0.069756 -0.997564 0,
				      -0.040545 -0.579822 0.813733,
				      -0.069756 -0.997564 0,
				      -0.040545 -0.579822 -0.813733,
				      -0.040545 -0.579822 -0.813733,
				      -0.069756 -0.997564 0,
				      -0.040545 -0.579822 -0.813733,
				      -0.069756 -0.997564 0,
				      -0.040545 -0.579822 -0.813733,
				      0 0 -1,
				      0 0 -1,
				      -0.040545 -0.579822 -0.813733,
				      0 0 -1,
				      -0.040545 -0.579822 -0.813733,
				      0 0 -1,
				      0.040545 0.579822 -0.813733,
				      0.040545 0.579822 -0.813733,
				      0 0 -1,
				      0.040545 0.579822 -0.813733,
				      0 0 -1,
				      0.040545 0.579822 -0.813733,
				      0.069756 0.997564 0,
				      0.069756 0.997564 0,
				      0.040545 0.579822 -0.813733,
				      0.069756 0.997564 0,
				      0.040545 0.579822 -0.813733 ]
		}
		IndexedFaceSet {
		    coordIndex	[ 224, 225, 226, -1, 224, 226, 227, -1,
				      228, 229, 230, -1, 228, 230, 231, -1,
				      232, 233, 234, -1, 232, 234, 235, -1,
				      236, 237, 238, -1, 236, 238, 239, -1,
				      240, 241, 242, -1, 240, 242, 243, -1,
				      244, 245, 246, -1, 244, 246, 247, -1,
				      237, 248, 249, -1, 237, 249, 238, -1,
				      248, 228, 231, -1, 248, 231, 249, -1,
				      250, 251, 248, -1, 250, 248, 237, -1,
				      251, 252, 228, -1, 251, 228, 248, -1,
				      251, 245, 251, -1, 251, 251, 250, -1,
				      251, 245, 252, -1, 251, 252, 251, -1,
				      251, 253, 254, -1, 251, 254, 242, -1,
				      251, 254, 255, -1, 251, 255, 242, -1,
				      238, 249, 254, -1, 238, 254, 253, -1,
				      249, 231, 255, -1, 249, 255, 254, -1,
				      229, 256, 257, -1, 229, 257, 230, -1,
				      256, 232, 235, -1, 256, 235, 257, -1,
				      258, 259, 256, -1, 258, 256, 229, -1,
				      259, 260, 232, -1, 259, 232, 256, -1,
				      259, 244, 259, -1, 259, 259, 258, -1,
				      259, 244, 260, -1, 259, 260, 259, -1,
				      259, 261, 262, -1, 259, 262, 243, -1,
				      259, 262, 263, -1, 259, 263, 243, -1,
				      230, 257, 262, -1, 230, 262, 261, -1,
				      257, 235, 263, -1, 257, 263, 262, -1,
				      233, 264, 265, -1, 233, 265, 234, -1,
				      264, 224, 227, -1, 264, 227, 265, -1,
				      266, 267, 264, -1, 266, 264, 233, -1,
				      267, 268, 224, -1, 267, 224, 264, -1,
				      267, 247, 267, -1, 267, 267, 266, -1,
				      267, 247, 268, -1, 267, 268, 267, -1,
				      267, 269, 270, -1, 267, 270, 240, -1,
				      267, 270, 271, -1, 267, 271, 240, -1,
				      234, 265, 270, -1, 234, 270, 269, -1,
				      265, 227, 271, -1, 265, 271, 270, -1,
				      225, 272, 273, -1, 225, 273, 226, -1,
				      272, 236, 239, -1, 272, 239, 273, -1,
				      274, 275, 272, -1, 274, 272, 225, -1,
				      275, 276, 236, -1, 275, 236, 272, -1,
				      275, 246, 275, -1, 275, 275, 274, -1,
				      275, 246, 276, -1, 275, 276, 275, -1,
				      275, 277, 278, -1, 275, 278, 241, -1,
				      275, 278, 279, -1, 275, 279, 241, -1,
				      226, 273, 278, -1, 226, 278, 277, -1,
				      273, 239, 279, -1, 273, 279, 278, -1,
				      236, 276, 250, -1, 236, 250, 237, -1,
				      276, 246, 245, -1, 276, 245, 250, -1,
				      247, 266, 260, -1, 247, 260, 244, -1,
				      266, 233, 232, -1, 266, 232, 260, -1,
				      234, 269, 263, -1, 234, 263, 235, -1,
				      269, 240, 243, -1, 269, 243, 263, -1,
				      241, 279, 253, -1, 241, 253, 242, -1,
				      279, 239, 238, -1, 279, 238, 253, -1,
				      244, 258, 252, -1, 244, 252, 245, -1,
				      258, 229, 228, -1, 258, 228, 252, -1,
				      230, 261, 255, -1, 230, 255, 231, -1,
				      261, 243, 242, -1, 261, 242, 255, -1,
				      240, 271, 277, -1, 240, 277, 241, -1,
				      271, 227, 226, -1, 271, 226, 277, -1,
				      224, 268, 274, -1, 224, 274, 225, -1,
				      268, 247, 246, -1, 268, 246, 274, -1 ]
		    normalIndex	[ 0, 1, 2, -1, 3, 4, 5, -1,
				      6, 7, 8, -1, 9, 10, 11, -1,
				      12, 13, 14, -1, 15, 16, 17, -1,
				      18, 19, 20, -1, 21, 22, 23, -1,
				      24, 25, 26, -1, 27, 28, 29, -1,
				      30, 31, 32, -1, 33, 34, 35, -1,
				      36, 37, 38, -1, 39, 40, 41, -1,
				      42, 43, 44, -1, 45, 46, 47, -1,
				      48, 49, 50, -1, 51, 52, 53, -1,
				      54, 55, 56, -1, 57, 58, 59, -1,
				      60, 61, 62, -1, 63, 64, 65, -1,
				      66, 67, 68, -1, 69, 70, 71, -1,
				      72, 73, 74, -1, 75, 76, 77, -1,
				      78, 79, 80, -1, 81, 82, 83, -1,
				      84, 85, 86, -1, 87, 88, 89, -1,
				      90, 91, 92, -1, 93, 94, 95, -1,
				      96, 97, 98, -1, 99, 100, 101, -1,
				      102, 103, 104, -1, 105, 106, 107, -1,
				      108, 109, 110, -1, 111, 112, 113, -1,
				      114, 115, 116, -1, 117, 118, 119, -1,
				      120, 121, 122, -1, 123, 124, 125, -1,
				      126, 127, 128, -1, 129, 130, 131, -1,
				      132, 133, 134, -1, 135, 136, 137, -1,
				      138, 139, 140, -1, 141, 142, 143, -1,
				      144, 145, 146, -1, 147, 148, 149, -1,
				      150, 151, 152, -1, 153, 154, 155, -1,
				      156, 157, 158, -1, 159, 160, 161, -1,
				      162, 163, 164, -1, 165, 166, 167, -1,
				      168, 169, 170, -1, 171, 172, 173, -1,
				      174, 175, 176, -1, 177, 178, 179, -1,
				      180, 181, 182, -1, 183, 184, 185, -1,
				      186, 187, 188, -1, 189, 190, 191, -1,
				      192, 193, 194, -1, 195, 196, 197, -1,
				      198, 199, 200, -1, 201, 202, 203, -1,
				      204, 205, 206, -1, 207, 208, 209, -1,
				      210, 211, 212, -1, 213, 214, 215, -1,
				      216, 217, 218, -1, 219, 220, 221, -1,
				      222, 223, 224, -1, 225, 226, 227, -1,
				      228, 229, 230, -1, 231, 232, 233, -1,
				      234, 235, 236, -1, 237, 238, 239, -1,
				      240, 241, 242, -1, 243, 244, 245, -1,
				      246, 247, 248, -1, 249, 250, 251, -1,
				      252, 253, 254, -1, 255, 256, 257, -1,
				      258, 259, 260, -1, 261, 262, 263, -1,
				      264, 265, 266, -1, 267, 268, 269, -1,
				      270, 271, 272, -1, 273, 274, 275, -1,
				      276, 277, 278, -1, 279, 280, 281, -1,
				      282, 283, 284, -1, 285, 286, 287, -1,
				      288, 289, 290, -1, 291, 292, 293, -1,
				      294, 295, 296, -1, 297, 298, 299, -1,
				      300, 301, 302, -1, 303, 304, 305, -1,
				      306, 307, 308, -1, 309, 310, 311, -1,
				      312, 313, 314, -1, 315, 316, 317, -1,
				      318, 319, 320, -1, 321, 322, 323, -1,
				      324, 325, 326, -1, 327, 328, 329, -1,
				      330, 331, 332, -1, 333, 334, 335, -1,
				      336, 337, 338, -1, 339, 340, 341, -1,
				      342, 343, 344, -1, 345, 346, 347, -1,
				      348, 349, 350, -1, 351, 352, 353, -1,
				      354, 355, 356, -1, 357, 358, 359, -1,
				      360, 361, 362, -1, 363, 364, 365, -1,
				      366, 367, 368, -1, 369, 370, 371, -1 ]
		}
	    }
	}
	Separator {
	    Separator {
		Normal {
		    vector	[ 0.165149 -0.148748 0.974987,
				      0.203668 0.088991 0.974987,
				      0.203668 0.088991 0.974987,
				      0.165149 -0.148748 0.974987,
				      0.203668 0.088991 0.974987,
				      0.165149 -0.148748 0.974987,
				      0.203668 0.088991 0.974987,
				      0.180778 0.129304 0.974987,
				      0.180778 0.129304 0.974987,
				      0.203668 0.088991 0.974987,
				      0.180778 0.129304 0.974987,
				      0.203668 0.088991 0.974987,
				      0.180778 0.129304 0.974987,
				      0.135084 0.176501 0.974987,
				      0.135084 0.176501 0.974987,
				      0.180778 0.129304 0.974987,
				      0.135084 0.176501 0.974987,
				      0.180778 0.129304 0.974987,
				      0.135084 0.176501 0.974987,
				      0.088619 0.203831 0.974987,
				      0.088619 0.203831 0.974987,
				      0.135084 0.176501 0.974987,
				      0.088619 0.203831 0.974987,
				      0.135084 0.176501 0.974987,
				      0.088619 0.203831 0.974987,
				      0.067044 0.211909 0.974987,
				      0.067044 0.211909 0.974987,
				      0.088619 0.203831 0.974987,
				      0.067044 0.211909 0.974987,
				      0.088619 0.203831 0.974987,
				      0.067044 0.211909 0.974987,
				      0.064763 0.212617 0.974987,
				      0.064763 0.212617 0.974987,
				      0.067044 0.211909 0.974987,
				      0.064763 0.212617 0.974987,
				      0.067044 0.211909 0.974987,
				      0.064763 0.212617 0.974987,
				      0.067976 0.211612 0.974987,
				      0.067976 0.211612 0.974987,
				      0.064763 0.212617 0.974987,
				      0.067976 0.211612 0.974987,
				      0.064763 0.212617 0.974987,
				      0.067976 0.211612 0.974987,
				      0.069225 0.211206 0.974987,
				      0.069225 0.211206 0.974987,
				      0.067976 0.211612 0.974987,
				      0.069225 0.211206 0.974987,
				      0.067976 0.211612 0.974987,
				      0.069225 0.211206 0.974987,
				      0.066694 0.212019 0.974987,
				      0.066694 0.212019 0.974987,
				      0.069225 0.211206 0.974987,
				      0.066694 0.212019 0.974987,
				      0.069225 0.211206 0.974987,
				      0.066694 0.212019 0.974987,
				      0.056307 0.215011 0.974987,
				      0.056307 0.215011 0.974987,
				      0.066694 0.212019 0.974987,
				      0.056307 0.215011 0.974987,
				      0.066694 0.212019 0.974987,
				      0.056307 0.215011 0.974987,
				      0.035966 0.219332 0.974987,
				      0.035966 0.219332 0.974987,
				      0.056307 0.215011 0.974987,
				      0.035966 0.219332 0.974987,
				      0.056307 0.215011 0.974987,
				      0.035966 0.219332 0.974987,
				      0.018057 0.221527 0.974987,
				      0.018057 0.221527 0.974987,
				      0.035966 0.219332 0.974987,
				      0.018057 0.221527 0.974987,
				      0.035966 0.219332 0.974987,
				      0.018057 0.221527 0.974987,
				      0.013487 0.221852 0.974987,
				      0.013487 0.221852 0.974987,
				      0.018057 0.221527 0.974987,
				      0.013487 0.221852 0.974987,
				      0.018057 0.221527 0.974987,
				      0.013487 0.221852 0.974987,
				      0.018242 0.221512 0.974987,
				      0.018242 0.221512 0.974987,
				      0.013487 0.221852 0.974987,
				      0.018242 0.221512 0.974987,
				      0.013487 0.221852 0.974987,
				      0.018242 0.221512 0.974987,
				      0.02826 0.220458 0.974987,
				      0.02826 0.220458 0.974987,
				      0.018242 0.221512 0.974987,
				      0.02826 0.220458 0.974987,
				      0.018242 0.221512 0.974987,
				      0.02826 0.220458 0.974987,
				      0.040811 0.218483 0.974987,
				      0.040811 0.218483 0.974987,
				      0.02826 0.220458 0.974987,
				      0.040811 0.218483 0.974987,
				      0.02826 0.220458 0.974987,
				      0.040811 0.218483 0.974987,
				      0.049479 0.216684 0.974987,
				      0.049479 0.216684 0.974987,
				      0.040811 0.218483 0.974987,
				      0.049479 0.216684 0.974987,
				      0.040811 0.218483 0.974987,
				      0.049479 0.216684 0.974987,
				      0.048507 0.216904 0.974987,
				      0.048507 0.216904 0.974987,
				      0.049479 0.216684 0.974987,
				      0.048507 0.216904 0.974987,
				      0.049479 0.216684 0.974987,
				      0.048507 0.216904 0.974987,
				      0.029877 0.220244 0.974987,
				      0.029877 0.220244 0.974987,
				      0.048507 0.216904 0.974987,
				      0.029877 0.220244 0.974987,
				      0.048507 0.216904 0.974987,
				      0.029877 0.220244 0.974987,
				      -0.022247 0.221145 0.974987,
				      -0.022247 0.221145 0.974987,
				      0.029877 0.220244 0.974987,
				      -0.022247 0.221145 0.974987,
				      0.029877 0.220244 0.974987,
				      -0.022247 0.221145 0.974987,
				      -0.114848 0.190289 0.974987,
				      -0.114848 0.190289 0.974987,
				      -0.022247 0.221145 0.974987,
				      -0.114848 0.190289 0.974987,
				      -0.022247 0.221145 0.974987,
				      -0.114848 0.190289 0.974987,
				      -0.186728 0.120552 0.974987,
				      -0.186728 0.120552 0.974987,
				      -0.114848 0.190289 0.974987,
				      -0.186728 0.120552 0.974987,
				      -0.114848 0.190289 0.974987,
				      -0.186728 0.120552 0.974987,
				      -0.215799 0.053206 0.974987,
				      -0.215799 0.053206 0.974987,
				      -0.186728 0.120552 0.974987,
				      -0.215799 0.053206 0.974987,
				      -0.186728 0.120552 0.974987,
				      -0.215799 0.053206 0.974987,
				      -0.22176 -0.014924 0.974987,
				      -0.22176 -0.014924 0.974987,
				      -0.215799 0.053206 0.974987,
				      -0.22176 -0.014924 0.974987,
				      -0.215799 0.053206 0.974987,
				      -0.22176 -0.014924 0.974987,
				      -0.205695 -0.084201 0.974987,
				      -0.205695 -0.084201 0.974987,
				      -0.22176 -0.014924 0.974987,
				      -0.205695 -0.084201 0.974987,
				      -0.22176 -0.014924 0.974987,
				      -0.205695 -0.084201 0.974987,
				      -0.159682 -0.154602 0.974987,
				      -0.159682 -0.154602 0.974987,
				      -0.205695 -0.084201 0.974987,
				      -0.159682 -0.154602 0.974987,
				      -0.205695 -0.084201 0.974987,
				      -0.159682 -0.154602 0.974987,
				      -0.100403 -0.198291 0.974987,
				      -0.100403 -0.198291 0.974987,
				      -0.159682 -0.154602 0.974987,
				      -0.100403 -0.198291 0.974987,
				      -0.159682 -0.154602 0.974987,
				      -0.100403 -0.198291 0.974987,
				      -0.064981 -0.21255 0.974987,
				      -0.064981 -0.21255 0.974987,
				      -0.100403 -0.198291 0.974987,
				      -0.064981 -0.21255 0.974987,
				      -0.100403 -0.198291 0.974987,
				      -0.064981 -0.21255 0.974987,
				      -0.048351 -0.216939 0.974987,
				      -0.048351 -0.216939 0.974987,
				      -0.064981 -0.21255 0.974987,
				      -0.048351 -0.216939 0.974987,
				      -0.064981 -0.21255 0.974987,
				      -0.048351 -0.216939 0.974987,
				      -0.039498 -0.218724 0.974987,
				      -0.039498 -0.218724 0.974987,
				      -0.048351 -0.216939 0.974987,
				      -0.039498 -0.218724 0.974987,
				      -0.048351 -0.216939 0.974987,
				      -0.039498 -0.218724 0.974987,
				      -0.032666 -0.219848 0.974987,
				      -0.032666 -0.219848 0.974987,
				      -0.039498 -0.218724 0.974987,
				      -0.032666 -0.219848 0.974987,
				      -0.039498 -0.218724 0.974987,
				      -0.032666 -0.219848 0.974987,
				      -0.026741 -0.220647 0.974987,
				      -0.026741 -0.220647 0.974987,
				      -0.032666 -0.219848 0.974987,
				      -0.026741 -0.220647 0.974987,
				      -0.032666 -0.219848 0.974987,
				      -0.026741 -0.220647 0.974987,
				      -0.022449 -0.221125 0.974987,
				      -0.022449 -0.221125 0.974987,
				      -0.026741 -0.220647 0.974987,
				      -0.022449 -0.221125 0.974987,
				      -0.026741 -0.220647 0.974987,
				      -0.022449 -0.221125 0.974987,
				      -0.020231 -0.221339 0.974987,
				      -0.020231 -0.221339 0.974987,
				      -0.022449 -0.221125 0.974987,
				      -0.020231 -0.221339 0.974987,
				      -0.022449 -0.221125 0.974987,
				      -0.020231 -0.221339 0.974987,
				      -0.023238 -0.221043 0.974987,
				      -0.023238 -0.221043 0.974987,
				      -0.020231 -0.221339 0.974987,
				      -0.023238 -0.221043 0.974987,
				      -0.020231 -0.221339 0.974987,
				      -0.023238 -0.221043 0.974987,
				      -0.037871 -0.219011 0.974987,
				      -0.037871 -0.219011 0.974987,
				      -0.023238 -0.221043 0.974987,
				      -0.037871 -0.219011 0.974987,
				      -0.023238 -0.221043 0.974987,
				      -0.037871 -0.219011 0.974987,
				      -0.058995 -0.214289 0.974987,
				      -0.058995 -0.214289 0.974987,
				      -0.037871 -0.219011 0.974987,
				      -0.058995 -0.214289 0.974987,
				      -0.037871 -0.219011 0.974987,
				      -0.058995 -0.214289 0.974987,
				      -0.07272 -0.210029 0.974987,
				      -0.07272 -0.210029 0.974987,
				      -0.058995 -0.214289 0.974987,
				      -0.07272 -0.210029 0.974987,
				      -0.058995 -0.214289 0.974987,
				      -0.07272 -0.210029 0.974987,
				      -0.076606 -0.208642 0.974987,
				      -0.076606 -0.208643 0.974987,
				      -0.07272 -0.210029 0.974987,
				      -0.076606 -0.208643 0.974987,
				      -0.07272 -0.210029 0.974987,
				      -0.076606 -0.208642 0.974987,
				      -0.074731 -0.209322 0.974987,
				      -0.074731 -0.209322 0.974987,
				      -0.076606 -0.208642 0.974987,
				      -0.074731 -0.209322 0.974987,
				      -0.076606 -0.208643 0.974987,
				      -0.074731 -0.209322 0.974987,
				      -0.068944 -0.211298 0.974987,
				      -0.068944 -0.211298 0.974987,
				      -0.074731 -0.209322 0.974987,
				      -0.068944 -0.211298 0.974987,
				      -0.074731 -0.209322 0.974987,
				      -0.068944 -0.211298 0.974987,
				      -0.062061 -0.213421 0.974987,
				      -0.062061 -0.213421 0.974987,
				      -0.068944 -0.211298 0.974987,
				      -0.062061 -0.213421 0.974987,
				      -0.068944 -0.211298 0.974987,
				      -0.062061 -0.213421 0.974987,
				      -0.056909 -0.214853 0.974987,
				      -0.056909 -0.214853 0.974987,
				      -0.062061 -0.213421 0.974987,
				      -0.056909 -0.214853 0.974987,
				      -0.062061 -0.213421 0.974987,
				      -0.056909 -0.214853 0.974987,
				      -0.054198 -0.215552 0.974987,
				      -0.054198 -0.215552 0.974987,
				      -0.056909 -0.214853 0.974987,
				      -0.054198 -0.215552 0.974987,
				      -0.056909 -0.214853 0.974987,
				      -0.054198 -0.215552 0.974987,
				      -0.053031 -0.215842 0.974987,
				      -0.053031 -0.215842 0.974987,
				      -0.054198 -0.215552 0.974987,
				      -0.053031 -0.215842 0.974987,
				      -0.054198 -0.215552 0.974987,
				      -0.053031 -0.215842 0.974987,
				      -0.052343 -0.21601 0.974987,
				      -0.052343 -0.21601 0.974987,
				      -0.053031 -0.215842 0.974987,
				      -0.052343 -0.21601 0.974987,
				      -0.053031 -0.215842 0.974987,
				      -0.052343 -0.21601 0.974987,
				      0.165149 -0.148748 0.974987,
				      0.165149 -0.148748 0.974987,
				      -0.052343 -0.21601 0.974987,
				      0.165149 -0.148748 0.974987,
				      -0.052343 -0.21601 0.974987 ]
		}
		IndexedFaceSet {
		    coordIndex	[ 280, 281, 282, -1, 280, 282, 283, -1,
				      281, 300, 301, -1, 281, 301, 282, -1,
				      300, 310, 311, -1, 300, 311, 301, -1,
				      310, 320, 321, -1, 310, 321, 311, -1,
				      320, 330, 331, -1, 320, 331, 321, -1,
				      330, 340, 341, -1, 330, 341, 331, -1,
				      340, 350, 351, -1, 340, 351, 341, -1,
				      350, 360, 361, -1, 350, 361, 351, -1,
				      360, 370, 371, -1, 360, 371, 361, -1,
				      370, 380, 381, -1, 370, 381, 371, -1,
				      380, 390, 391, -1, 380, 391, 381, -1,
				      390, 400, 401, -1, 390, 401, 391, -1,
				      400, 410, 411, -1, 400, 411, 401, -1,
				      410, 420, 421, -1, 410, 421, 411, -1,
				      420, 430, 431, -1, 420, 431, 421, -1,
				      430, 440, 441, -1, 430, 441, 431, -1,
				      440, 450, 451, -1, 440, 451, 441, -1,
				      450, 460, 461, -1, 450, 461, 451, -1,
				      460, 470, 471, -1, 460, 471, 461, -1,
				      470, 480, 481, -1, 470, 481, 471, -1,
				      480, 490, 491, -1, 480, 491, 481, -1,
				      490, 500, 501, -1, 490, 501, 491, -1,
				      500, 510, 511, -1, 500, 511, 501, -1,
				      510, 520, 521, -1, 510, 521, 511, -1,
				      520, 530, 531, -1, 520, 531, 521, -1,
				      530, 540, 541, -1, 530, 541, 531, -1,
				      540, 550, 551, -1, 540, 551, 541, -1,
				      550, 560, 561, -1, 550, 561, 551, -1,
				      560, 570, 571, -1, 560, 571, 561, -1,
				      570, 580, 581, -1, 570, 581, 571, -1,
				      580, 590, 591, -1, 580, 591, 581, -1,
				      590, 600, 601, -1, 590, 601, 591, -1,
				      600, 610, 611, -1, 600, 611, 601, -1,
				      610, 620, 621, -1, 610, 621, 611, -1,
				      620, 630, 631, -1, 620, 631, 621, -1,
				      630, 640, 641, -1, 630, 641, 631, -1,
				      640, 650, 651, -1, 640, 651, 641, -1,
				      650, 660, 661, -1, 650, 661, 651, -1,
				      660, 670, 671, -1, 660, 671, 661, -1,
				      670, 680, 681, -1, 670, 681, 671, -1,
				      680, 690, 691, -1, 680, 691, 681, -1,
				      690, 700, 701, -1, 690, 701, 691, -1,
				      700, 710, 711, -1, 700, 711, 701, -1,
				      710, 720, 721, -1, 710, 721, 711, -1,
				      720, 730, 731, -1, 720, 731, 721, -1,
				      730, 740, 741, -1, 730, 741, 731, -1,
				      740, 280, 283, -1, 740, 283, 741, -1 ]
		    normalIndex	[ 0, 1, 2, -1, 3, 4, 5, -1,
				      6, 7, 8, -1, 9, 10, 11, -1,
				      12, 13, 14, -1, 15, 16, 17, -1,
				      18, 19, 20, -1, 21, 22, 23, -1,
				      24, 25, 26, -1, 27, 28, 29, -1,
				      30, 31, 32, -1, 33, 34, 35, -1,
				      36, 37, 38, -1, 39, 40, 41, -1,
				      42, 43, 44, -1, 45, 46, 47, -1,
				      48, 49, 50, -1, 51, 52, 53, -1,
				      54, 55, 56, -1, 57, 58, 59, -1,
				      60, 61, 62, -1, 63, 64, 65, -1,
				      66, 67, 68, -1, 69, 70, 71, -1,
				      72, 73, 74, -1, 75, 76, 77, -1,
				      78, 79, 80, -1, 81, 82, 83, -1,
				      84, 85, 86, -1, 87, 88, 89, -1,
				      90, 91, 92, -1, 93, 94, 95, -1,
				      96, 97, 98, -1, 99, 100, 101, -1,
				      102, 103, 104, -1, 105, 106, 107, -1,
				      108, 109, 110, -1, 111, 112, 113, -1,
				      114, 115, 116, -1, 117, 118, 119, -1,
				      120, 121, 122, -1, 123, 124, 125, -1,
				      126, 127, 128, -1, 129, 130, 131, -1,
				      132, 133, 134, -1, 135, 136, 137, -1,
				      138, 139, 140, -1, 141, 142, 143, -1,
				      144, 145, 146, -1, 147, 148, 149, -1,
				      150, 151, 152, -1, 153, 154, 155, -1,
				      156, 157, 158, -1, 159, 160, 161, -1,
				      162, 163, 164, -1, 165, 166, 167, -1,
				      168, 169, 170, -1, 171, 172, 173, -1,
				      174, 175, 176, -1, 177, 178, 179, -1,
				      180, 181, 182, -1, 183, 184, 185, -1,
				      186, 187, 188, -1, 189, 190, 191, -1,
				      192, 193, 194, -1, 195, 196, 197, -1,
				      198, 199, 200, -1, 201, 202, 203, -1,
				      204, 205, 206, -1, 207, 208, 209, -1,
				      210, 211, 212, -1, 213, 214, 215, -1,
				      216, 217, 218, -1, 219, 220, 221, -1,
				      222, 223, 224, -1, 225, 226, 227, -1,
				      228, 229, 230, -1, 231, 232, 233, -1,
				      234, 235, 236, -1, 237, 238, 239, -1,
				      240, 241, 242, -1, 243, 244, 245, -1,
				      246, 247, 248, -1, 249, 250, 251, -1,
				      252, 253, 254, -1, 255, 256, 257, -1,
				      258, 259, 260, -1, 261, 262, 263, -1,
				      264, 265, 266, -1, 267, 268, 269, -1,
				      270, 271, 272, -1, 273, 274, 275, -1,
				      276, 277, 278, -1, 279, 280, 281, -1 ]
		}
	    }
	}
	Separator {
	    Separator {
		Normal {
		    vector	[ 0.691218 -0.622575 0.366902,
				      0.852439 0.372466 0.366902,
				      0.852439 0.372466 0.366902,
				      0.691218 -0.622575 0.366902,
				      0.852439 0.372466 0.366902,
				      0.691218 -0.622575 0.366902,
				      0.852439 0.372466 0.366902,
				      0.756633 0.541193 0.366902,
				      0.756633 0.541193 0.366902,
				      0.852439 0.372466 0.366902,
				      0.756633 0.541193 0.366902,
				      0.852439 0.372466 0.366902,
				      0.756633 0.541193 0.366902,
				      0.565382 0.738732 0.366902,
				      0.565382 0.738732 0.366902,
				      0.756633 0.541193 0.366902,
				      0.565382 0.738732 0.366902,
				      0.756633 0.541193 0.366902,
				      0.565382 0.738732 0.366902,
				      0.370908 0.853118 0.366902,
				      0.370908 0.853118 0.366902,
				      0.565382 0.738732 0.366902,
				      0.370908 0.853118 0.366902,
				      0.565382 0.738732 0.366902,
				      0.370908 0.853118 0.366902,
				      0.280606 0.886929 0.366902,
				      0.280606 0.886929 0.366902,
				      0.370908 0.853118 0.366902,
				      0.280606 0.886929 0.366902,
				      0.370908 0.853118 0.366902,
				      0.280606 0.886929 0.366902,
				      0.27106 0.889893 0.366902,
				      0.27106 0.889893 0.366902,
				      0.280606 0.886929 0.366902,
				      0.27106 0.889893 0.366902,
				      0.280606 0.886929 0.366902,
				      0.27106 0.889893 0.366902,
				      0.284507 0.885685 0.366902,
				      0.284507 0.885685 0.366902,
				      0.27106 0.889893 0.366902,
				      0.284507 0.885685 0.366902,
				      0.27106 0.889893 0.366902,
				      0.284507 0.885685 0.366902,
				      0.289738 0.883988 0.366902,
				      0.289738 0.883988 0.366902,
				      0.284507 0.885685 0.366902,
				      0.289738 0.883988 0.366902,
				      0.284507 0.885685 0.366902,
				      0.289738 0.883988 0.366902,
				      0.279143 0.887391 0.366902,
				      0.279143 0.887391 0.366902,
				      0.289738 0.883988 0.366902,
				      0.279143 0.887391 0.366902,
				      0.289738 0.883988 0.366902,
				      0.279143 0.887391 0.366902,
				      0.23567 0.899912 0.366902,
				      0.23567 0.899912 0.366902,
				      0.279143 0.887391 0.366902,
				      0.23567 0.899912 0.366902,
				      0.279143 0.887391 0.366902,
				      0.23567 0.899912 0.366902,
				      0.150535 0.917999 0.366902,
				      0.150535 0.917999 0.366902,
				      0.23567 0.899912 0.366902,
				      0.150535 0.917999 0.366902,
				      0.23567 0.899912 0.366902,
				      0.150535 0.917999 0.366902,
				      0.075575 0.927185 0.366902,
				      0.075575 0.927185 0.366902,
				      0.150535 0.917999 0.366902,
				      0.075575 0.927185 0.366902,
				      0.150535 0.917999 0.366902,
				      0.075575 0.927185 0.366902,
				      0.056449 0.928545 0.366902,
				      0.056449 0.928545 0.366902,
				      0.075575 0.927185 0.366902,
				      0.056449 0.928545 0.366902,
				      0.075575 0.927185 0.366902,
				      0.056449 0.928545 0.366902,
				      0.076353 0.927121 0.366902,
				      0.076353 0.927121 0.366902,
				      0.056449 0.928545 0.366902,
				      0.076353 0.927121 0.366902,
				      0.056449 0.928545 0.366902,
				      0.076353 0.927121 0.366902,
				      0.118278 0.92271 0.366902,
				      0.118278 0.92271 0.366902,
				      0.076353 0.927121 0.366902,
				      0.118278 0.92271 0.366902,
				      0.076353 0.927121 0.366902,
				      0.118278 0.92271 0.366902,
				      0.170813 0.914443 0.366902,
				      0.170813 0.914443 0.366902,
				      0.118278 0.92271 0.366902,
				      0.170813 0.914443 0.366902,
				      0.118278 0.92271 0.366902,
				      0.170813 0.914443 0.366902,
				      0.207091 0.906916 0.366902,
				      0.207091 0.906916 0.366902,
				      0.170813 0.914443 0.366902,
				      0.207091 0.906916 0.366902,
				      0.170813 0.914443 0.366902,
				      0.207091 0.906916 0.366902,
				      0.203021 0.907835 0.366902,
				      0.203021 0.907835 0.366902,
				      0.207091 0.906916 0.366902,
				      0.203021 0.907835 0.366902,
				      0.207091 0.906916 0.366902,
				      0.203021 0.907835 0.366902,
				      0.12505 0.921816 0.366902,
				      0.12505 0.921816 0.366902,
				      0.203021 0.907835 0.366902,
				      0.12505 0.921816 0.366902,
				      0.203021 0.907835 0.366902,
				      0.12505 0.921816 0.366902,
				      -0.093113 0.925588 0.366902,
				      -0.093113 0.925588 0.366902,
				      0.12505 0.921816 0.366902,
				      -0.093113 0.925588 0.366902,
				      0.12505 0.921816 0.366902,
				      -0.093113 0.925588 0.366902,
				      -0.48069 0.796442 0.366902,
				      -0.48069 0.796442 0.366902,
				      -0.093113 0.925588 0.366902,
				      -0.48069 0.796442 0.366902,
				      -0.093113 0.925588 0.366902,
				      -0.48069 0.796442 0.366902,
				      -0.781538 0.50456 0.366902,
				      -0.781538 0.50456 0.366903,
				      -0.48069 0.796442 0.366902,
				      -0.781538 0.50456 0.366903,
				      -0.48069 0.796442 0.366902,
				      -0.781538 0.50456 0.366902,
				      -0.903212 0.22269 0.366902,
				      -0.903212 0.22269 0.366902,
				      -0.781538 0.50456 0.366902,
				      -0.903212 0.22269 0.366902,
				      -0.781538 0.50456 0.366903,
				      -0.903212 0.22269 0.366902,
				      -0.92816 -0.062465 0.366902,
				      -0.92816 -0.062465 0.366902,
				      -0.903212 0.22269 0.366902,
				      -0.92816 -0.062465 0.366902,
				      -0.903212 0.22269 0.366902,
				      -0.92816 -0.062465 0.366902,
				      -0.860921 -0.352416 0.366902,
				      -0.860921 -0.352416 0.366902,
				      -0.92816 -0.062465 0.366902,
				      -0.860921 -0.352416 0.366902,
				      -0.92816 -0.062465 0.366902,
				      -0.860921 -0.352416 0.366902,
				      -0.668338 -0.647075 0.366902,
				      -0.668338 -0.647075 0.366902,
				      -0.860921 -0.352416 0.366902,
				      -0.668338 -0.647075 0.366902,
				      -0.860921 -0.352416 0.366902,
				      -0.668338 -0.647075 0.366902,
				      -0.42023 -0.829933 0.366902,
				      -0.42023 -0.829933 0.366902,
				      -0.668338 -0.647075 0.366902,
				      -0.42023 -0.829933 0.366902,
				      -0.668338 -0.647075 0.366902,
				      -0.42023 -0.829933 0.366902,
				      -0.271972 -0.889614 0.366902,
				      -0.271972 -0.889614 0.366902,
				      -0.42023 -0.829933 0.366902,
				      -0.271972 -0.889614 0.366902,
				      -0.42023 -0.829933 0.366902,
				      -0.271972 -0.889614 0.366902,
				      -0.202369 -0.907981 0.366902,
				      -0.202369 -0.907981 0.366903,
				      -0.271972 -0.889614 0.366902,
				      -0.202369 -0.907981 0.366903,
				      -0.271972 -0.889614 0.366902,
				      -0.202369 -0.907981 0.366902,
				      -0.165316 -0.915453 0.366902,
				      -0.165316 -0.915452 0.366903,
				      -0.202369 -0.907981 0.366902,
				      -0.165316 -0.915452 0.366903,
				      -0.202369 -0.907981 0.366903,
				      -0.165316 -0.915453 0.366902,
				      -0.13672 -0.920158 0.366902,
				      -0.13672 -0.920158 0.366902,
				      -0.165316 -0.915453 0.366902,
				      -0.13672 -0.920158 0.366902,
				      -0.165316 -0.915452 0.366903,
				      -0.13672 -0.920158 0.366902,
				      -0.111921 -0.923502 0.366902,
				      -0.111921 -0.923502 0.366903,
				      -0.13672 -0.920158 0.366902,
				      -0.111921 -0.923502 0.366903,
				      -0.13672 -0.920158 0.366902,
				      -0.111921 -0.923502 0.366902,
				      -0.093957 -0.925502 0.366902,
				      -0.093957 -0.925502 0.366902,
				      -0.111921 -0.923502 0.366902,
				      -0.093957 -0.925502 0.366902,
				      -0.111921 -0.923502 0.366903,
				      -0.093957 -0.925502 0.366902,
				      -0.084676 -0.926398 0.366902,
				      -0.084676 -0.926398 0.366903,
				      -0.093957 -0.925502 0.366902,
				      -0.084676 -0.926398 0.366903,
				      -0.093957 -0.925502 0.366902,
				      -0.084676 -0.926398 0.366902,
				      -0.097263 -0.925161 0.366902,
				      -0.097263 -0.925161 0.366903,
				      -0.084676 -0.926398 0.366902,
				      -0.097263 -0.925161 0.366903,
				      -0.084676 -0.926398 0.366903,
				      -0.097263 -0.925161 0.366902,
				      -0.158507 -0.916656 0.366902,
				      -0.158507 -0.916656 0.366903,
				      -0.097263 -0.925161 0.366902,
				      -0.158507 -0.916656 0.366903,
				      -0.097263 -0.925161 0.366903,
				      -0.158507 -0.916656 0.366902,
				      -0.24692 -0.896891 0.366902,
				      -0.24692 -0.896891 0.366902,
				      -0.158507 -0.916656 0.366902,
				      -0.24692 -0.896891 0.366902,
				      -0.158507 -0.916656 0.366903,
				      -0.24692 -0.896891 0.366902,
				      -0.304363 -0.879059 0.366902,
				      -0.304363 -0.879059 0.366903,
				      -0.24692 -0.896891 0.366902,
				      -0.304363 -0.879059 0.366903,
				      -0.24692 -0.896891 0.366902,
				      -0.304363 -0.879059 0.366902,
				      -0.320629 -0.873258 0.366902,
				      -0.320629 -0.873258 0.366903,
				      -0.304363 -0.879059 0.366902,
				      -0.320629 -0.873258 0.366903,
				      -0.304363 -0.879059 0.366903,
				      -0.320629 -0.873258 0.366902,
				      -0.31278 -0.8761 0.366902,
				      -0.31278 -0.8761 0.366902,
				      -0.320629 -0.873258 0.366902,
				      -0.31278 -0.8761 0.366902,
				      -0.320629 -0.873258 0.366903,
				      -0.31278 -0.8761 0.366902,
				      -0.288559 -0.884373 0.366902,
				      -0.288559 -0.884373 0.366902,
				      -0.31278 -0.8761 0.366902,
				      -0.288559 -0.884373 0.366902,
				      -0.31278 -0.8761 0.366902,
				      -0.288559 -0.884373 0.366902,
				      -0.259752 -0.893259 0.366902,
				      -0.259752 -0.893259 0.366903,
				      -0.288559 -0.884373 0.366902,
				      -0.259752 -0.893259 0.366903,
				      -0.288559 -0.884373 0.366902,
				      -0.259752 -0.893259 0.366902,
				      -0.238187 -0.89925 0.366902,
				      -0.238187 -0.899249 0.366902,
				      -0.259752 -0.893259 0.366902,
				      -0.238187 -0.899249 0.366902,
				      -0.259752 -0.893259 0.366903,
				      -0.238187 -0.89925 0.366902,
				      -0.226842 -0.902178 0.366902,
				      -0.226842 -0.902178 0.366903,
				      -0.238187 -0.89925 0.366902,
				      -0.226842 -0.902178 0.366903,
				      -0.238187 -0.899249 0.366902,
				      -0.226842 -0.902178 0.366902,
				      -0.221955 -0.903393 0.366902,
				      -0.221955 -0.903393 0.366902,
				      -0.226842 -0.902178 0.366902,
				      -0.221955 -0.903393 0.366902,
				      -0.226842 -0.902178 0.366903,
				      -0.221955 -0.903393 0.366902,
				      -0.219076 -0.904095 0.366902,
				      -0.219076 -0.904095 0.366902,
				      -0.221955 -0.903393 0.366902,
				      -0.219076 -0.904095 0.366902,
				      -0.221955 -0.903393 0.366902,
				      -0.219076 -0.904095 0.366902,
				      0.691218 -0.622575 0.366902,
				      0.691218 -0.622575 0.366902,
				      -0.219076 -0.904095 0.366902,
				      0.691218 -0.622575 0.366902,
				      -0.219076 -0.904095 0.366902 ]
		}
		IndexedFaceSet {
		    coordIndex	[ 284, 285, 286, -1, 284, 286, 287, -1,
				      285, 302, 303, -1, 285, 303, 286, -1,
				      302, 312, 313, -1, 302, 313, 303, -1,
				      312, 322, 323, -1, 312, 323, 313, -1,
				      322, 332, 333, -1, 322, 333, 323, -1,
				      332, 342, 343, -1, 332, 343, 333, -1,
				      342, 352, 353, -1, 342, 353, 343, -1,
				      352, 362, 363, -1, 352, 363, 353, -1,
				      362, 372, 373, -1, 362, 373, 363, -1,
				      372, 382, 383, -1, 372, 383, 373, -1,
				      382, 392, 393, -1, 382, 393, 383, -1,
				      392, 402, 403, -1, 392, 403, 393, -1,
				      402, 412, 413, -1, 402, 413, 403, -1,
				      412, 422, 423, -1, 412, 423, 413, -1,
				      422, 432, 433, -1, 422, 433, 423, -1,
				      432, 442, 443, -1, 432, 443, 433, -1,
				      442, 452, 453, -1, 442, 453, 443, -1,
				      452, 462, 463, -1, 452, 463, 453, -1,
				      462, 472, 473, -1, 462, 473, 463, -1,
				      472, 482, 483, -1, 472, 483, 473, -1,
				      482, 492, 493, -1, 482, 493, 483, -1,
				      492, 502, 503, -1, 492, 503, 493, -1,
				      502, 512, 513, -1, 502, 513, 503, -1,
				      512, 522, 523, -1, 512, 523, 513, -1,
				      522, 532, 533, -1, 522, 533, 523, -1,
				      532, 542, 543, -1, 532, 543, 533, -1,
				      542, 552, 553, -1, 542, 553, 543, -1,
				      552, 562, 563, -1, 552, 563, 553, -1,
				      562, 572, 573, -1, 562, 573, 563, -1,
				      572, 582, 583, -1, 572, 583, 573, -1,
				      582, 592, 593, -1, 582, 593, 583, -1,
				      592, 602, 603, -1, 592, 603, 593, -1,
				      602, 612, 613, -1, 602, 613, 603, -1,
				      612, 622, 623, -1, 612, 623, 613, -1,
				      622, 632, 633, -1, 622, 633, 623, -1,
				      632, 642, 643, -1, 632, 643, 633, -1,
				      642, 652, 653, -1, 642, 653, 643, -1,
				      652, 662, 663, -1, 652, 663, 653, -1,
				      662, 672, 673, -1, 662, 673, 663, -1,
				      672, 682, 683, -1, 672, 683, 673, -1,
				      682, 692, 693, -1, 682, 693, 683, -1,
				      692, 702, 703, -1, 692, 703, 693, -1,
				      702, 712, 713, -1, 702, 713, 703, -1,
				      712, 722, 723, -1, 712, 723, 713, -1,
				      722, 732, 733, -1, 722, 733, 723, -1,
				      732, 742, 743, -1, 732, 743, 733, -1,
				      742, 284, 287, -1, 742, 287, 743, -1 ]
		    normalIndex	[ 0, 1, 2, -1, 3, 4, 5, -1,
				      6, 7, 8, -1, 9, 10, 11, -1,
				      12, 13, 14, -1, 15, 16, 17, -1,
				      18, 19, 20, -1, 21, 22, 23, -1,
				      24, 25, 26, -1, 27, 28, 29, -1,
				      30, 31, 32, -1, 33, 34, 35, -1,
				      36, 37, 38, -1, 39, 40, 41, -1,
				      42, 43, 44, -1, 45, 46, 47, -1,
				      48, 49, 50, -1, 51, 52, 53, -1,
				      54, 55, 56, -1, 57, 58, 59, -1,
				      60, 61, 62, -1, 63, 64, 65, -1,
				      66, 67, 68, -1, 69, 70, 71, -1,
				      72, 73, 74, -1, 75, 76, 77, -1,
				      78, 79, 80, -1, 81, 82, 83, -1,
				      84, 85, 86, -1, 87, 88, 89, -1,
				      90, 91, 92, -1, 93, 94, 95, -1,
				      96, 97, 98, -1, 99, 100, 101, -1,
				      102, 103, 104, -1, 105, 106, 107, -1,
				      108, 109, 110, -1, 111, 112, 113, -1,
				      114, 115, 116, -1, 117, 118, 119, -1,
				      120, 121, 122, -1, 123, 124, 125, -1,
				      126, 127, 128, -1, 129, 130, 131, -1,
				      132, 133, 134, -1, 135, 136, 137, -1,
				      138, 139, 140, -1, 141, 142, 143, -1,
				      144, 145, 146, -1, 147, 148, 149, -1,
				      150, 151, 152, -1, 153, 154, 155, -1,
				      156, 157, 158, -1, 159, 160, 161, -1,
				      162, 163, 164, -1, 165, 166, 167, -1,
				      168, 169, 170, -1, 171, 172, 173, -1,
				      174, 175, 176, -1, 177, 178, 179, -1,
				      180, 181, 182, -1, 183, 184, 185, -1,
				      186, 187, 188, -1, 189, 190, 191, -1,
				      192, 193, 194, -1, 195, 196, 197, -1,
				      198, 199, 200, -1, 201, 202, 203, -1,
				      204, 205, 206, -1, 207, 208, 209, -1,
				      210, 211, 212, -1, 213, 214, 215, -1,
				      216, 217, 218, -1, 219, 220, 221, -1,
				      222, 223, 224, -1, 225, 226, 227, -1,
				      228, 229, 230, -1, 231, 232, 233, -1,
				      234, 235, 236, -1, 237, 238, 239, -1,
				      240, 241, 242, -1, 243, 244, 245, -1,
				      246, 247, 248, -1, 249, 250, 251, -1,
				      252, 253, 254, -1, 255, 256, 257, -1,
				      258, 259, 260, -1, 261, 262, 263, -1,
				      264, 265, 266, -1, 267, 268, 269, -1,
				      270, 271, 272, -1, 273, 274, 275, -1,
				      276, 277, 278, -1, 279, 280, 281, -1 ]
		}
	    }
	}
	Separator {
	    Separator {
		Normal {
		    vector	[ 0.743038 -0.669249 0,
				      0.916345 0.40039 0,
				      0.916345 0.40039 0,
				      0.743038 -0.669249 0,
				      0.916345 0.40039 0,
				      0.743038 -0.669249 0,
				      0.916345 0.40039 0,
				      0.813357 0.581765 0,
				      0.813357 0.581765 0,
				      0.916345 0.40039 0,
				      0.813357 0.581765 0,
				      0.916345 0.40039 0,
				      0.813357 0.581765 0,
				      0.607769 0.794114 0,
				      0.607769 0.794114 0,
				      0.813357 0.581765 0,
				      0.607769 0.794114 0,
				      0.813357 0.581765 0,
				      0.607769 0.794114 0,
				      0.398714 0.917075 0,
				      0.398714 0.917075 0,
				      0.607769 0.794114 0,
				      0.398714 0.917075 0,
				      0.607769 0.794114 0,
				      0.398714 0.917075 0,
				      0.301643 0.953421 0,
				      0.301643 0.953421 0,
				      0.398714 0.917075 0,
				      0.301643 0.953421 0,
				      0.398714 0.917075 0,
				      0.301643 0.953421 0,
				      0.291381 0.956607 0,
				      0.291381 0.956607 0,
				      0.301643 0.953421 0,
				      0.291381 0.956607 0,
				      0.301643 0.953421 0,
				      0.291381 0.956607 0,
				      0.305836 0.952084 0,
				      0.305836 0.952084 0,
				      0.291381 0.956607 0,
				      0.305836 0.952084 0,
				      0.291381 0.956607 0,
				      0.305836 0.952084 0,
				      0.311459 0.95026 0,
				      0.311459 0.95026 0,
				      0.305836 0.952084 0,
				      0.311459 0.95026 0,
				      0.305836 0.952084 0,
				      0.311459 0.95026 0,
				      0.30007 0.953917 0,
				      0.30007 0.953917 0,
				      0.311459 0.95026 0,
				      0.30007 0.953917 0,
				      0.311459 0.95026 0,
				      0.30007 0.953917 0,
				      0.253338 0.967378 0,
				      0.253338 0.967378 0,
				      0.30007 0.953917 0,
				      0.253338 0.967378 0,
				      0.30007 0.953917 0,
				      0.253338 0.967378 0,
				      0.16182 0.98682 0,
				      0.16182 0.98682 0,
				      0.253338 0.967378 0,
				      0.16182 0.98682 0,
				      0.253338 0.967378 0,
				      0.16182 0.98682 0,
				      0.08124 0.996695 0,
				      0.08124 0.996695 0,
				      0.16182 0.98682 0,
				      0.08124 0.996695 0,
				      0.16182 0.98682 0,
				      0.08124 0.996695 0,
				      0.060681 0.998157 0,
				      0.060681 0.998157 0,
				      0.08124 0.996695 0,
				      0.060681 0.998157 0,
				      0.08124 0.996695 0,
				      0.060681 0.998157 0,
				      0.082077 0.996626 0,
				      0.082077 0.996626 0,
				      0.060681 0.998157 0,
				      0.082077 0.996626 0,
				      0.060681 0.998157 0,
				      0.082077 0.996626 0,
				      0.127146 0.991884 0,
				      0.127146 0.991884 0,
				      0.082077 0.996626 0,
				      0.127146 0.991884 0,
				      0.082077 0.996626 0,
				      0.127146 0.991884 0,
				      0.183619 0.982997 0,
				      0.183619 0.982997 0,
				      0.127146 0.991884 0,
				      0.183619 0.982997 0,
				      0.127146 0.991884 0,
				      0.183619 0.982997 0,
				      0.222616 0.974906 0,
				      0.222616 0.974906 0,
				      0.183619 0.982997 0,
				      0.222616 0.974906 0,
				      0.183619 0.982997 0,
				      0.222616 0.974906 0,
				      0.218241 0.975895 0,
				      0.218241 0.975895 0,
				      0.222616 0.974906 0,
				      0.218241 0.975895 0,
				      0.222616 0.974906 0,
				      0.218241 0.975895 0,
				      0.134424 0.990924 0,
				      0.134424 0.990924 0,
				      0.218241 0.975895 0,
				      0.134424 0.990924 0,
				      0.218241 0.975895 0,
				      0.134424 0.990924 0,
				      -0.100094 0.994978 0,
				      -0.100094 0.994978 0,
				      0.134424 0.990924 0,
				      -0.100094 0.994978 0,
				      0.134424 0.990924 0,
				      -0.100094 0.994978 0,
				      -0.516727 0.85615 0,
				      -0.516727 0.85615 0,
				      -0.100094 0.994978 0,
				      -0.516727 0.85615 0,
				      -0.100094 0.994978 0,
				      -0.516727 0.85615 0,
				      -0.840129 0.542386 0,
				      -0.840129 0.542386 0,
				      -0.516727 0.85615 0,
				      -0.840129 0.542386 0,
				      -0.516727 0.85615 0,
				      -0.840129 0.542386 0,
				      -0.970925 0.239385 0,
				      -0.970925 0.239385 0,
				      -0.840129 0.542386 0,
				      -0.970925 0.239385 0,
				      -0.840129 0.542386 0,
				      -0.970925 0.239385 0,
				      -0.997743 -0.067148 0,
				      -0.997743 -0.067148 0,
				      -0.970925 0.239385 0,
				      -0.997743 -0.067148 0,
				      -0.970925 0.239385 0,
				      -0.997743 -0.067148 0,
				      -0.925463 -0.378837 0,
				      -0.925463 -0.378837 0,
				      -0.997743 -0.067148 0,
				      -0.925463 -0.378837 0,
				      -0.997743 -0.067148 0,
				      -0.925463 -0.378837 0,
				      -0.718443 -0.695586 0,
				      -0.718443 -0.695586 0,
				      -0.925463 -0.378837 0,
				      -0.718443 -0.695586 0,
				      -0.925463 -0.378837 0,
				      -0.718443 -0.695586 0,
				      -0.451734 -0.892153 0,
				      -0.451734 -0.892153 0,
				      -0.718443 -0.695586 0,
				      -0.451734 -0.892153 0,
				      -0.718443 -0.695586 0,
				      -0.451734 -0.892153 0,
				      -0.292362 -0.956308 0,
				      -0.292362 -0.956308 0,
				      -0.451734 -0.892153 0,
				      -0.292362 -0.956308 0,
				      -0.451734 -0.892153 0,
				      -0.292362 -0.956308 0,
				      -0.21754 -0.976051 0,
				      -0.21754 -0.976051 0,
				      -0.292362 -0.956308 0,
				      -0.21754 -0.976051 0,
				      -0.292362 -0.956308 0,
				      -0.21754 -0.976051 0,
				      -0.177709 -0.984083 0,
				      -0.177709 -0.984083 0,
				      -0.21754 -0.976051 0,
				      -0.177709 -0.984083 0,
				      -0.21754 -0.976051 0,
				      -0.177709 -0.984083 0,
				      -0.14697 -0.989141 0,
				      -0.14697 -0.989141 0,
				      -0.177709 -0.984083 0,
				      -0.14697 -0.989141 0,
				      -0.177709 -0.984083 0,
				      -0.14697 -0.989141 0,
				      -0.120312 -0.992736 0,
				      -0.120312 -0.992736 0,
				      -0.14697 -0.989141 0,
				      -0.120312 -0.992736 0,
				      -0.14697 -0.989141 0,
				      -0.120312 -0.992736 0,
				      -0.101001 -0.994886 0,
				      -0.101001 -0.994886 0,
				      -0.120312 -0.992736 0,
				      -0.101001 -0.994886 0,
				      -0.120312 -0.992736 0,
				      -0.101001 -0.994886 0,
				      -0.091024 -0.995849 0,
				      -0.091024 -0.995849 0,
				      -0.101001 -0.994886 0,
				      -0.091024 -0.995849 0,
				      -0.101001 -0.994886 0,
				      -0.091024 -0.995849 0,
				      -0.104554 -0.994519 0,
				      -0.104554 -0.994519 0,
				      -0.091024 -0.995849 0,
				      -0.104554 -0.994519 0,
				      -0.091024 -0.995849 0,
				      -0.104554 -0.994519 0,
				      -0.170391 -0.985377 0,
				      -0.170391 -0.985377 0,
				      -0.104554 -0.994519 0,
				      -0.170391 -0.985377 0,
				      -0.104554 -0.994519 0,
				      -0.170391 -0.985377 0,
				      -0.265431 -0.96413 0,
				      -0.265431 -0.96413 0,
				      -0.170391 -0.985377 0,
				      -0.265431 -0.96413 0,
				      -0.170391 -0.985377 0,
				      -0.265431 -0.96413 0,
				      -0.327181 -0.944962 0,
				      -0.327181 -0.944962 0,
				      -0.265431 -0.96413 0,
				      -0.327181 -0.944962 0,
				      -0.265431 -0.96413 0,
				      -0.327181 -0.944962 0,
				      -0.344667 -0.938725 0,
				      -0.344667 -0.938725 0,
				      -0.327181 -0.944962 0,
				      -0.344667 -0.938725 0,
				      -0.327181 -0.944962 0,
				      -0.344667 -0.938725 0,
				      -0.336229 -0.94178 0,
				      -0.336229 -0.94178 0,
				      -0.344667 -0.938725 0,
				      -0.336229 -0.94178 0,
				      -0.344667 -0.938725 0,
				      -0.336229 -0.94178 0,
				      -0.310192 -0.950674 0,
				      -0.310192 -0.950674 0,
				      -0.336229 -0.94178 0,
				      -0.310192 -0.950674 0,
				      -0.336229 -0.94178 0,
				      -0.310192 -0.950674 0,
				      -0.279226 -0.960225 0,
				      -0.279226 -0.960225 0,
				      -0.310192 -0.950674 0,
				      -0.279226 -0.960225 0,
				      -0.310192 -0.950674 0,
				      -0.279226 -0.960225 0,
				      -0.256043 -0.966665 0,
				      -0.256043 -0.966665 0,
				      -0.279226 -0.960225 0,
				      -0.256043 -0.966665 0,
				      -0.279226 -0.960225 0,
				      -0.256043 -0.966665 0,
				      -0.243848 -0.969813 0,
				      -0.243848 -0.969813 0,
				      -0.256043 -0.966665 0,
				      -0.243848 -0.969813 0,
				      -0.256043 -0.966665 0,
				      -0.243848 -0.969813 0,
				      -0.238595 -0.971119 0,
				      -0.238595 -0.971119 0,
				      -0.243848 -0.969813 0,
				      -0.238595 -0.971119 0,
				      -0.243848 -0.969813 0,
				      -0.238595 -0.971119 0,
				      -0.2355 -0.971874 0,
				      -0.2355 -0.971874 0,
				      -0.238595 -0.971119 0,
				      -0.2355 -0.971874 0,
				      -0.238595 -0.971119 0,
				      -0.2355 -0.971874 0,
				      0.743038 -0.669249 0,
				      0.743038 -0.669249 0,
				      -0.2355 -0.971874 0,
				      0.743038 -0.669249 0,
				      -0.2355 -0.971874 0 ]
		}
		IndexedFaceSet {
		    coordIndex	[ 288, 289, 290, -1, 288, 290, 291, -1,
				      289, 304, 305, -1, 289, 305, 290, -1,
				      304, 314, 315, -1, 304, 315, 305, -1,
				      314, 324, 325, -1, 314, 325, 315, -1,
				      324, 334, 335, -1, 324, 335, 325, -1,
				      334, 344, 345, -1, 334, 345, 335, -1,
				      344, 354, 355, -1, 344, 355, 345, -1,
				      354, 364, 365, -1, 354, 365, 355, -1,
				      364, 374, 375, -1, 364, 375, 365, -1,
				      374, 384, 385, -1, 374, 385, 375, -1,
				      384, 394, 395, -1, 384, 395, 385, -1,
				      394, 404, 405, -1, 394, 405, 395, -1,
				      404, 414, 415, -1, 404, 415, 405, -1,
				      414, 424, 425, -1, 414, 425, 415, -1,
				      424, 434, 435, -1, 424, 435, 425, -1,
				      434, 444, 445, -1, 434, 445, 435, -1,
				      444, 454, 455, -1, 444, 455, 445, -1,
				      454, 464, 465, -1, 454, 465, 455, -1,
				      464, 474, 475, -1, 464, 475, 465, -1,
				      474, 484, 485, -1, 474, 485, 475, -1,
				      484, 494, 495, -1, 484, 495, 485, -1,
				      494, 504, 505, -1, 494, 505, 495, -1,
				      504, 514, 515, -1, 504, 515, 505, -1,
				      514, 524, 525, -1, 514, 525, 515, -1,
				      524, 534, 535, -1, 524, 535, 525, -1,
				      534, 544, 545, -1, 534, 545, 535, -1,
				      544, 554, 555, -1, 544, 555, 545, -1,
				      554, 564, 565, -1, 554, 565, 555, -1,
				      564, 574, 575, -1, 564, 575, 565, -1,
				      574, 584, 585, -1, 574, 585, 575, -1,
				      584, 594, 595, -1, 584, 595, 585, -1,
				      594, 604, 605, -1, 594, 605, 595, -1,
				      604, 614, 615, -1, 604, 615, 605, -1,
				      614, 624, 625, -1, 614, 625, 615, -1,
				      624, 634, 635, -1, 624, 635, 625, -1,
				      634, 644, 645, -1, 634, 645, 635, -1,
				      644, 654, 655, -1, 644, 655, 645, -1,
				      654, 664, 665, -1, 654, 665, 655, -1,
				      664, 674, 675, -1, 664, 675, 665, -1,
				      674, 684, 685, -1, 674, 685, 675, -1,
				      684, 694, 695, -1, 684, 695, 685, -1,
				      694, 704, 705, -1, 694, 705, 695, -1,
				      704, 714, 715, -1, 704, 715, 705, -1,
				      714, 724, 725, -1, 714, 725, 715, -1,
				      724, 734, 735, -1, 724, 735, 725, -1,
				      734, 744, 745, -1, 734, 745, 735, -1,
				      744, 288, 291, -1, 744, 291, 745, -1 ]
		    normalIndex	[ 0, 1, 2, -1, 3, 4, 5, -1,
				      6, 7, 8, -1, 9, 10, 11, -1,
				      12, 13, 14, -1, 15, 16, 17, -1,
				      18, 19, 20, -1, 21, 22, 23, -1,
				      24, 25, 26, -1, 27, 28, 29, -1,
				      30, 31, 32, -1, 33, 34, 35, -1,
				      36, 37, 38, -1, 39, 40, 41, -1,
				      42, 43, 44, -1, 45, 46, 47, -1,
				      48, 49, 50, -1, 51, 52, 53, -1,
				      54, 55, 56, -1, 57, 58, 59, -1,
				      60, 61, 62, -1, 63, 64, 65, -1,
				      66, 67, 68, -1, 69, 70, 71, -1,
				      72, 73, 74, -1, 75, 76, 77, -1,
				      78, 79, 80, -1, 81, 82, 83, -1,
				      84, 85, 86, -1, 87, 88, 89, -1,
				      90, 91, 92, -1, 93, 94, 95, -1,
				      96, 97, 98, -1, 99, 100, 101, -1,
				      102, 103, 104, -1, 105, 106, 107, -1,
				      108, 109, 110, -1, 111, 112, 113, -1,
				      114, 115, 116, -1, 117, 118, 119, -1,
				      120, 121, 122, -1, 123, 124, 125, -1,
				      126, 127, 128, -1, 129, 130, 131, -1,
				      132, 133, 134, -1, 135, 136, 137, -1,
				      138, 139, 140, -1, 141, 142, 143, -1,
				      144, 145, 146, -1, 147, 148, 149, -1,
				      150, 151, 152, -1, 153, 154, 155, -1,
				      156, 157, 158, -1, 159, 160, 161, -1,
				      162, 163, 164, -1, 165, 166, 167, -1,
				      168, 169, 170, -1, 171, 172, 173, -1,
				      174, 175, 176, -1, 177, 178, 179, -1,
				      180, 181, 182, -1, 183, 184, 185, -1,
				      186, 187, 188, -1, 189, 190, 191, -1,
				      192, 193, 194, -1, 195, 196, 197, -1,
				      198, 199, 200, -1, 201, 202, 203, -1,
				      204, 205, 206, -1, 207, 208, 209, -1,
				      210, 211, 212, -1, 213, 214, 215, -1,
				      216, 217, 218, -1, 219, 220, 221, -1,
				      222, 223, 224, -1, 225, 226, 227, -1,
				      228, 229, 230, -1, 231, 232, 233, -1,
				      234, 235, 236, -1, 237, 238, 239, -1,
				      240, 241, 242, -1, 243, 244, 245, -1,
				      246, 247, 248, -1, 249, 250, 251, -1,
				      252, 253, 254, -1, 255, 256, 257, -1,
				      258, 259, 260, -1, 261, 262, 263, -1,
				      264, 265, 266, -1, 267, 268, 269, -1,
				      270, 271, 272, -1, 273, 274, 275, -1,
				      276, 277, 278, -1, 279, 280, 281, -1 ]
		}
	    }
	}
	Separator {
	    Separator {
		Normal {
		    vector	[ 0.691218 -0.622575 -0.366902,
				      0.852439 0.372466 -0.366902,
				      0.852439 0.372466 -0.366902,
				      0.691218 -0.622575 -0.366902,
				      0.852439 0.372466 -0.366902,
				      0.691218 -0.622575 -0.366902,
				      0.852439 0.372466 -0.366902,
				      0.756633 0.541193 -0.366902,
				      0.756633 0.541193 -0.366902,
				      0.852439 0.372466 -0.366902,
				      0.756633 0.541193 -0.366902,
				      0.852439 0.372466 -0.366902,
				      0.756633 0.541193 -0.366902,
				      0.565382 0.738732 -0.366902,
				      0.565382 0.738732 -0.366902,
				      0.756633 0.541193 -0.366902,
				      0.565382 0.738732 -0.366902,
				      0.756633 0.541193 -0.366902,
				      0.565382 0.738732 -0.366902,
				      0.370908 0.853118 -0.366902,
				      0.370908 0.853118 -0.366902,
				      0.565382 0.738732 -0.366902,
				      0.370908 0.853118 -0.366902,
				      0.565382 0.738732 -0.366902,
				      0.370908 0.853118 -0.366902,
				      0.280606 0.886929 -0.366902,
				      0.280606 0.886929 -0.366902,
				      0.370908 0.853118 -0.366902,
				      0.280606 0.886929 -0.366902,
				      0.370908 0.853118 -0.366902,
				      0.280606 0.886929 -0.366902,
				      0.27106 0.889893 -0.366902,
				      0.27106 0.889893 -0.366902,
				      0.280606 0.886929 -0.366902,
				      0.27106 0.889893 -0.366902,
				      0.280606 0.886929 -0.366902,
				      0.27106 0.889893 -0.366902,
				      0.284507 0.885686 -0.366902,
				      0.284507 0.885685 -0.366902,
				      0.27106 0.889893 -0.366902,
				      0.284507 0.885685 -0.366902,
				      0.27106 0.889893 -0.366902,
				      0.284507 0.885686 -0.366902,
				      0.289738 0.883988 -0.366902,
				      0.289738 0.883988 -0.366902,
				      0.284507 0.885686 -0.366902,
				      0.289738 0.883988 -0.366902,
				      0.284507 0.885685 -0.366902,
				      0.289738 0.883988 -0.366902,
				      0.279143 0.887391 -0.366902,
				      0.279143 0.887391 -0.366902,
				      0.289738 0.883988 -0.366902,
				      0.279143 0.887391 -0.366902,
				      0.289738 0.883988 -0.366902,
				      0.279143 0.887391 -0.366902,
				      0.23567 0.899912 -0.366902,
				      0.23567 0.899912 -0.366902,
				      0.279143 0.887391 -0.366902,
				      0.23567 0.899912 -0.366902,
				      0.279143 0.887391 -0.366902,
				      0.23567 0.899912 -0.366902,
				      0.150535 0.917999 -0.366902,
				      0.150535 0.917999 -0.366902,
				      0.23567 0.899912 -0.366902,
				      0.150535 0.917999 -0.366902,
				      0.23567 0.899912 -0.366902,
				      0.150535 0.917999 -0.366902,
				      0.075575 0.927185 -0.366902,
				      0.075575 0.927185 -0.366902,
				      0.150535 0.917999 -0.366902,
				      0.075575 0.927185 -0.366902,
				      0.150535 0.917999 -0.366902,
				      0.075575 0.927185 -0.366902,
				      0.056449 0.928545 -0.366902,
				      0.056449 0.928545 -0.366902,
				      0.075575 0.927185 -0.366902,
				      0.056449 0.928545 -0.366902,
				      0.075575 0.927185 -0.366902,
				      0.056449 0.928545 -0.366902,
				      0.076353 0.927121 -0.366902,
				      0.076353 0.927121 -0.366902,
				      0.056449 0.928545 -0.366902,
				      0.076353 0.927121 -0.366902,
				      0.056449 0.928545 -0.366902,
				      0.076353 0.927121 -0.366902,
				      0.118278 0.92271 -0.366902,
				      0.118278 0.92271 -0.366902,
				      0.076353 0.927121 -0.366902,
				      0.118278 0.92271 -0.366902,
				      0.076353 0.927121 -0.366902,
				      0.118278 0.92271 -0.366902,
				      0.170814 0.914443 -0.366902,
				      0.170814 0.914443 -0.366902,
				      0.118278 0.92271 -0.366902,
				      0.170814 0.914443 -0.366902,
				      0.118278 0.92271 -0.366902,
				      0.170814 0.914443 -0.366902,
				      0.207091 0.906916 -0.366902,
				      0.207091 0.906916 -0.366902,
				      0.170814 0.914443 -0.366902,
				      0.207091 0.906916 -0.366902,
				      0.170814 0.914443 -0.366902,
				      0.207091 0.906916 -0.366902,
				      0.203021 0.907835 -0.366902,
				      0.203021 0.907835 -0.366902,
				      0.207091 0.906916 -0.366902,
				      0.203021 0.907835 -0.366902,
				      0.207091 0.906916 -0.366902,
				      0.203021 0.907835 -0.366902,
				      0.12505 0.921816 -0.366902,
				      0.12505 0.921816 -0.366902,
				      0.203021 0.907835 -0.366902,
				      0.12505 0.921816 -0.366902,
				      0.203021 0.907835 -0.366902,
				      0.12505 0.921816 -0.366902,
				      -0.093113 0.925588 -0.366902,
				      -0.093113 0.925588 -0.366902,
				      0.12505 0.921816 -0.366902,
				      -0.093113 0.925588 -0.366902,
				      0.12505 0.921816 -0.366902,
				      -0.093113 0.925588 -0.366902,
				      -0.48069 0.796442 -0.366902,
				      -0.48069 0.796442 -0.366902,
				      -0.093113 0.925588 -0.366902,
				      -0.48069 0.796442 -0.366902,
				      -0.093113 0.925588 -0.366902,
				      -0.48069 0.796442 -0.366902,
				      -0.781538 0.50456 -0.366902,
				      -0.781538 0.50456 -0.366902,
				      -0.48069 0.796442 -0.366902,
				      -0.781538 0.50456 -0.366902,
				      -0.48069 0.796442 -0.366902,
				      -0.781538 0.50456 -0.366902,
				      -0.903212 0.22269 -0.366902,
				      -0.903212 0.22269 -0.366902,
				      -0.781538 0.50456 -0.366902,
				      -0.903212 0.22269 -0.366902,
				      -0.781538 0.50456 -0.366902,
				      -0.903212 0.22269 -0.366902,
				      -0.92816 -0.062465 -0.366902,
				      -0.92816 -0.062465 -0.366902,
				      -0.903212 0.22269 -0.366902,
				      -0.92816 -0.062465 -0.366902,
				      -0.903212 0.22269 -0.366902,
				      -0.92816 -0.062465 -0.366902,
				      -0.860921 -0.352416 -0.366902,
				      -0.860921 -0.352416 -0.366902,
				      -0.92816 -0.062465 -0.366902,
				      -0.860921 -0.352416 -0.366902,
				      -0.92816 -0.062465 -0.366902,
				      -0.860921 -0.352416 -0.366902,
				      -0.668338 -0.647075 -0.366902,
				      -0.668338 -0.647075 -0.366902,
				      -0.860921 -0.352416 -0.366902,
				      -0.668338 -0.647075 -0.366902,
				      -0.860921 -0.352416 -0.366902,
				      -0.668338 -0.647075 -0.366902,
				      -0.42023 -0.829933 -0.366902,
				      -0.42023 -0.829933 -0.366902,
				      -0.668338 -0.647075 -0.366902,
				      -0.42023 -0.829933 -0.366902,
				      -0.668338 -0.647075 -0.366902,
				      -0.42023 -0.829933 -0.366902,
				      -0.271973 -0.889614 -0.366902,
				      -0.271973 -0.889614 -0.366902,
				      -0.42023 -0.829933 -0.366902,
				      -0.271973 -0.889614 -0.366902,
				      -0.42023 -0.829933 -0.366902,
				      -0.271973 -0.889614 -0.366902,
				      -0.202369 -0.907981 -0.366902,
				      -0.202369 -0.907981 -0.366902,
				      -0.271973 -0.889614 -0.366902,
				      -0.202369 -0.907981 -0.366902,
				      -0.271973 -0.889614 -0.366902,
				      -0.202369 -0.907981 -0.366902,
				      -0.165316 -0.915453 -0.366902,
				      -0.165316 -0.915453 -0.366902,
				      -0.202369 -0.907981 -0.366902,
				      -0.165316 -0.915453 -0.366902,
				      -0.202369 -0.907981 -0.366902,
				      -0.165316 -0.915453 -0.366902,
				      -0.13672 -0.920158 -0.366902,
				      -0.13672 -0.920158 -0.366902,
				      -0.165316 -0.915453 -0.366902,
				      -0.13672 -0.920158 -0.366902,
				      -0.165316 -0.915453 -0.366902,
				      -0.13672 -0.920158 -0.366902,
				      -0.111921 -0.923502 -0.366902,
				      -0.111921 -0.923502 -0.366902,
				      -0.13672 -0.920158 -0.366902,
				      -0.111921 -0.923502 -0.366902,
				      -0.13672 -0.920158 -0.366902,
				      -0.111921 -0.923502 -0.366902,
				      -0.093957 -0.925502 -0.366902,
				      -0.093957 -0.925502 -0.366902,
				      -0.111921 -0.923502 -0.366902,
				      -0.093957 -0.925502 -0.366902,
				      -0.111921 -0.923502 -0.366902,
				      -0.093957 -0.925502 -0.366902,
				      -0.084676 -0.926398 -0.366902,
				      -0.084676 -0.926398 -0.366902,
				      -0.093957 -0.925502 -0.366902,
				      -0.084676 -0.926398 -0.366902,
				      -0.093957 -0.925502 -0.366902,
				      -0.084676 -0.926398 -0.366902,
				      -0.097263 -0.925161 -0.366902,
				      -0.097263 -0.925161 -0.366902,
				      -0.084676 -0.926398 -0.366902,
				      -0.097263 -0.925161 -0.366902,
				      -0.084676 -0.926398 -0.366902,
				      -0.097263 -0.925161 -0.366902,
				      -0.158508 -0.916656 -0.366902,
				      -0.158508 -0.916656 -0.366902,
				      -0.097263 -0.925161 -0.366902,
				      -0.158508 -0.916656 -0.366902,
				      -0.097263 -0.925161 -0.366902,
				      -0.158508 -0.916656 -0.366902,
				      -0.24692 -0.896891 -0.366902,
				      -0.24692 -0.896891 -0.366902,
				      -0.158508 -0.916656 -0.366902,
				      -0.24692 -0.896891 -0.366902,
				      -0.158508 -0.916656 -0.366902,
				      -0.24692 -0.896891 -0.366902,
				      -0.304364 -0.879059 -0.366902,
				      -0.304364 -0.879059 -0.366902,
				      -0.24692 -0.896891 -0.366902,
				      -0.304364 -0.879059 -0.366902,
				      -0.24692 -0.896891 -0.366902,
				      -0.304364 -0.879059 -0.366902,
				      -0.320629 -0.873258 -0.366902,
				      -0.320629 -0.873258 -0.366902,
				      -0.304364 -0.879059 -0.366902,
				      -0.320629 -0.873258 -0.366902,
				      -0.304364 -0.879059 -0.366902,
				      -0.320629 -0.873258 -0.366902,
				      -0.31278 -0.8761 -0.366902,
				      -0.31278 -0.8761 -0.366902,
				      -0.320629 -0.873258 -0.366902,
				      -0.31278 -0.8761 -0.366902,
				      -0.320629 -0.873258 -0.366902,
				      -0.31278 -0.8761 -0.366902,
				      -0.288559 -0.884373 -0.366902,
				      -0.288559 -0.884373 -0.366902,
				      -0.31278 -0.8761 -0.366902,
				      -0.288559 -0.884373 -0.366902,
				      -0.31278 -0.8761 -0.366902,
				      -0.288559 -0.884373 -0.366902,
				      -0.259752 -0.893259 -0.366902,
				      -0.259752 -0.893259 -0.366902,
				      -0.288559 -0.884373 -0.366902,
				      -0.259752 -0.893259 -0.366902,
				      -0.288559 -0.884373 -0.366902,
				      -0.259752 -0.893259 -0.366902,
				      -0.238187 -0.89925 -0.366902,
				      -0.238187 -0.89925 -0.366902,
				      -0.259752 -0.893259 -0.366902,
				      -0.238187 -0.89925 -0.366902,
				      -0.259752 -0.893259 -0.366902,
				      -0.238187 -0.89925 -0.366902,
				      -0.226842 -0.902178 -0.366902,
				      -0.226842 -0.902178 -0.366902,
				      -0.238187 -0.89925 -0.366902,
				      -0.226842 -0.902178 -0.366902,
				      -0.238187 -0.89925 -0.366902,
				      -0.226842 -0.902178 -0.366902,
				      -0.221956 -0.903393 -0.366902,
				      -0.221956 -0.903393 -0.366902,
				      -0.226842 -0.902178 -0.366902,
				      -0.221956 -0.903393 -0.366902,
				      -0.226842 -0.902178 -0.366902,
				      -0.221956 -0.903393 -0.366902,
				      -0.219076 -0.904095 -0.366902,
				      -0.219076 -0.904095 -0.366902,
				      -0.221956 -0.903393 -0.366902,
				      -0.219076 -0.904095 -0.366902,
				      -0.221956 -0.903393 -0.366902,
				      -0.219076 -0.904095 -0.366902,
				      0.691218 -0.622575 -0.366902,
				      0.691218 -0.622575 -0.366902,
				      -0.219076 -0.904095 -0.366902,
				      0.691218 -0.622575 -0.366902,
				      -0.219076 -0.904095 -0.366902 ]
		}
		IndexedFaceSet {
		    coordIndex	[ 292, 293, 294, -1, 292, 294, 295, -1,
				      293, 306, 307, -1, 293, 307, 294, -1,
				      306, 316, 317, -1, 306, 317, 307, -1,
				      316, 326, 327, -1, 316, 327, 317, -1,
				      326, 336, 337, -1, 326, 337, 327, -1,
				      336, 346, 347, -1, 336, 347, 337, -1,
				      346, 356, 357, -1, 346, 357, 347, -1,
				      356, 366, 367, -1, 356, 367, 357, -1,
				      366, 376, 377, -1, 366, 377, 367, -1,
				      376, 386, 387, -1, 376, 387, 377, -1,
				      386, 396, 397, -1, 386, 397, 387, -1,
				      396, 406, 407, -1, 396, 407, 397, -1,
				      406, 416, 417, -1, 406, 417, 407, -1,
				      416, 426, 427, -1, 416, 427, 417, -1,
				      426, 436, 437, -1, 426, 437, 427, -1,
				      436, 446, 447, -1, 436, 447, 437, -1,
				      446, 456, 457, -1, 446, 457, 447, -1,
				      456, 466, 467, -1, 456, 467, 457, -1,
				      466, 476, 477, -1, 466, 477, 467, -1,
				      476, 486, 487, -1, 476, 487, 477, -1,
				      486, 496, 497, -1, 486, 497, 487, -1,
				      496, 506, 507, -1, 496, 507, 497, -1,
				      506, 516, 517, -1, 506, 517, 507, -1,
				      516, 526, 527, -1, 516, 527, 517, -1,
				      526, 536, 537, -1, 526, 537, 527, -1,
				      536, 546, 547, -1, 536, 547, 537, -1,
				      546, 556, 557, -1, 546, 557, 547, -1,
				      556, 566, 567, -1, 556, 567, 557, -1,
				      566, 576, 577, -1, 566, 577, 567, -1,
				      576, 586, 587, -1, 576, 587, 577, -1,
				      586, 596, 597, -1, 586, 597, 587, -1,
				      596, 606, 607, -1, 596, 607, 597, -1,
				      606, 616, 617, -1, 606, 617, 607, -1,
				      616, 626, 627, -1, 616, 627, 617, -1,
				      626, 636, 637, -1, 626, 637, 627, -1,
				      636, 646, 647, -1, 636, 647, 637, -1,
				      646, 656, 657, -1, 646, 657, 647, -1,
				      656, 666, 667, -1, 656, 667, 657, -1,
				      666, 676, 677, -1, 666, 677, 667, -1,
				      676, 686, 687, -1, 676, 687, 677, -1,
				      686, 696, 697, -1, 686, 697, 687, -1,
				      696, 706, 707, -1, 696, 707, 697, -1,
				      706, 716, 717, -1, 706, 717, 707, -1,
				      716, 726, 727, -1, 716, 727, 717, -1,
				      726, 736, 737, -1, 726, 737, 727, -1,
				      736, 746, 747, -1, 736, 747, 737, -1,
				      746, 292, 295, -1, 746, 295, 747, -1 ]
		    normalIndex	[ 0, 1, 2, -1, 3, 4, 5, -1,
				      6, 7, 8, -1, 9, 10, 11, -1,
				      12, 13, 14, -1, 15, 16, 17, -1,
				      18, 19, 20, -1, 21, 22, 23, -1,
				      24, 25, 26, -1, 27, 28, 29, -1,
				      30, 31, 32, -1, 33, 34, 35, -1,
				      36, 37, 38, -1, 39, 40, 41, -1,
				      42, 43, 44, -1, 45, 46, 47, -1,
				      48, 49, 50, -1, 51, 52, 53, -1,
				      54, 55, 56, -1, 57, 58, 59, -1,
				      60, 61, 62, -1, 63, 64, 65, -1,
				      66, 67, 68, -1, 69, 70, 71, -1,
				      72, 73, 74, -1, 75, 76, 77, -1,
				      78, 79, 80, -1, 81, 82, 83, -1,
				      84, 85, 86, -1, 87, 88, 89, -1,
				      90, 91, 92, -1, 93, 94, 95, -1,
				      96, 97, 98, -1, 99, 100, 101, -1,
				      102, 103, 104, -1, 105, 106, 107, -1,
				      108, 109, 110, -1, 111, 112, 113, -1,
				      114, 115, 116, -1, 117, 118, 119, -1,
				      120, 121, 122, -1, 123, 124, 125, -1,
				      126, 127, 128, -1, 129, 130, 131, -1,
				      132, 133, 134, -1, 135, 136, 137, -1,
				      138, 139, 140, -1, 141, 142, 143, -1,
				      144, 145, 146, -1, 147, 148, 149, -1,
				      150, 151, 152, -1, 153, 154, 155, -1,
				      156, 157, 158, -1, 159, 160, 161, -1,
				      162, 163, 164, -1, 165, 166, 167, -1,
				      168, 169, 170, -1, 171, 172, 173, -1,
				      174, 175, 176, -1, 177, 178, 179, -1,
				      180, 181, 182, -1, 183, 184, 185, -1,
				      186, 187, 188, -1, 189, 190, 191, -1,
				      192, 193, 194, -1, 195, 196, 197, -1,
				      198, 199, 200, -1, 201, 202, 203, -1,
				      204, 205, 206, -1, 207, 208, 209, -1,
				      210, 211, 212, -1, 213, 214, 215, -1,
				      216, 217, 218, -1, 219, 220, 221, -1,
				      222, 223, 224, -1, 225, 226, 227, -1,
				      228, 229, 230, -1, 231, 232, 233, -1,
				      234, 235, 236, -1, 237, 238, 239, -1,
				      240, 241, 242, -1, 243, 244, 245, -1,
				      246, 247, 248, -1, 249, 250, 251, -1,
				      252, 253, 254, -1, 255, 256, 257, -1,
				      258, 259, 260, -1, 261, 262, 263, -1,
				      264, 265, 266, -1, 267, 268, 269, -1,
				      270, 271, 272, -1, 273, 274, 275, -1,
				      276, 277, 278, -1, 279, 280, 281, -1 ]
		}
	    }
	}
	Separator {
	    Material {
		diffuseColor	0.8 0.109132 0.523968
	    }
	    Separator {
		Normal {
		    vector	[ 0.165148 -0.148748 -0.974987,
				      0.203668 0.088991 -0.974987,
				      0.203668 0.088991 -0.974987,
				      0.165148 -0.148748 -0.974987,
				      0.203668 0.088991 -0.974987,
				      0.165148 -0.148748 -0.974987,
				      0.203668 0.088991 -0.974987,
				      0.180777 0.129304 -0.974987,
				      0.180778 0.129304 -0.974987,
				      0.203668 0.088991 -0.974987,
				      0.180778 0.129304 -0.974987,
				      0.203668 0.088991 -0.974987,
				      0.180777 0.129304 -0.974987,
				      0.135083 0.176501 -0.974987,
				      0.135083 0.176501 -0.974987,
				      0.180777 0.129304 -0.974987,
				      0.135083 0.176501 -0.974987,
				      0.180778 0.129304 -0.974987,
				      0.135083 0.176501 -0.974987,
				      0.088619 0.20383 -0.974987,
				      0.088619 0.20383 -0.974987,
				      0.135083 0.176501 -0.974987,
				      0.088619 0.20383 -0.974987,
				      0.135083 0.176501 -0.974987,
				      0.088619 0.20383 -0.974987,
				      0.067044 0.211908 -0.974987,
				      0.067044 0.211908 -0.974987,
				      0.088619 0.20383 -0.974987,
				      0.067044 0.211908 -0.974987,
				      0.088619 0.20383 -0.974987,
				      0.067044 0.211908 -0.974987,
				      0.064763 0.212616 -0.974987,
				      0.064763 0.212616 -0.974987,
				      0.067044 0.211908 -0.974987,
				      0.064763 0.212616 -0.974987,
				      0.067044 0.211908 -0.974987,
				      0.064763 0.212616 -0.974987,
				      0.067975 0.211611 -0.974987,
				      0.067975 0.211611 -0.974987,
				      0.064763 0.212616 -0.974987,
				      0.067975 0.211611 -0.974987,
				      0.064763 0.212616 -0.974987,
				      0.067975 0.211611 -0.974987,
				      0.069225 0.211206 -0.974987,
				      0.069225 0.211206 -0.974987,
				      0.067975 0.211611 -0.974987,
				      0.069225 0.211206 -0.974987,
				      0.067975 0.211611 -0.974987,
				      0.069225 0.211206 -0.974987,
				      0.066694 0.212019 -0.974987,
				      0.066694 0.212019 -0.974987,
				      0.069225 0.211206 -0.974987,
				      0.066694 0.212019 -0.974987,
				      0.069225 0.211206 -0.974987,
				      0.066694 0.212019 -0.974987,
				      0.056307 0.21501 -0.974987,
				      0.056307 0.21501 -0.974987,
				      0.066694 0.212019 -0.974987,
				      0.056307 0.21501 -0.974987,
				      0.066694 0.212019 -0.974987,
				      0.056307 0.21501 -0.974987,
				      0.035966 0.219332 -0.974987,
				      0.035966 0.219332 -0.974987,
				      0.056307 0.21501 -0.974987,
				      0.035966 0.219332 -0.974987,
				      0.056307 0.21501 -0.974987,
				      0.035966 0.219332 -0.974987,
				      0.018057 0.221526 -0.974987,
				      0.018057 0.221526 -0.974987,
				      0.035966 0.219332 -0.974987,
				      0.018057 0.221526 -0.974987,
				      0.035966 0.219332 -0.974987,
				      0.018057 0.221526 -0.974987,
				      0.013487 0.221851 -0.974987,
				      0.013487 0.221851 -0.974987,
				      0.018057 0.221526 -0.974987,
				      0.013487 0.221851 -0.974987,
				      0.018057 0.221526 -0.974987,
				      0.013487 0.221851 -0.974987,
				      0.018242 0.221511 -0.974987,
				      0.018242 0.221511 -0.974987,
				      0.013487 0.221851 -0.974987,
				      0.018242 0.221511 -0.974987,
				      0.013487 0.221851 -0.974987,
				      0.018242 0.221511 -0.974987,
				      0.02826 0.220457 -0.974987,
				      0.02826 0.220457 -0.974987,
				      0.018242 0.221511 -0.974987,
				      0.02826 0.220457 -0.974987,
				      0.018242 0.221511 -0.974987,
				      0.02826 0.220457 -0.974987,
				      0.040811 0.218482 -0.974987,
				      0.040811 0.218482 -0.974987,
				      0.02826 0.220457 -0.974987,
				      0.040811 0.218482 -0.974987,
				      0.02826 0.220457 -0.974987,
				      0.040811 0.218482 -0.974987,
				      0.049479 0.216684 -0.974987,
				      0.049479 0.216684 -0.974987,
				      0.040811 0.218482 -0.974987,
				      0.049479 0.216684 -0.974987,
				      0.040811 0.218482 -0.974987,
				      0.049479 0.216684 -0.974987,
				      0.048507 0.216903 -0.974987,
				      0.048507 0.216903 -0.974987,
				      0.049479 0.216684 -0.974987,
				      0.048507 0.216903 -0.974987,
				      0.049479 0.216684 -0.974987,
				      0.048507 0.216903 -0.974987,
				      0.029877 0.220244 -0.974987,
				      0.029877 0.220244 -0.974987,
				      0.048507 0.216903 -0.974987,
				      0.029877 0.220244 -0.974987,
				      0.048507 0.216903 -0.974987,
				      0.029877 0.220244 -0.974987,
				      -0.022247 0.221145 -0.974987,
				      -0.022247 0.221145 -0.974987,
				      0.029877 0.220244 -0.974987,
				      -0.022247 0.221145 -0.974987,
				      0.029877 0.220244 -0.974987,
				      -0.022247 0.221145 -0.974987,
				      -0.114848 0.190289 -0.974987,
				      -0.114848 0.190289 -0.974987,
				      -0.022247 0.221145 -0.974987,
				      -0.114848 0.190289 -0.974987,
				      -0.022247 0.221145 -0.974987,
				      -0.114848 0.190289 -0.974987,
				      -0.186728 0.120551 -0.974987,
				      -0.186728 0.120551 -0.974987,
				      -0.114848 0.190289 -0.974987,
				      -0.186728 0.120551 -0.974987,
				      -0.114848 0.190289 -0.974987,
				      -0.186728 0.120551 -0.974987,
				      -0.215799 0.053206 -0.974987,
				      -0.215799 0.053206 -0.974987,
				      -0.186728 0.120551 -0.974987,
				      -0.215799 0.053206 -0.974987,
				      -0.186728 0.120551 -0.974987,
				      -0.215799 0.053206 -0.974987,
				      -0.221759 -0.014924 -0.974987,
				      -0.221759 -0.014924 -0.974987,
				      -0.215799 0.053206 -0.974987,
				      -0.221759 -0.014924 -0.974987,
				      -0.215799 0.053206 -0.974987,
				      -0.221759 -0.014924 -0.974987,
				      -0.205694 -0.084201 -0.974987,
				      -0.205694 -0.084201 -0.974987,
				      -0.221759 -0.014924 -0.974987,
				      -0.205694 -0.084201 -0.974987,
				      -0.221759 -0.014924 -0.974987,
				      -0.205694 -0.084201 -0.974987,
				      -0.159682 -0.154602 -0.974987,
				      -0.159682 -0.154602 -0.974987,
				      -0.205694 -0.084201 -0.974987,
				      -0.159682 -0.154602 -0.974987,
				      -0.205694 -0.084201 -0.974987,
				      -0.159682 -0.154602 -0.974987,
				      -0.100403 -0.198291 -0.974987,
				      -0.100403 -0.198291 -0.974987,
				      -0.159682 -0.154602 -0.974987,
				      -0.100403 -0.198291 -0.974987,
				      -0.159682 -0.154602 -0.974987,
				      -0.100403 -0.198291 -0.974987,
				      -0.064981 -0.21255 -0.974987,
				      -0.064981 -0.21255 -0.974987,
				      -0.100403 -0.198291 -0.974987,
				      -0.064981 -0.21255 -0.974987,
				      -0.100403 -0.198291 -0.974987,
				      -0.064981 -0.21255 -0.974987,
				      -0.048351 -0.216938 -0.974987,
				      -0.048351 -0.216938 -0.974987,
				      -0.064981 -0.21255 -0.974987,
				      -0.048351 -0.216938 -0.974987,
				      -0.064981 -0.21255 -0.974987,
				      -0.048351 -0.216938 -0.974987,
				      -0.039498 -0.218723 -0.974987,
				      -0.039498 -0.218723 -0.974987,
				      -0.048351 -0.216938 -0.974987,
				      -0.039498 -0.218723 -0.974987,
				      -0.048351 -0.216938 -0.974987,
				      -0.039498 -0.218723 -0.974987,
				      -0.032666 -0.219848 -0.974987,
				      -0.032666 -0.219848 -0.974987,
				      -0.039498 -0.218723 -0.974987,
				      -0.032666 -0.219848 -0.974987,
				      -0.039498 -0.218723 -0.974987,
				      -0.032666 -0.219848 -0.974987,
				      -0.026741 -0.220647 -0.974987,
				      -0.026741 -0.220647 -0.974987,
				      -0.032666 -0.219848 -0.974987,
				      -0.026741 -0.220647 -0.974987,
				      -0.032666 -0.219848 -0.974987,
				      -0.026741 -0.220647 -0.974987,
				      -0.022449 -0.221125 -0.974987,
				      -0.022449 -0.221125 -0.974987,
				      -0.026741 -0.220647 -0.974987,
				      -0.022449 -0.221125 -0.974987,
				      -0.026741 -0.220647 -0.974987,
				      -0.022449 -0.221125 -0.974987,
				      -0.020231 -0.221338 -0.974987,
				      -0.020231 -0.221338 -0.974987,
				      -0.022449 -0.221125 -0.974987,
				      -0.020231 -0.221338 -0.974987,
				      -0.022449 -0.221125 -0.974987,
				      -0.020231 -0.221338 -0.974987,
				      -0.023238 -0.221043 -0.974987,
				      -0.023238 -0.221043 -0.974987,
				      -0.020231 -0.221338 -0.974987,
				      -0.023238 -0.221043 -0.974987,
				      -0.020231 -0.221338 -0.974987,
				      -0.023238 -0.221043 -0.974987,
				      -0.037871 -0.219011 -0.974987,
				      -0.037871 -0.219011 -0.974987,
				      -0.023238 -0.221043 -0.974987,
				      -0.037871 -0.219011 -0.974987,
				      -0.023238 -0.221043 -0.974987,
				      -0.037871 -0.219011 -0.974987,
				      -0.058995 -0.214289 -0.974987,
				      -0.058995 -0.214289 -0.974987,
				      -0.037871 -0.219011 -0.974987,
				      -0.058995 -0.214289 -0.974987,
				      -0.037871 -0.219011 -0.974987,
				      -0.058995 -0.214289 -0.974987,
				      -0.07272 -0.210028 -0.974987,
				      -0.07272 -0.210028 -0.974987,
				      -0.058995 -0.214289 -0.974987,
				      -0.07272 -0.210028 -0.974987,
				      -0.058995 -0.214289 -0.974987,
				      -0.07272 -0.210028 -0.974987,
				      -0.076606 -0.208642 -0.974987,
				      -0.076606 -0.208642 -0.974987,
				      -0.07272 -0.210028 -0.974987,
				      -0.076606 -0.208642 -0.974987,
				      -0.07272 -0.210028 -0.974987,
				      -0.076606 -0.208642 -0.974987,
				      -0.074731 -0.209321 -0.974987,
				      -0.074731 -0.209321 -0.974987,
				      -0.076606 -0.208642 -0.974987,
				      -0.074731 -0.209321 -0.974987,
				      -0.076606 -0.208642 -0.974987,
				      -0.074731 -0.209321 -0.974987,
				      -0.068944 -0.211298 -0.974987,
				      -0.068944 -0.211298 -0.974987,
				      -0.074731 -0.209321 -0.974987,
				      -0.068944 -0.211298 -0.974987,
				      -0.074731 -0.209321 -0.974987,
				      -0.068944 -0.211298 -0.974987,
				      -0.062061 -0.213421 -0.974987,
				      -0.062061 -0.213421 -0.974987,
				      -0.068944 -0.211298 -0.974987,
				      -0.062061 -0.213421 -0.974987,
				      -0.068944 -0.211298 -0.974987,
				      -0.062061 -0.213421 -0.974987,
				      -0.056908 -0.214852 -0.974987,
				      -0.056909 -0.214852 -0.974987,
				      -0.062061 -0.213421 -0.974987,
				      -0.056909 -0.214852 -0.974987,
				      -0.062061 -0.213421 -0.974987,
				      -0.056908 -0.214852 -0.974987,
				      -0.054198 -0.215552 -0.974987,
				      -0.054198 -0.215552 -0.974987,
				      -0.056908 -0.214852 -0.974987,
				      -0.054198 -0.215552 -0.974987,
				      -0.056909 -0.214852 -0.974987,
				      -0.054198 -0.215552 -0.974987,
				      -0.05303 -0.215842 -0.974987,
				      -0.05303 -0.215842 -0.974987,
				      -0.054198 -0.215552 -0.974987,
				      -0.05303 -0.215842 -0.974987,
				      -0.054198 -0.215552 -0.974987,
				      -0.05303 -0.215842 -0.974987,
				      -0.052342 -0.21601 -0.974987,
				      -0.052342 -0.21601 -0.974987,
				      -0.05303 -0.215842 -0.974987,
				      -0.052342 -0.21601 -0.974987,
				      -0.05303 -0.215842 -0.974987,
				      -0.052342 -0.21601 -0.974987,
				      0.165148 -0.148748 -0.974987,
				      0.165148 -0.148748 -0.974987,
				      -0.052342 -0.21601 -0.974987,
				      0.165148 -0.148748 -0.974987,
				      -0.052342 -0.21601 -0.974987 ]
		}
		IndexedFaceSet {
		    coordIndex	[ 296, 297, 298, -1, 296, 298, 299, -1,
				      297, 308, 309, -1, 297, 309, 298, -1,
				      308, 318, 319, -1, 308, 319, 309, -1,
				      318, 328, 329, -1, 318, 329, 319, -1,
				      328, 338, 339, -1, 328, 339, 329, -1,
				      338, 348, 349, -1, 338, 349, 339, -1,
				      348, 358, 359, -1, 348, 359, 349, -1,
				      358, 368, 369, -1, 358, 369, 359, -1,
				      368, 378, 379, -1, 368, 379, 369, -1,
				      378, 388, 389, -1, 378, 389, 379, -1,
				      388, 398, 399, -1, 388, 399, 389, -1,
				      398, 408, 409, -1, 398, 409, 399, -1,
				      408, 418, 419, -1, 408, 419, 409, -1,
				      418, 428, 429, -1, 418, 429, 419, -1,
				      428, 438, 439, -1, 428, 439, 429, -1,
				      438, 448, 449, -1, 438, 449, 439, -1,
				      448, 458, 459, -1, 448, 459, 449, -1,
				      458, 468, 469, -1, 458, 469, 459, -1,
				      468, 478, 479, -1, 468, 479, 469, -1,
				      478, 488, 489, -1, 478, 489, 479, -1,
				      488, 498, 499, -1, 488, 499, 489, -1,
				      498, 508, 509, -1, 498, 509, 499, -1,
				      508, 518, 519, -1, 508, 519, 509, -1,
				      518, 528, 529, -1, 518, 529, 519, -1,
				      528, 538, 539, -1, 528, 539, 529, -1,
				      538, 548, 549, -1, 538, 549, 539, -1,
				      548, 558, 559, -1, 548, 559, 549, -1,
				      558, 568, 569, -1, 558, 569, 559, -1,
				      568, 578, 579, -1, 568, 579, 569, -1,
				      578, 588, 589, -1, 578, 589, 579, -1,
				      588, 598, 599, -1, 588, 599, 589, -1,
				      598, 608, 609, -1, 598, 609, 599, -1,
				      608, 618, 619, -1, 608, 619, 609, -1,
				      618, 628, 629, -1, 618, 629, 619, -1,
				      628, 638, 639, -1, 628, 639, 629, -1,
				      638, 648, 649, -1, 638, 649, 639, -1,
				      648, 658, 659, -1, 648, 659, 649, -1,
				      658, 668, 669, -1, 658, 669, 659, -1,
				      668, 678, 679, -1, 668, 679, 669, -1,
				      678, 688, 689, -1, 678, 689, 679, -1,
				      688, 698, 699, -1, 688, 699, 689, -1,
				      698, 708, 709, -1, 698, 709, 699, -1,
				      708, 718, 719, -1, 708, 719, 709, -1,
				      718, 728, 729, -1, 718, 729, 719, -1,
				      728, 738, 739, -1, 728, 739, 729, -1,
				      738, 748, 749, -1, 738, 749, 739, -1,
				      748, 296, 299, -1, 748, 299, 749, -1 ]
		    normalIndex	[ 0, 1, 2, -1, 3, 4, 5, -1,
				      6, 7, 8, -1, 9, 10, 11, -1,
				      12, 13, 14, -1, 15, 16, 17, -1,
				      18, 19, 20, -1, 21, 22, 23, -1,
				      24, 25, 26, -1, 27, 28, 29, -1,
				      30, 31, 32, -1, 33, 34, 35, -1,
				      36, 37, 38, -1, 39, 40, 41, -1,
				      42, 43, 44, -1, 45, 46, 47, -1,
				      48, 49, 50, -1, 51, 52, 53, -1,
				      54, 55, 56, -1, 57, 58, 59, -1,
				      60, 61, 62, -1, 63, 64, 65, -1,
				      66, 67, 68, -1, 69, 70, 71, -1,
				      72, 73, 74, -1, 75, 76, 77, -1,
				      78, 79, 80, -1, 81, 82, 83, -1,
				      84, 85, 86, -1, 87, 88, 89, -1,
				      90, 91, 92, -1, 93, 94, 95, -1,
				      96, 97, 98, -1, 99, 100, 101, -1,
				      102, 103, 104, -1, 105, 106, 107, -1,
				      108, 109, 110, -1, 111, 112, 113, -1,
				      114, 115, 116, -1, 117, 118, 119, -1,
				      120, 121, 122, -1, 123, 124, 125, -1,
				      126, 127, 128, -1, 129, 130, 131, -1,
				      132, 133, 134, -1, 135, 136, 137, -1,
				      138, 139, 140, -1, 141, 142, 143, -1,
				      144, 145, 146, -1, 147, 148, 149, -1,
				      150, 151, 152, -1, 153, 154, 155, -1,
				      156, 157, 158, -1, 159, 160, 161, -1,
				      162, 163, 164, -1, 165, 166, 167, -1,
				      168, 169, 170, -1, 171, 172, 173, -1,
				      174, 175, 176, -1, 177, 178, 179, -1,
				      180, 181, 182, -1, 183, 184, 185, -1,
				      186, 187, 188, -1, 189, 190, 191, -1,
				      192, 193, 194, -1, 195, 196, 197, -1,
				      198, 199, 200, -1, 201, 202, 203, -1,
				      204, 205, 206, -1, 207, 208, 209, -1,
				      210, 211, 212, -1, 213, 214, 215, -1,
				      216, 217, 218, -1, 219, 220, 221, -1,
				      222, 223, 224, -1, 225, 226, 227, -1,
				      228, 229, 230, -1, 231, 232, 233, -1,
				      234, 235, 236, -1, 237, 238, 239, -1,
				      240, 241, 242, -1, 243, 244, 245, -1,
				      246, 247, 248, -1, 249, 250, 251, -1,
				      252, 253, 254, -1, 255, 256, 257, -1,
				      258, 259, 260, -1, 261, 262, 263, -1,
				      264, 265, 266, -1, 267, 268, 269, -1,
				      270, 271, 272, -1, 273, 274, 275, -1,
				      276, 277, 278, -1, 279, 280, 281, -1 ]
		}
	    }
	}
	Separator {
	    Material {
		diffuseColor	0.8 0.130829 0.503206
	    }
	    Separator {
		Normal {
		    vector	[ 0 0 -1,
				      0 0 -1,
				      0 0 -1,
				      0 0 -1,
				      0 0 -1,
				      0 0 -1,
				      0 0 -1,
				      0 0 -1,
				      0 0 -1,
				      0 0 -1,
				      0 0 -1,
				      0 0 -1,
				      0 0 -1,
				      0 0 -1,
				      0 0 -1,
				      0 0 -1,
				      0 0 -1,
				      0 0 -1,
				      0 0 -1,
				      0 0 -1,
				      0 0 -1,
				      0 0 -1,
				      0 0 -1,
				      0 0 -1,
				      0 0 -1,
				      0 0 -1,
				      0 0 -1,
				      0 0 -1,
				      0 0 -1,
				      0 0 -1,
				      0 0 -1,
				      0 0 -1,
				      0 0 -1,
				      0 0 -1,
				      0 0 -1,
				      0 0 -1,
				      0 0 -1,
				      0 0 -1,
				      0 0 -1,
				      0 0 -1,
				      0 0 -1,
				      0 0 -1,
				      0 0 -1,
				      0 0 -1,
				      0 0 -1,
				      0 0 -1,
				      0 0 -1,
				      0 0 -1,
				      0 0 -1,
				      0 0 -1,
				      0 0 -1,
				      0 0 -1,
				      0 0 -1,
				      0 0 -1,
				      0 0 -1,
				      0 0 -1,
				      0 0 -1,
				      0 0 -1,
				      0 0 -1,
				      0 0 -1,
				      0 0 -1,
				      0 0 -1,
				      0 0 -1,
				      0 0 -1,
				      0 0 -1,
				      0 0 -1,
				      0 0 -1,
				      0 0 -1,
				      0 0 -1,
				      0 0 -1,
				      0 0 -1,
				      0 0 -1,
				      0 0 -1,
				      0 0 -1,
				      0 0 -1,
				      0 0 -1,
				      0 0 -1,
				      0 0 -1,
				      0 0 -1,
				      0 0 -1,
				      0 0 -1,
				      0 0 -1,
				      0 0 -1,
				      0 0 -1,
				      0 0 -1,
				      0 0 -1,
				      0 0 -1,
				      0 0 -1,
				      0 0 -1,
				      0 0 -1,
				      0 0 -1,
				      0 0 -1,
				      0 0 -1,
				      0 0 -1,
				      0 0 -1,
				      0 0 -1,
				      0 0 -1,
				      0 0 -1,
				      0 0 -1,
				      0 0 -1,
				      0 0 -1,
				      0 0 -1,
				      0 0 -1,
				      0 0 -1,
				      0 0 -1,
				      0 0 -1,
				      0 0 -1,
				      0 0 -1,
				      0 0 -1,
				      0 0 -1,
				      0 0 -1,
				      0 0 -1,
				      0 0 -1,
				      0 0 -1,
				      0 0 -1,
				      0 0 -1,
				      0 0 -1,
				      0 0 -1,
				      0 0 -1,
				      0 0 -1,
				      0 0 -1,
				      0 0 -1,
				      0 0 -1,
				      0 0 -1,
				      0 0 -1,
				      0 0 -1,
				      0 0 -1,
				      0 0 -1,
				      0 0 -1,
				      0 0 -1,
				      0 0 -1,
				      0 0 -1,
				      0 0 -1,
				      0 0 -1,
				      0 0 -1,
				      0 0 -1,
				      0 0 -1,
				      0 0 -1,
				      0 0 -1,
				      0 0 -1,
				      0 0 -1,
				      0 0 -1,
				      0 0 -1,
				      0 0 -1,
				      0 0 -1,
				      0 0 -1,
				      0 0 -1,
				      0 0 -1,
				      0 0 -1,
				      0 0 -1,
				      0 0 -1,
				      0 0 -1,
				      0 0 -1,
				      0 0 -1,
				      0 0 -1,
				      0 0 -1,
				      0 0 -1,
				      0 0 -1,
				      0 0 -1,
				      0 0 -1,
				      0 0 -1,
				      0 0 -1,
				      0 0 -1,
				      0 0 -1,
				      0 0 -1,
				      0 0 -1,
				      0 0 -1,
				      0 0 -1,
				      0 0 -1,
				      0 0 -1,
				      0 0 -1,
				      0 0 -1,
				      0 0 -1,
				      0 0 -1 ]
		}
		IndexedFaceSet {
		    coordIndex	[ 750, 751, 752, -1, 750, 752, 753, -1,
				      751, 754, 755, -1, 751, 755, 752, -1,
				      754, 756, 757, -1, 754, 757, 755, -1,
				      756, 758, 759, -1, 756, 759, 757, -1,
				      758, 760, 761, -1, 758, 761, 759, -1,
				      760, 762, 763, -1, 760, 763, 761, -1,
				      762, 764, 765, -1, 762, 765, 763, -1,
				      764, 766, 767, -1, 764, 767, 765, -1,
				      766, 768, 769, -1, 766, 769, 767, -1,
				      768, 770, 771, -1, 768, 771, 769, -1,
				      770, 772, 773, -1, 770, 773, 771, -1,
				      772, 774, 775, -1, 772, 775, 773, -1,
				      774, 776, 777, -1, 774, 777, 775, -1,
				      776, 778, 779, -1, 776, 779, 777, -1,
				      778, 780, 781, -1, 778, 781, 779, -1,
				      780, 782, 783, -1, 780, 783, 781, -1,
				      782, 784, 785, -1, 782, 785, 783, -1,
				      784, 786, 787, -1, 784, 787, 785, -1,
				      786, 788, 789, -1, 786, 789, 787, -1,
				      788, 790, 791, -1, 788, 791, 789, -1,
				      790, 792, 793, -1, 790, 793, 791, -1,
				      792, 794, 795, -1, 792, 795, 793, -1,
				      794, 796, 797, -1, 794, 797, 798, -1,
				      796, 799, 800, -1, 796, 800, 797, -1,
				      799, 801, 802, -1, 799, 802, 800, -1,
				      801, 803, 804, -1, 801, 804, 802, -1,
				      803, 805, 806, -1, 803, 806, 804, -1,
				      798, 807, 808, -1, 798, 808, 795, -1,
				      798, 807, 809, -1, 798, 809, 808, -1 ]
		    normalIndex	[ 0, 1, 2, -1, 3, 4, 5, -1,
				      6, 7, 8, -1, 9, 10, 11, -1,
				      12, 13, 14, -1, 15, 16, 17, -1,
				      18, 19, 20, -1, 21, 22, 23, -1,
				      24, 25, 26, -1, 27, 28, 29, -1,
				      30, 31, 32, -1, 33, 34, 35, -1,
				      36, 37, 38, -1, 39, 40, 41, -1,
				      42, 43, 44, -1, 45, 46, 47, -1,
				      48, 49, 50, -1, 51, 52, 53, -1,
				      54, 55, 56, -1, 57, 58, 59, -1,
				      60, 61, 62, -1, 63, 64, 65, -1,
				      66, 67, 68, -1, 69, 70, 71, -1,
				      72, 73, 74, -1, 75, 76, 77, -1,
				      78, 79, 80, -1, 81, 82, 83, -1,
				      84, 85, 86, -1, 87, 88, 89, -1,
				      90, 91, 92, -1, 93, 94, 95, -1,
				      96, 97, 98, -1, 99, 100, 101, -1,
				      102, 103, 104, -1, 105, 106, 107, -1,
				      108, 109, 110, -1, 111, 112, 113, -1,
				      114, 115, 116, -1, 117, 118, 119, -1,
				      120, 121, 122, -1, 123, 124, 125, -1,
				      126, 127, 128, -1, 129, 130, 131, -1,
				      132, 133, 134, -1, 135, 136, 137, -1,
				      138, 139, 140, -1, 141, 142, 143, -1,
				      144, 145, 146, -1, 147, 148, 149, -1,
				      150, 151, 152, -1, 153, 154, 155, -1,
				      156, 157, 158, -1, 159, 160, 161, -1,
				      162, 163, 164, -1, 165, 166, 167, -1,
				      168, 169, 170, -1, 171, 172, 173, -1 ]
		}
	    }
	}
	Separator {
	    Material {
		diffuseColor	0.7 0.19 0.8
	    }
	    Separator {
		Normal {
		    vector	[ 0 0 1,
				      0 0 1,
				      0 0 1,
				      0 0 1,
				      0 0 1,
				      0 0 1,
				      0 0 1,
				      0 0 1,
				      0 0 1,
				      0 0 1,
				      0 0 1,
				      0 0 1,
				      0 0 1,
				      0 0 1,
				      0 0 1,
				      0 0 1,
				      0 0 1,
				      0 0 1,
				      0 0 1,
				      0 0 1,
				      0 0 1,
				      0 0 1,
				      0 0 1,
				      0 0 1,
				      0 0 1,
				      0 0 1,
				      0 0 1,
				      0 0 1,
				      0 0 1,
				      0 0 1,
				      0 0 1,
				      0 0 1,
				      0 0 1,
				      0 0 1,
				      0 0 1,
				      0 0 1,
				      0 0 1,
				      0 0 1,
				      0 0 1,
				      0 0 1,
				      0 0 1,
				      0 0 1,
				      0 0 1,
				      0 0 1,
				      0 0 1,
				      0 0 1,
				      0 0 1,
				      0 0 1,
				      0 0 1,
				      0 0 1,
				      0 0 1,
				      0 0 1,
				      0 0 1,
				      0 0 1,
				      0 0 1,
				      0 0 1,
				      0 0 1,
				      0 0 1,
				      0 0 1,
				      0 0 1,
				      0 0 1,
				      0 0 1,
				      0 0 1,
				      0 0 1,
				      0 0 1,
				      0 0 1,
				      0 0 1,
				      0 0 1,
				      0 0 1,
				      0 0 1,
				      0 0 1,
				      0 0 1,
				      0 0 1,
				      0 0 1,
				      0 0 1,
				      0 0 1,
				      0 0 1,
				      0 0 1,
				      0 0 1,
				      0 0 1,
				      0 0 1,
				      0 0 1,
				      0 0 1,
				      0 0 1,
				      0 0 1,
				      0 0 1,
				      0 0 1,
				      0 0 1,
				      0 0 1,
				      0 0 1,
				      0 0 1,
				      0 0 1,
				      0 0 1,
				      0 0 1,
				      0 0 1,
				      0 0 1,
				      0 0 1,
				      0 0 1,
				      0 0 1,
				      0 0 1,
				      0 0 1,
				      0 0 1,
				      0 0 1,
				      0 0 1,
				      0 0 1,
				      0 0 1,
				      0 0 1,
				      0 0 1,
				      0 0 1,
				      0 0 1,
				      0 0 1,
				      0 0 1,
				      0 0 1,
				      0 0 1,
				      0 0 1,
				      0 0 1,
				      0 0 1,
				      0 0 1,
				      0 0 1,
				      0 0 1,
				      0 0 1,
				      0 0 1,
				      0 0 1,
				      0 0 1,
				      0 0 1,
				      0 0 1,
				      0 0 1,
				      0 0 1,
				      0 0 1,
				      0 0 1,
				      0 0 1,
				      0 0 1,
				      0 0 1,
				      0 0 1,
				      0 0 1,
				      0 0 1,
				      0 0 1,
				      0 0 1,
				      0 0 1,
				      0 0 1,
				      0 0 1,
				      0 0 1,
				      0 0 1,
				      0 0 1,
				      0 0 1,
				      0 0 1,
				      0 0 1,
				      0 0 1,
				      0 0 1,
				      0 0 1,
				      0 0 1,
				      0 0 1,
				      0 0 1,
				      0 0 1,
				      0 0 1,
				      0 0 1,
				      0 0 1,
				      0 0 1,
				      0 0 1,
				      0 0 1,
				      0 0 1,
				      0 0 1,
				      0 0 1,
				      0 0 1,
				      0 0 1,
				      0 0 1,
				      0 0 1,
				      0 0 1,
				      0 0 1,
				      0 0 1,
				      0 0 1,
				      0 0 1,
				      0 0 1,
				      0 0 1 ]
		}
		IndexedFaceSet {
		    coordIndex	[ 810, 811, 812, -1, 810, 812, 813, -1,
				      811, 814, 815, -1, 811, 815, 812, -1,
				      814, 816, 817, -1, 814, 817, 815, -1,
				      816, 818, 819, -1, 816, 819, 817, -1,
				      818, 820, 821, -1, 818, 821, 819, -1,
				      820, 822, 823, -1, 820, 823, 821, -1,
				      822, 824, 825, -1, 822, 825, 823, -1,
				      824, 826, 827, -1, 824, 827, 825, -1,
				      826, 828, 829, -1, 826, 829, 827, -1,
				      828, 830, 831, -1, 828, 831, 829, -1,
				      830, 832, 833, -1, 830, 833, 831, -1,
				      832, 834, 835, -1, 832, 835, 833, -1,
				      834, 836, 837, -1, 834, 837, 835, -1,
				      836, 838, 839, -1, 836, 839, 837, -1,
				      838, 840, 841, -1, 838, 841, 839, -1,
				      840, 842, 843, -1, 840, 843, 841, -1,
				      842, 844, 845, -1, 842, 845, 843, -1,
				      844, 846, 847, -1, 844, 847, 845, -1,
				      846, 848, 849, -1, 846, 849, 847, -1,
				      848, 850, 851, -1, 848, 851, 849, -1,
				      850, 852, 853, -1, 850, 853, 851, -1,
				      852, 854, 855, -1, 852, 855, 853, -1,
				      856, 857, 858, -1, 856, 858, 855, -1,
				      857, 859, 860, -1, 857, 860, 858, -1,
				      859, 861, 862, -1, 859, 862, 860, -1,
				      861, 863, 864, -1, 861, 864, 862, -1,
				      863, 865, 866, -1, 863, 866, 864, -1,
				      854, 867, 868, -1, 854, 868, 856, -1,
				      854, 867, 869, -1, 854, 869, 868, -1 ]
		    normalIndex	[ 0, 1, 2, -1, 3, 4, 5, -1,
				      6, 7, 8, -1, 9, 10, 11, -1,
				      12, 13, 14, -1, 15, 16, 17, -1,
				      18, 19, 20, -1, 21, 22, 23, -1,
				      24, 25, 26, -1, 27, 28, 29, -1,
				      30, 31, 32, -1, 33, 34, 35, -1,
				      36, 37, 38, -1, 39, 40, 41, -1,
				      42, 43, 44, -1, 45, 46, 47, -1,
				      48, 49, 50, -1, 51, 52, 53, -1,
				      54, 55, 56, -1, 57, 58, 59, -1,
				      60, 61, 62, -1, 63, 64, 65, -1,
				      66, 67, 68, -1, 69, 70, 71, -1,
				      72, 73, 74, -1, 75, 76, 77, -1,
				      78, 79, 80, -1, 81, 82, 83, -1,
				      84, 85, 86, -1, 87, 88, 89, -1,
				      90, 91, 92, -1, 93, 94, 95, -1,
				      96, 97, 98, -1, 99, 100, 101, -1,
				      102, 103, 104, -1, 105, 106, 107, -1,
				      108, 109, 110, -1, 111, 112, 113, -1,
				      114, 115, 116, -1, 117, 118, 119, -1,
				      120, 121, 122, -1, 123, 124, 125, -1,
				      126, 127, 128, -1, 129, 130, 131, -1,
				      132, 133, 134, -1, 135, 136, 137, -1,
				      138, 139, 140, -1, 141, 142, 143, -1,
				      144, 145, 146, -1, 147, 148, 149, -1,
				      150, 151, 152, -1, 153, 154, 155, -1,
				      156, 157, 158, -1, 159, 160, 161, -1,
				      162, 163, 164, -1, 165, 166, 167, -1,
				      168, 169, 170, -1, 171, 172, 173, -1 ]
		}
	    }
	}
	Separator {
	    Separator {
		Normal {
		    vector	[ 0.165149 -0.148748 0.974987,
				      0.203668 0.088991 0.974987,
				      0.203668 0.088991 0.974987,
				      0.165149 -0.148748 0.974987,
				      0.203668 0.088991 0.974987,
				      0.165149 -0.148748 0.974987,
				      0.203668 0.088991 0.974987,
				      0.180778 0.129304 0.974987,
				      0.180778 0.129304 0.974987,
				      0.203668 0.088991 0.974987,
				      0.180778 0.129304 0.974987,
				      0.203668 0.088991 0.974987,
				      0.180778 0.129304 0.974987,
				      0.135084 0.176501 0.974987,
				      0.135084 0.176501 0.974987,
				      0.180778 0.129304 0.974987,
				      0.135084 0.176501 0.974987,
				      0.180778 0.129304 0.974987,
				      0.135084 0.176501 0.974987,
				      0.088619 0.203831 0.974987,
				      0.088619 0.203831 0.974987,
				      0.135084 0.176501 0.974987,
				      0.088619 0.203831 0.974987,
				      0.135084 0.176501 0.974987,
				      0.088619 0.203831 0.974987,
				      0.067044 0.211909 0.974987,
				      0.067044 0.211909 0.974987,
				      0.088619 0.203831 0.974987,
				      0.067044 0.211909 0.974987,
				      0.088619 0.203831 0.974987,
				      0.067044 0.211909 0.974987,
				      0.064763 0.212617 0.974987,
				      0.064763 0.212617 0.974987,
				      0.067044 0.211909 0.974987,
				      0.064763 0.212617 0.974987,
				      0.067044 0.211909 0.974987,
				      0.064763 0.212617 0.974987,
				      0.067976 0.211612 0.974987,
				      0.067976 0.211612 0.974987,
				      0.064763 0.212617 0.974987,
				      0.067976 0.211612 0.974987,
				      0.064763 0.212617 0.974987,
				      0.067976 0.211612 0.974987,
				      0.069225 0.211206 0.974987,
				      0.069225 0.211206 0.974987,
				      0.067976 0.211612 0.974987,
				      0.069225 0.211206 0.974987,
				      0.067976 0.211612 0.974987,
				      0.069225 0.211206 0.974987,
				      0.066694 0.212019 0.974987,
				      0.066694 0.212019 0.974987,
				      0.069225 0.211206 0.974987,
				      0.066694 0.212019 0.974987,
				      0.069225 0.211206 0.974987,
				      0.066694 0.212019 0.974987,
				      0.056307 0.215011 0.974987,
				      0.056307 0.215011 0.974987,
				      0.066694 0.212019 0.974987,
				      0.056307 0.215011 0.974987,
				      0.066694 0.212019 0.974987,
				      0.056307 0.215011 0.974987,
				      0.035966 0.219332 0.974987,
				      0.035966 0.219332 0.974987,
				      0.056307 0.215011 0.974987,
				      0.035966 0.219332 0.974987,
				      0.056307 0.215011 0.974987,
				      0.035966 0.219332 0.974987,
				      0.018057 0.221527 0.974987,
				      0.018057 0.221527 0.974987,
				      0.035966 0.219332 0.974987,
				      0.018057 0.221527 0.974987,
				      0.035966 0.219332 0.974987,
				      0.018057 0.221527 0.974987,
				      0.013487 0.221852 0.974987,
				      0.013487 0.221852 0.974987,
				      0.018057 0.221527 0.974987,
				      0.013487 0.221852 0.974987,
				      0.018057 0.221527 0.974987,
				      0.013487 0.221852 0.974987,
				      0.018242 0.221512 0.974987,
				      0.018242 0.221512 0.974987,
				      0.013487 0.221852 0.974987,
				      0.018242 0.221512 0.974987,
				      0.013487 0.221852 0.974987,
				      0.018242 0.221512 0.974987,
				      0.02826 0.220458 0.974987,
				      0.02826 0.220458 0.974987,
				      0.018242 0.221512 0.974987,
				      0.02826 0.220458 0.974987,
				      0.018242 0.221512 0.974987,
				      0.02826 0.220458 0.974987,
				      0.040811 0.218483 0.974987,
				      0.040811 0.218483 0.974987,
				      0.02826 0.220458 0.974987,
				      0.040811 0.218483 0.974987,
				      0.02826 0.220458 0.974987,
				      0.040811 0.218483 0.974987,
				      0.049479 0.216684 0.974987,
				      0.049479 0.216684 0.974987,
				      0.040811 0.218483 0.974987,
				      0.049479 0.216684 0.974987,
				      0.040811 0.218483 0.974987,
				      0.049479 0.216684 0.974987,
				      0.048507 0.216904 0.974987,
				      0.048507 0.216904 0.974987,
				      0.049479 0.216684 0.974987,
				      0.048507 0.216904 0.974987,
				      0.049479 0.216684 0.974987,
				      0.048507 0.216904 0.974987,
				      0.029877 0.220244 0.974987,
				      0.029877 0.220244 0.974987,
				      0.048507 0.216904 0.974987,
				      0.029877 0.220244 0.974987,
				      0.048507 0.216904 0.974987,
				      0.029877 0.220244 0.974987,
				      -0.022247 0.221145 0.974987,
				      -0.022247 0.221145 0.974987,
				      0.029877 0.220244 0.974987,
				      -0.022247 0.221145 0.974987,
				      0.029877 0.220244 0.974987,
				      -0.022247 0.221145 0.974987,
				      -0.114848 0.190289 0.974987,
				      -0.114848 0.190289 0.974987,
				      -0.022247 0.221145 0.974987,
				      -0.114848 0.190289 0.974987,
				      -0.022247 0.221145 0.974987,
				      -0.114848 0.190289 0.974987,
				      -0.186728 0.120552 0.974987,
				      -0.186728 0.120552 0.974987,
				      -0.114848 0.190289 0.974987,
				      -0.186728 0.120552 0.974987,
				      -0.114848 0.190289 0.974987,
				      -0.186728 0.120552 0.974987,
				      -0.215799 0.053206 0.974987,
				      -0.215799 0.053206 0.974987,
				      -0.186728 0.120552 0.974987,
				      -0.215799 0.053206 0.974987,
				      -0.186728 0.120552 0.974987,
				      -0.215799 0.053206 0.974987,
				      -0.22176 -0.014924 0.974987,
				      -0.22176 -0.014924 0.974987,
				      -0.215799 0.053206 0.974987,
				      -0.22176 -0.014924 0.974987,
				      -0.215799 0.053206 0.974987,
				      -0.22176 -0.014924 0.974987,
				      -0.205695 -0.084201 0.974987,
				      -0.205695 -0.084201 0.974987,
				      -0.22176 -0.014924 0.974987,
				      -0.205695 -0.084201 0.974987,
				      -0.22176 -0.014924 0.974987,
				      -0.205695 -0.084201 0.974987,
				      -0.159682 -0.154602 0.974987,
				      -0.159682 -0.154602 0.974987,
				      -0.205695 -0.084201 0.974987,
				      -0.159682 -0.154602 0.974987,
				      -0.205695 -0.084201 0.974987,
				      -0.159682 -0.154602 0.974987,
				      -0.100403 -0.198291 0.974987,
				      -0.100403 -0.198291 0.974987,
				      -0.159682 -0.154602 0.974987,
				      -0.100403 -0.198291 0.974987,
				      -0.159682 -0.154602 0.974987,
				      -0.100403 -0.198291 0.974987,
				      -0.064981 -0.21255 0.974987,
				      -0.064981 -0.21255 0.974987,
				      -0.100403 -0.198291 0.974987,
				      -0.064981 -0.21255 0.974987,
				      -0.100403 -0.198291 0.974987,
				      -0.064981 -0.21255 0.974987,
				      -0.048351 -0.216939 0.974987,
				      -0.048351 -0.216939 0.974987,
				      -0.064981 -0.21255 0.974987,
				      -0.048351 -0.216939 0.974987,
				      -0.064981 -0.21255 0.974987,
				      -0.048351 -0.216939 0.974987,
				      -0.039498 -0.218724 0.974987,
				      -0.039498 -0.218724 0.974987,
				      -0.048351 -0.216939 0.974987,
				      -0.039498 -0.218724 0.974987,
				      -0.048351 -0.216939 0.974987,
				      -0.039498 -0.218724 0.974987,
				      -0.032666 -0.219848 0.974987,
				      -0.032666 -0.219848 0.974987,
				      -0.039498 -0.218724 0.974987,
				      -0.032666 -0.219848 0.974987,
				      -0.039498 -0.218724 0.974987,
				      -0.032666 -0.219848 0.974987,
				      -0.026741 -0.220647 0.974987,
				      -0.026741 -0.220647 0.974987,
				      -0.032666 -0.219848 0.974987,
				      -0.026741 -0.220647 0.974987,
				      -0.032666 -0.219848 0.974987,
				      -0.026741 -0.220647 0.974987,
				      -0.022449 -0.221125 0.974987,
				      -0.022449 -0.221125 0.974987,
				      -0.026741 -0.220647 0.974987,
				      -0.022449 -0.221125 0.974987,
				      -0.026741 -0.220647 0.974987,
				      -0.022449 -0.221125 0.974987,
				      -0.020231 -0.221339 0.974987,
				      -0.020231 -0.221339 0.974987,
				      -0.022449 -0.221125 0.974987,
				      -0.020231 -0.221339 0.974987,
				      -0.022449 -0.221125 0.974987,
				      -0.020231 -0.221339 0.974987,
				      -0.023238 -0.221043 0.974987,
				      -0.023238 -0.221043 0.974987,
				      -0.020231 -0.221339 0.974987,
				      -0.023238 -0.221043 0.974987,
				      -0.020231 -0.221339 0.974987,
				      -0.023238 -0.221043 0.974987,
				      -0.037871 -0.219011 0.974987,
				      -0.037871 -0.219011 0.974987,
				      -0.023238 -0.221043 0.974987,
				      -0.037871 -0.219011 0.974987,
				      -0.023238 -0.221043 0.974987,
				      -0.037871 -0.219011 0.974987,
				      -0.058995 -0.214289 0.974987,
				      -0.058995 -0.214289 0.974987,
				      -0.037871 -0.219011 0.974987,
				      -0.058995 -0.214289 0.974987,
				      -0.037871 -0.219011 0.974987,
				      -0.058995 -0.214289 0.974987,
				      -0.07272 -0.210029 0.974987,
				      -0.07272 -0.210029 0.974987,
				      -0.058995 -0.214289 0.974987,
				      -0.07272 -0.210029 0.974987,
				      -0.058995 -0.214289 0.974987,
				      -0.07272 -0.210029 0.974987,
				      -0.076606 -0.208642 0.974987,
				      -0.076606 -0.208643 0.974987,
				      -0.07272 -0.210029 0.974987,
				      -0.076606 -0.208643 0.974987,
				      -0.07272 -0.210029 0.974987,
				      -0.076606 -0.208642 0.974987,
				      -0.074731 -0.209322 0.974987,
				      -0.074731 -0.209322 0.974987,
				      -0.076606 -0.208642 0.974987,
				      -0.074731 -0.209322 0.974987,
				      -0.076606 -0.208643 0.974987,
				      -0.074731 -0.209322 0.974987,
				      -0.068944 -0.211298 0.974987,
				      -0.068944 -0.211298 0.974987,
				      -0.074731 -0.209322 0.974987,
				      -0.068944 -0.211298 0.974987,
				      -0.074731 -0.209322 0.974987,
				      -0.068944 -0.211298 0.974987,
				      -0.062061 -0.213421 0.974987,
				      -0.062061 -0.213421 0.974987,
				      -0.068944 -0.211298 0.974987,
				      -0.062061 -0.213421 0.974987,
				      -0.068944 -0.211298 0.974987,
				      -0.062061 -0.213421 0.974987,
				      -0.056909 -0.214853 0.974987,
				      -0.056909 -0.214853 0.974987,
				      -0.062061 -0.213421 0.974987,
				      -0.056909 -0.214853 0.974987,
				      -0.062061 -0.213421 0.974987,
				      -0.056909 -0.214853 0.974987,
				      -0.054198 -0.215552 0.974987,
				      -0.054198 -0.215552 0.974987,
				      -0.056909 -0.214853 0.974987,
				      -0.054198 -0.215552 0.974987,
				      -0.056909 -0.214853 0.974987,
				      -0.054198 -0.215552 0.974987,
				      -0.053031 -0.215842 0.974987,
				      -0.053031 -0.215842 0.974987,
				      -0.054198 -0.215552 0.974987,
				      -0.053031 -0.215842 0.974987,
				      -0.054198 -0.215552 0.974987,
				      -0.053031 -0.215842 0.974987,
				      -0.052343 -0.21601 0.974987,
				      -0.052343 -0.21601 0.974987,
				      -0.053031 -0.215842 0.974987,
				      -0.052343 -0.21601 0.974987,
				      -0.053031 -0.215842 0.974987,
				      -0.052343 -0.21601 0.974987,
				      0.165149 -0.148748 0.974987,
				      0.165149 -0.148748 0.974987,
				      -0.052343 -0.21601 0.974987,
				      0.165149 -0.148748 0.974987,
				      -0.052343 -0.21601 0.974987 ]
		}
		IndexedFaceSet {
		    coordIndex	[ 870, 871, 872, -1, 870, 872, 873, -1,
				      871, 890, 891, -1, 871, 891, 872, -1,
				      890, 900, 901, -1, 890, 901, 891, -1,
				      900, 910, 911, -1, 900, 911, 901, -1,
				      910, 920, 921, -1, 910, 921, 911, -1,
				      920, 930, 931, -1, 920, 931, 921, -1,
				      930, 940, 941, -1, 930, 941, 931, -1,
				      940, 950, 951, -1, 940, 951, 941, -1,
				      950, 960, 961, -1, 950, 961, 951, -1,
				      960, 970, 971, -1, 960, 971, 961, -1,
				      970, 980, 981, -1, 970, 981, 971, -1,
				      980, 990, 991, -1, 980, 991, 981, -1,
				      990, 1000, 1001, -1, 990, 1001, 991, -1,
				      1000, 1010, 1011, -1, 1000, 1011, 1001, -1,
				      1010, 1020, 1021, -1, 1010, 1021, 1011, -1,
				      1020, 1030, 1031, -1, 1020, 1031, 1021, -1,
				      1030, 1040, 1041, -1, 1030, 1041, 1031, -1,
				      1040, 1050, 1051, -1, 1040, 1051, 1041, -1,
				      1050, 1060, 1061, -1, 1050, 1061, 1051, -1,
				      1060, 1070, 1071, -1, 1060, 1071, 1061, -1,
				      1070, 1080, 1081, -1, 1070, 1081, 1071, -1,
				      1080, 1090, 1091, -1, 1080, 1091, 1081, -1,
				      1090, 1100, 1101, -1, 1090, 1101, 1091, -1,
				      1100, 1110, 1111, -1, 1100, 1111, 1101, -1,
				      1110, 1120, 1121, -1, 1110, 1121, 1111, -1,
				      1120, 1130, 1131, -1, 1120, 1131, 1121, -1,
				      1130, 1140, 1141, -1, 1130, 1141, 1131, -1,
				      1140, 1150, 1151, -1, 1140, 1151, 1141, -1,
				      1150, 1160, 1161, -1, 1150, 1161, 1151, -1,
				      1160, 1170, 1171, -1, 1160, 1171, 1161, -1,
				      1170, 1180, 1181, -1, 1170, 1181, 1171, -1,
				      1180, 1190, 1191, -1, 1180, 1191, 1181, -1,
				      1190, 1200, 1201, -1, 1190, 1201, 1191, -1,
				      1200, 1210, 1211, -1, 1200, 1211, 1201, -1,
				      1210, 1220, 1221, -1, 1210, 1221, 1211, -1,
				      1220, 1230, 1231, -1, 1220, 1231, 1221, -1,
				      1230, 1240, 1241, -1, 1230, 1241, 1231, -1,
				      1240, 1250, 1251, -1, 1240, 1251, 1241, -1,
				      1250, 1260, 1261, -1, 1250, 1261, 1251, -1,
				      1260, 1270, 1271, -1, 1260, 1271, 1261, -1,
				      1270, 1280, 1281, -1, 1270, 1281, 1271, -1,
				      1280, 1290, 1291, -1, 1280, 1291, 1281, -1,
				      1290, 1300, 1301, -1, 1290, 1301, 1291, -1,
				      1300, 1310, 1311, -1, 1300, 1311, 1301, -1,
				      1310, 1320, 1321, -1, 1310, 1321, 1311, -1,
				      1320, 1330, 1331, -1, 1320, 1331, 1321, -1,
				      1330, 870, 873, -1, 1330, 873, 1331, -1 ]
		    normalIndex	[ 0, 1, 2, -1, 3, 4, 5, -1,
				      6, 7, 8, -1, 9, 10, 11, -1,
				      12, 13, 14, -1, 15, 16, 17, -1,
				      18, 19, 20, -1, 21, 22, 23, -1,
				      24, 25, 26, -1, 27, 28, 29, -1,
				      30, 31, 32, -1, 33, 34, 35, -1,
				      36, 37, 38, -1, 39, 40, 41, -1,
				      42, 43, 44, -1, 45, 46, 47, -1,
				      48, 49, 50, -1, 51, 52, 53, -1,
				      54, 55, 56, -1, 57, 58, 59, -1,
				      60, 61, 62, -1, 63, 64, 65, -1,
				      66, 67, 68, -1, 69, 70, 71, -1,
				      72, 73, 74, -1, 75, 76, 77, -1,
				      78, 79, 80, -1, 81, 82, 83, -1,
				      84, 85, 86, -1, 87, 88, 89, -1,
				      90, 91, 92, -1, 93, 94, 95, -1,
				      96, 97, 98, -1, 99, 100, 101, -1,
				      102, 103, 104, -1, 105, 106, 107, -1,
				      108, 109, 110, -1, 111, 112, 113, -1,
				      114, 115, 116, -1, 117, 118, 119, -1,
				      120, 121, 122, -1, 123, 124, 125, -1,
				      126, 127, 128, -1, 129, 130, 131, -1,
				      132, 133, 134, -1, 135, 136, 137, -1,
				      138, 139, 140, -1, 141, 142, 143, -1,
				      144, 145, 146, -1, 147, 148, 149, -1,
				      150, 151, 152, -1, 153, 154, 155, -1,
				      156, 157, 158, -1, 159, 160, 161, -1,
				      162, 163, 164, -1, 165, 166, 167, -1,
				      168, 169, 170, -1, 171, 172, 173, -1,
				      174, 175, 176, -1, 177, 178, 179, -1,
				      180, 181, 182, -1, 183, 184, 185, -1,
				      186, 187, 188, -1, 189, 190, 191, -1,
				      192, 193, 194, -1, 195, 196, 197, -1,
				      198, 199, 200, -1, 201, 202, 203, -1,
				      204, 205, 206, -1, 207, 208, 209, -1,
				      210, 211, 212, -1, 213, 214, 215, -1,
				      216, 217, 218, -1, 219, 220, 221, -1,
				      222, 223, 224, -1, 225, 226, 227, -1,
				      228, 229, 230, -1, 231, 232, 233, -1,
				      234, 235, 236, -1, 237, 238, 239, -1,
				      240, 241, 242, -1, 243, 244, 245, -1,
				      246, 247, 248, -1, 249, 250, 251, -1,
				      252, 253, 254, -1, 255, 256, 257, -1,
				      258, 259, 260, -1, 261, 262, 263, -1,
				      264, 265, 266, -1, 267, 268, 269, -1,
				      270, 271, 272, -1, 273, 274, 275, -1,
				      276, 277, 278, -1, 279, 280, 281, -1 ]
		}
	    }
	}
	Separator {
	    Separator {
		Normal {
		    vector	[ 0.691218 -0.622575 0.366902,
				      0.852439 0.372466 0.366902,
				      0.852439 0.372466 0.366902,
				      0.691218 -0.622575 0.366902,
				      0.852439 0.372466 0.366902,
				      0.691218 -0.622575 0.366902,
				      0.852439 0.372466 0.366902,
				      0.756633 0.541193 0.366902,
				      0.756633 0.541193 0.366902,
				      0.852439 0.372466 0.366902,
				      0.756633 0.541193 0.366902,
				      0.852439 0.372466 0.366902,
				      0.756633 0.541193 0.366902,
				      0.565382 0.738732 0.366902,
				      0.565382 0.738732 0.366902,
				      0.756633 0.541193 0.366902,
				      0.565382 0.738732 0.366902,
				      0.756633 0.541193 0.366902,
				      0.565382 0.738732 0.366902,
				      0.370908 0.853118 0.366902,
				      0.370908 0.853118 0.366902,
				      0.565382 0.738732 0.366902,
				      0.370908 0.853118 0.366902,
				      0.565382 0.738732 0.366902,
				      0.370908 0.853118 0.366902,
				      0.280606 0.886929 0.366902,
				      0.280606 0.886929 0.366902,
				      0.370908 0.853118 0.366902,
				      0.280606 0.886929 0.366902,
				      0.370908 0.853118 0.366902,
				      0.280606 0.886929 0.366902,
				      0.27106 0.889893 0.366902,
				      0.27106 0.889893 0.366902,
				      0.280606 0.886929 0.366902,
				      0.27106 0.889893 0.366902,
				      0.280606 0.886929 0.366902,
				      0.27106 0.889893 0.366902,
				      0.284507 0.885685 0.366902,
				      0.284507 0.885685 0.366902,
				      0.27106 0.889893 0.366902,
				      0.284507 0.885685 0.366902,
				      0.27106 0.889893 0.366902,
				      0.284507 0.885685 0.366902,
				      0.289738 0.883988 0.366902,
				      0.289738 0.883988 0.366902,
				      0.284507 0.885685 0.366902,
				      0.289738 0.883988 0.366902,
				      0.284507 0.885685 0.366902,
				      0.289738 0.883988 0.366902,
				      0.279143 0.887391 0.366902,
				      0.279143 0.887391 0.366902,
				      0.289738 0.883988 0.366902,
				      0.279143 0.887391 0.366902,
				      0.289738 0.883988 0.366902,
				      0.279143 0.887391 0.366902,
				      0.23567 0.899912 0.366902,
				      0.23567 0.899912 0.366902,
				      0.279143 0.887391 0.366902,
				      0.23567 0.899912 0.366902,
				      0.279143 0.887391 0.366902,
				      0.23567 0.899912 0.366902,
				      0.150535 0.917999 0.366902,
				      0.150535 0.917999 0.366902,
				      0.23567 0.899912 0.366902,
				      0.150535 0.917999 0.366902,
				      0.23567 0.899912 0.366902,
				      0.150535 0.917999 0.366902,
				      0.075575 0.927185 0.366902,
				      0.075575 0.927185 0.366902,
				      0.150535 0.917999 0.366902,
				      0.075575 0.927185 0.366902,
				      0.150535 0.917999 0.366902,
				      0.075575 0.927185 0.366902,
				      0.056449 0.928545 0.366902,
				      0.056449 0.928545 0.366902,
				      0.075575 0.927185 0.366902,
				      0.056449 0.928545 0.366902,
				      0.075575 0.927185 0.366902,
				      0.056449 0.928545 0.366902,
				      0.076353 0.927121 0.366902,
				      0.076353 0.927121 0.366902,
				      0.056449 0.928545 0.366902,
				      0.076353 0.927121 0.366902,
				      0.056449 0.928545 0.366902,
				      0.076353 0.927121 0.366902,
				      0.118278 0.92271 0.366902,
				      0.118278 0.92271 0.366902,
				      0.076353 0.927121 0.366902,
				      0.118278 0.92271 0.366902,
				      0.076353 0.927121 0.366902,
				      0.118278 0.92271 0.366902,
				      0.170813 0.914443 0.366902,
				      0.170813 0.914443 0.366902,
				      0.118278 0.92271 0.366902,
				      0.170813 0.914443 0.366902,
				      0.118278 0.92271 0.366902,
				      0.170813 0.914443 0.366902,
				      0.207091 0.906916 0.366902,
				      0.207091 0.906916 0.366902,
				      0.170813 0.914443 0.366902,
				      0.207091 0.906916 0.366902,
				      0.170813 0.914443 0.366902,
				      0.207091 0.906916 0.366902,
				      0.203021 0.907835 0.366902,
				      0.203021 0.907835 0.366902,
				      0.207091 0.906916 0.366902,
				      0.203021 0.907835 0.366902,
				      0.207091 0.906916 0.366902,
				      0.203021 0.907835 0.366902,
				      0.12505 0.921816 0.366902,
				      0.12505 0.921816 0.366902,
				      0.203021 0.907835 0.366902,
				      0.12505 0.921816 0.366902,
				      0.203021 0.907835 0.366902,
				      0.12505 0.921816 0.366902,
				      -0.093113 0.925588 0.366902,
				      -0.093113 0.925588 0.366902,
				      0.12505 0.921816 0.366902,
				      -0.093113 0.925588 0.366902,
				      0.12505 0.921816 0.366902,
				      -0.093113 0.925588 0.366902,
				      -0.48069 0.796442 0.366902,
				      -0.48069 0.796442 0.366902,
				      -0.093113 0.925588 0.366902,
				      -0.48069 0.796442 0.366902,
				      -0.093113 0.925588 0.366902,
				      -0.48069 0.796442 0.366902,
				      -0.781538 0.50456 0.366902,
				      -0.781538 0.50456 0.366903,
				      -0.48069 0.796442 0.366902,
				      -0.781538 0.50456 0.366903,
				      -0.48069 0.796442 0.366902,
				      -0.781538 0.50456 0.366902,
				      -0.903212 0.22269 0.366902,
				      -0.903212 0.22269 0.366902,
				      -0.781538 0.50456 0.366902,
				      -0.903212 0.22269 0.366902,
				      -0.781538 0.50456 0.366903,
				      -0.903212 0.22269 0.366902,
				      -0.92816 -0.062465 0.366902,
				      -0.92816 -0.062465 0.366902,
				      -0.903212 0.22269 0.366902,
				      -0.92816 -0.062465 0.366902,
				      -0.903212 0.22269 0.366902,
				      -0.92816 -0.062465 0.366902,
				      -0.860921 -0.352416 0.366902,
				      -0.860921 -0.352416 0.366902,
				      -0.92816 -0.062465 0.366902,
				      -0.860921 -0.352416 0.366902,
				      -0.92816 -0.062465 0.366902,
				      -0.860921 -0.352416 0.366902,
				      -0.668338 -0.647075 0.366902,
				      -0.668338 -0.647075 0.366902,
				      -0.860921 -0.352416 0.366902,
				      -0.668338 -0.647075 0.366902,
				      -0.860921 -0.352416 0.366902,
				      -0.668338 -0.647075 0.366902,
				      -0.42023 -0.829933 0.366902,
				      -0.42023 -0.829933 0.366902,
				      -0.668338 -0.647075 0.366902,
				      -0.42023 -0.829933 0.366902,
				      -0.668338 -0.647075 0.366902,
				      -0.42023 -0.829933 0.366902,
				      -0.271972 -0.889614 0.366902,
				      -0.271972 -0.889614 0.366902,
				      -0.42023 -0.829933 0.366902,
				      -0.271972 -0.889614 0.366902,
				      -0.42023 -0.829933 0.366902,
				      -0.271972 -0.889614 0.366902,
				      -0.202369 -0.907981 0.366902,
				      -0.202369 -0.907981 0.366903,
				      -0.271972 -0.889614 0.366902,
				      -0.202369 -0.907981 0.366903,
				      -0.271972 -0.889614 0.366902,
				      -0.202369 -0.907981 0.366902,
				      -0.165316 -0.915453 0.366902,
				      -0.165316 -0.915452 0.366903,
				      -0.202369 -0.907981 0.366902,
				      -0.165316 -0.915452 0.366903,
				      -0.202369 -0.907981 0.366903,
				      -0.165316 -0.915453 0.366902,
				      -0.13672 -0.920158 0.366902,
				      -0.13672 -0.920158 0.366902,
				      -0.165316 -0.915453 0.366902,
				      -0.13672 -0.920158 0.366902,
				      -0.165316 -0.915452 0.366903,
				      -0.13672 -0.920158 0.366902,
				      -0.111921 -0.923502 0.366902,
				      -0.111921 -0.923502 0.366903,
				      -0.13672 -0.920158 0.366902,
				      -0.111921 -0.923502 0.366903,
				      -0.13672 -0.920158 0.366902,
				      -0.111921 -0.923502 0.366902,
				      -0.093957 -0.925502 0.366902,
				      -0.093957 -0.925502 0.366902,
				      -0.111921 -0.923502 0.366902,
				      -0.093957 -0.925502 0.366902,
				      -0.111921 -0.923502 0.366903,
				      -0.093957 -0.925502 0.366902,
				      -0.084676 -0.926398 0.366902,
				      -0.084676 -0.926398 0.366903,
				      -0.093957 -0.925502 0.366902,
				      -0.084676 -0.926398 0.366903,
				      -0.093957 -0.925502 0.366902,
				      -0.084676 -0.926398 0.366902,
				      -0.097263 -0.925161 0.366902,
				      -0.097263 -0.925161 0.366903,
				      -0.084676 -0.926398 0.366902,
				      -0.097263 -0.925161 0.366903,
				      -0.084676 -0.926398 0.366903,
				      -0.097263 -0.925161 0.366902,
				      -0.158507 -0.916656 0.366902,
				      -0.158507 -0.916656 0.366903,
				      -0.097263 -0.925161 0.366902,
				      -0.158507 -0.916656 0.366903,
				      -0.097263 -0.925161 0.366903,
				      -0.158507 -0.916656 0.366902,
				      -0.24692 -0.896891 0.366902,
				      -0.24692 -0.896891 0.366902,
				      -0.158507 -0.916656 0.366902,
				      -0.24692 -0.896891 0.366902,
				      -0.158507 -0.916656 0.366903,
				      -0.24692 -0.896891 0.366902,
				      -0.304363 -0.879059 0.366902,
				      -0.304363 -0.879059 0.366903,
				      -0.24692 -0.896891 0.366902,
				      -0.304363 -0.879059 0.366903,
				      -0.24692 -0.896891 0.366902,
				      -0.304363 -0.879059 0.366902,
				      -0.320629 -0.873258 0.366902,
				      -0.320629 -0.873258 0.366903,
				      -0.304363 -0.879059 0.366902,
				      -0.320629 -0.873258 0.366903,
				      -0.304363 -0.879059 0.366903,
				      -0.320629 -0.873258 0.366902,
				      -0.31278 -0.8761 0.366902,
				      -0.31278 -0.8761 0.366902,
				      -0.320629 -0.873258 0.366902,
				      -0.31278 -0.8761 0.366902,
				      -0.320629 -0.873258 0.366903,
				      -0.31278 -0.8761 0.366902,
				      -0.288559 -0.884373 0.366902,
				      -0.288559 -0.884373 0.366902,
				      -0.31278 -0.8761 0.366902,
				      -0.288559 -0.884373 0.366902,
				      -0.31278 -0.8761 0.366902,
				      -0.288559 -0.884373 0.366902,
				      -0.259752 -0.893259 0.366902,
				      -0.259752 -0.893259 0.366903,
				      -0.288559 -0.884373 0.366902,
				      -0.259752 -0.893259 0.366903,
				      -0.288559 -0.884373 0.366902,
				      -0.259752 -0.893259 0.366902,
				      -0.238187 -0.89925 0.366902,
				      -0.238187 -0.899249 0.366902,
				      -0.259752 -0.893259 0.366902,
				      -0.238187 -0.899249 0.366902,
				      -0.259752 -0.893259 0.366903,
				      -0.238187 -0.89925 0.366902,
				      -0.226842 -0.902178 0.366902,
				      -0.226842 -0.902178 0.366903,
				      -0.238187 -0.89925 0.366902,
				      -0.226842 -0.902178 0.366903,
				      -0.238187 -0.899249 0.366902,
				      -0.226842 -0.902178 0.366902,
				      -0.221955 -0.903393 0.366902,
				      -0.221955 -0.903393 0.366902,
				      -0.226842 -0.902178 0.366902,
				      -0.221955 -0.903393 0.366902,
				      -0.226842 -0.902178 0.366903,
				      -0.221955 -0.903393 0.366902,
				      -0.219076 -0.904095 0.366902,
				      -0.219076 -0.904095 0.366902,
				      -0.221955 -0.903393 0.366902,
				      -0.219076 -0.904095 0.366902,
				      -0.221955 -0.903393 0.366902,
				      -0.219076 -0.904095 0.366902,
				      0.691218 -0.622575 0.366902,
				      0.691218 -0.622575 0.366902,
				      -0.219076 -0.904095 0.366902,
				      0.691218 -0.622575 0.366902,
				      -0.219076 -0.904095 0.366902 ]
		}
		IndexedFaceSet {
		    coordIndex	[ 874, 875, 876, -1, 874, 876, 877, -1,
				      875, 892, 893, -1, 875, 893, 876, -1,
				      892, 902, 903, -1, 892, 903, 893, -1,
				      902, 912, 913, -1, 902, 913, 903, -1,
				      912, 922, 923, -1, 912, 923, 913, -1,
				      922, 932, 933, -1, 922, 933, 923, -1,
				      932, 942, 943, -1, 932, 943, 933, -1,
				      942, 952, 953, -1, 942, 953, 943, -1,
				      952, 962, 963, -1, 952, 963, 953, -1,
				      962, 972, 973, -1, 962, 973, 963, -1,
				      972, 982, 983, -1, 972, 983, 973, -1,
				      982, 992, 993, -1, 982, 993, 983, -1,
				      992, 1002, 1003, -1, 992, 1003, 993, -1,
				      1002, 1012, 1013, -1, 1002, 1013, 1003, -1,
				      1012, 1022, 1023, -1, 1012, 1023, 1013, -1,
				      1022, 1032, 1033, -1, 1022, 1033, 1023, -1,
				      1032, 1042, 1043, -1, 1032, 1043, 1033, -1,
				      1042, 1052, 1053, -1, 1042, 1053, 1043, -1,
				      1052, 1062, 1063, -1, 1052, 1063, 1053, -1,
				      1062, 1072, 1073, -1, 1062, 1073, 1063, -1,
				      1072, 1082, 1083, -1, 1072, 1083, 1073, -1,
				      1082, 1092, 1093, -1, 1082, 1093, 1083, -1,
				      1092, 1102, 1103, -1, 1092, 1103, 1093, -1,
				      1102, 1112, 1113, -1, 1102, 1113, 1103, -1,
				      1112, 1122, 1123, -1, 1112, 1123, 1113, -1,
				      1122, 1132, 1133, -1, 1122, 1133, 1123, -1,
				      1132, 1142, 1143, -1, 1132, 1143, 1133, -1,
				      1142, 1152, 1153, -1, 1142, 1153, 1143, -1,
				      1152, 1162, 1163, -1, 1152, 1163, 1153, -1,
				      1162, 1172, 1173, -1, 1162, 1173, 1163, -1,
				      1172, 1182, 1183, -1, 1172, 1183, 1173, -1,
				      1182, 1192, 1193, -1, 1182, 1193, 1183, -1,
				      1192, 1202, 1203, -1, 1192, 1203, 1193, -1,
				      1202, 1212, 1213, -1, 1202, 1213, 1203, -1,
				      1212, 1222, 1223, -1, 1212, 1223, 1213, -1,
				      1222, 1232, 1233, -1, 1222, 1233, 1223, -1,
				      1232, 1242, 1243, -1, 1232, 1243, 1233, -1,
				      1242, 1252, 1253, -1, 1242, 1253, 1243, -1,
				      1252, 1262, 1263, -1, 1252, 1263, 1253, -1,
				      1262, 1272, 1273, -1, 1262, 1273, 1263, -1,
				      1272, 1282, 1283, -1, 1272, 1283, 1273, -1,
				      1282, 1292, 1293, -1, 1282, 1293, 1283, -1,
				      1292, 1302, 1303, -1, 1292, 1303, 1293, -1,
				      1302, 1312, 1313, -1, 1302, 1313, 1303, -1,
				      1312, 1322, 1323, -1, 1312, 1323, 1313, -1,
				      1322, 1332, 1333, -1, 1322, 1333, 1323, -1,
				      1332, 874, 877, -1, 1332, 877, 1333, -1 ]
		    normalIndex	[ 0, 1, 2, -1, 3, 4, 5, -1,
				      6, 7, 8, -1, 9, 10, 11, -1,
				      12, 13, 14, -1, 15, 16, 17, -1,
				      18, 19, 20, -1, 21, 22, 23, -1,
				      24, 25, 26, -1, 27, 28, 29, -1,
				      30, 31, 32, -1, 33, 34, 35, -1,
				      36, 37, 38, -1, 39, 40, 41, -1,
				      42, 43, 44, -1, 45, 46, 47, -1,
				      48, 49, 50, -1, 51, 52, 53, -1,
				      54, 55, 56, -1, 57, 58, 59, -1,
				      60, 61, 62, -1, 63, 64, 65, -1,
				      66, 67, 68, -1, 69, 70, 71, -1,
				      72, 73, 74, -1, 75, 76, 77, -1,
				      78, 79, 80, -1, 81, 82, 83, -1,
				      84, 85, 86, -1, 87, 88, 89, -1,
				      90, 91, 92, -1, 93, 94, 95, -1,
				      96, 97, 98, -1, 99, 100, 101, -1,
				      102, 103, 104, -1, 105, 106, 107, -1,
				      108, 109, 110, -1, 111, 112, 113, -1,
				      114, 115, 116, -1, 117, 118, 119, -1,
				      120, 121, 122, -1, 123, 124, 125, -1,
				      126, 127, 128, -1, 129, 130, 131, -1,
				      132, 133, 134, -1, 135, 136, 137, -1,
				      138, 139, 140, -1, 141, 142, 143, -1,
				      144, 145, 146, -1, 147, 148, 149, -1,
				      150, 151, 152, -1, 153, 154, 155, -1,
				      156, 157, 158, -1, 159, 160, 161, -1,
				      162, 163, 164, -1, 165, 166, 167, -1,
				      168, 169, 170, -1, 171, 172, 173, -1,
				      174, 175, 176, -1, 177, 178, 179, -1,
				      180, 181, 182, -1, 183, 184, 185, -1,
				      186, 187, 188, -1, 189, 190, 191, -1,
				      192, 193, 194, -1, 195, 196, 197, -1,
				      198, 199, 200, -1, 201, 202, 203, -1,
				      204, 205, 206, -1, 207, 208, 209, -1,
				      210, 211, 212, -1, 213, 214, 215, -1,
				      216, 217, 218, -1, 219, 220, 221, -1,
				      222, 223, 224, -1, 225, 226, 227, -1,
				      228, 229, 230, -1, 231, 232, 233, -1,
				      234, 235, 236, -1, 237, 238, 239, -1,
				      240, 241, 242, -1, 243, 244, 245, -1,
				      246, 247, 248, -1, 249, 250, 251, -1,
				      252, 253, 254, -1, 255, 256, 257, -1,
				      258, 259, 260, -1, 261, 262, 263, -1,
				      264, 265, 266, -1, 267, 268, 269, -1,
				      270, 271, 272, -1, 273, 274, 275, -1,
				      276, 277, 278, -1, 279, 280, 281, -1 ]
		}
	    }
	}
	Separator {
	    Separator {
		Normal {
		    vector	[ 0.743038 -0.669249 0,
				      0.916345 0.40039 0,
				      0.916345 0.40039 0,
				      0.743038 -0.669249 0,
				      0.916345 0.40039 0,
				      0.743038 -0.669249 0,
				      0.916345 0.40039 0,
				      0.813357 0.581765 0,
				      0.813357 0.581765 0,
				      0.916345 0.40039 0,
				      0.813357 0.581765 0,
				      0.916345 0.40039 0,
				      0.813357 0.581765 0,
				      0.607769 0.794114 0,
				      0.607769 0.794114 0,
				      0.813357 0.581765 0,
				      0.607769 0.794114 0,
				      0.813357 0.581765 0,
				      0.607769 0.794114 0,
				      0.398714 0.917075 0,
				      0.398714 0.917075 0,
				      0.607769 0.794114 0,
				      0.398714 0.917075 0,
				      0.607769 0.794114 0,
				      0.398714 0.917075 0,
				      0.301643 0.953421 0,
				      0.301643 0.953421 0,
				      0.398714 0.917075 0,
				      0.301643 0.953421 0,
				      0.398714 0.917075 0,
				      0.301643 0.953421 0,
				      0.291381 0.956607 0,
				      0.291381 0.956607 0,
				      0.301643 0.953421 0,
				      0.291381 0.956607 0,
				      0.301643 0.953421 0,
				      0.291381 0.956607 0,
				      0.305836 0.952084 0,
				      0.305836 0.952084 0,
				      0.291381 0.956607 0,
				      0.305836 0.952084 0,
				      0.291381 0.956607 0,
				      0.305836 0.952084 0,
				      0.311459 0.95026 0,
				      0.311459 0.95026 0,
				      0.305836 0.952084 0,
				      0.311459 0.95026 0,
				      0.305836 0.952084 0,
				      0.311459 0.95026 0,
				      0.30007 0.953917 0,
				      0.30007 0.953917 0,
				      0.311459 0.95026 0,
				      0.30007 0.953917 0,
				      0.311459 0.95026 0,
				      0.30007 0.953917 0,
				      0.253338 0.967378 0,
				      0.253338 0.967378 0,
				      0.30007 0.953917 0,
				      0.253338 0.967378 0,
				      0.30007 0.953917 0,
				      0.253338 0.967378 0,
				      0.16182 0.98682 0,
				      0.16182 0.98682 0,
				      0.253338 0.967378 0,
				      0.16182 0.98682 0,
				      0.253338 0.967378 0,
				      0.16182 0.98682 0,
				      0.08124 0.996695 0,
				      0.08124 0.996695 0,
				      0.16182 0.98682 0,
				      0.08124 0.996695 0,
				      0.16182 0.98682 0,
				      0.08124 0.996695 0,
				      0.060681 0.998157 0,
				      0.060681 0.998157 0,
				      0.08124 0.996695 0,
				      0.060681 0.998157 0,
				      0.08124 0.996695 0,
				      0.060681 0.998157 0,
				      0.082077 0.996626 0,
				      0.082077 0.996626 0,
				      0.060681 0.998157 0,
				      0.082077 0.996626 0,
				      0.060681 0.998157 0,
				      0.082077 0.996626 0,
				      0.127146 0.991884 0,
				      0.127146 0.991884 0,
				      0.082077 0.996626 0,
				      0.127146 0.991884 0,
				      0.082077 0.996626 0,
				      0.127146 0.991884 0,
				      0.183619 0.982997 0,
				      0.183619 0.982997 0,
				      0.127146 0.991884 0,
				      0.183619 0.982997 0,
				      0.127146 0.991884 0,
				      0.183619 0.982997 0,
				      0.222616 0.974906 0,
				      0.222616 0.974906 0,
				      0.183619 0.982997 0,
				      0.222616 0.974906 0,
				      0.183619 0.982997 0,
				      0.222616 0.974906 0,
				      0.218241 0.975895 0,
				      0.218241 0.975895 0,
				      0.222616 0.974906 0,
				      0.218241 0.975895 0,
				      0.222616 0.974906 0,
				      0.218241 0.975895 0,
				      0.134424 0.990924 0,
				      0.134424 0.990924 0,
				      0.218241 0.975895 0,
				      0.134424 0.990924 0,
				      0.218241 0.975895 0,
				      0.134424 0.990924 0,
				      -0.100094 0.994978 0,
				      -0.100094 0.994978 0,
				      0.134424 0.990924 0,
				      -0.100094 0.994978 0,
				      0.134424 0.990924 0,
				      -0.100094 0.994978 0,
				      -0.516727 0.85615 0,
				      -0.516727 0.85615 0,
				      -0.100094 0.994978 0,
				      -0.516727 0.85615 0,
				      -0.100094 0.994978 0,
				      -0.516727 0.85615 0,
				      -0.840129 0.542386 0,
				      -0.840129 0.542386 0,
				      -0.516727 0.85615 0,
				      -0.840129 0.542386 0,
				      -0.516727 0.85615 0,
				      -0.840129 0.542386 0,
				      -0.970925 0.239385 0,
				      -0.970925 0.239385 0,
				      -0.840129 0.542386 0,
				      -0.970925 0.239385 0,
				      -0.840129 0.542386 0,
				      -0.970925 0.239385 0,
				      -0.997743 -0.067148 0,
				      -0.997743 -0.067148 0,
				      -0.970925 0.239385 0,
				      -0.997743 -0.067148 0,
				      -0.970925 0.239385 0,
				      -0.997743 -0.067148 0,
				      -0.925463 -0.378837 0,
				      -0.925463 -0.378837 0,
				      -0.997743 -0.067148 0,
				      -0.925463 -0.378837 0,
				      -0.997743 -0.067148 0,
				      -0.925463 -0.378837 0,
				      -0.718443 -0.695586 0,
				      -0.718443 -0.695586 0,
				      -0.925463 -0.378837 0,
				      -0.718443 -0.695586 0,
				      -0.925463 -0.378837 0,
				      -0.718443 -0.695586 0,
				      -0.451734 -0.892153 0,
				      -0.451734 -0.892153 0,
				      -0.718443 -0.695586 0,
				      -0.451734 -0.892153 0,
				      -0.718443 -0.695586 0,
				      -0.451734 -0.892153 0,
				      -0.292362 -0.956308 0,
				      -0.292362 -0.956308 0,
				      -0.451734 -0.892153 0,
				      -0.292362 -0.956308 0,
				      -0.451734 -0.892153 0,
				      -0.292362 -0.956308 0,
				      -0.21754 -0.976051 0,
				      -0.21754 -0.976051 0,
				      -0.292362 -0.956308 0,
				      -0.21754 -0.976051 0,
				      -0.292362 -0.956308 0,
				      -0.21754 -0.976051 0,
				      -0.177709 -0.984083 0,
				      -0.177709 -0.984083 0,
				      -0.21754 -0.976051 0,
				      -0.177709 -0.984083 0,
				      -0.21754 -0.976051 0,
				      -0.177709 -0.984083 0,
				      -0.14697 -0.989141 0,
				      -0.14697 -0.989141 0,
				      -0.177709 -0.984083 0,
				      -0.14697 -0.989141 0,
				      -0.177709 -0.984083 0,
				      -0.14697 -0.989141 0,
				      -0.120312 -0.992736 0,
				      -0.120312 -0.992736 0,
				      -0.14697 -0.989141 0,
				      -0.120312 -0.992736 0,
				      -0.14697 -0.989141 0,
				      -0.120312 -0.992736 0,
				      -0.101001 -0.994886 0,
				      -0.101001 -0.994886 0,
				      -0.120312 -0.992736 0,
				      -0.101001 -0.994886 0,
				      -0.120312 -0.992736 0,
				      -0.101001 -0.994886 0,
				      -0.091024 -0.995849 0,
				      -0.091024 -0.995849 0,
				      -0.101001 -0.994886 0,
				      -0.091024 -0.995849 0,
				      -0.101001 -0.994886 0,
				      -0.091024 -0.995849 0,
				      -0.104554 -0.994519 0,
				      -0.104554 -0.994519 0,
				      -0.091024 -0.995849 0,
				      -0.104554 -0.994519 0,
				      -0.091024 -0.995849 0,
				      -0.104554 -0.994519 0,
				      -0.170391 -0.985377 0,
				      -0.170391 -0.985377 0,
				      -0.104554 -0.994519 0,
				      -0.170391 -0.985377 0,
				      -0.104554 -0.994519 0,
				      -0.170391 -0.985377 0,
				      -0.265431 -0.96413 0,
				      -0.265431 -0.96413 0,
				      -0.170391 -0.985377 0,
				      -0.265431 -0.96413 0,
				      -0.170391 -0.985377 0,
				      -0.265431 -0.96413 0,
				      -0.327181 -0.944962 0,
				      -0.327181 -0.944962 0,
				      -0.265431 -0.96413 0,
				      -0.327181 -0.944962 0,
				      -0.265431 -0.96413 0,
				      -0.327181 -0.944962 0,
				      -0.344667 -0.938725 0,
				      -0.344667 -0.938725 0,
				      -0.327181 -0.944962 0,
				      -0.344667 -0.938725 0,
				      -0.327181 -0.944962 0,
				      -0.344667 -0.938725 0,
				      -0.336229 -0.94178 0,
				      -0.336229 -0.94178 0,
				      -0.344667 -0.938725 0,
				      -0.336229 -0.94178 0,
				      -0.344667 -0.938725 0,
				      -0.336229 -0.94178 0,
				      -0.310192 -0.950674 0,
				      -0.310192 -0.950674 0,
				      -0.336229 -0.94178 0,
				      -0.310192 -0.950674 0,
				      -0.336229 -0.94178 0,
				      -0.310192 -0.950674 0,
				      -0.279226 -0.960225 0,
				      -0.279226 -0.960225 0,
				      -0.310192 -0.950674 0,
				      -0.279226 -0.960225 0,
				      -0.310192 -0.950674 0,
				      -0.279226 -0.960225 0,
				      -0.256043 -0.966665 0,
				      -0.256043 -0.966665 0,
				      -0.279226 -0.960225 0,
				      -0.256043 -0.966665 0,
				      -0.279226 -0.960225 0,
				      -0.256043 -0.966665 0,
				      -0.243848 -0.969813 0,
				      -0.243848 -0.969813 0,
				      -0.256043 -0.966665 0,
				      -0.243848 -0.969813 0,
				      -0.256043 -0.966665 0,
				      -0.243848 -0.969813 0,
				      -0.238595 -0.971119 0,
				      -0.238595 -0.971119 0,
				      -0.243848 -0.969813 0,
				      -0.238595 -0.971119 0,
				      -0.243848 -0.969813 0,
				      -0.238595 -0.971119 0,
				      -0.2355 -0.971874 0,
				      -0.2355 -0.971874 0,
				      -0.238595 -0.971119 0,
				      -0.2355 -0.971874 0,
				      -0.238595 -0.971119 0,
				      -0.2355 -0.971874 0,
				      0.743038 -0.669249 0,
				      0.743038 -0.669249 0,
				      -0.2355 -0.971874 0,
				      0.743038 -0.669249 0,
				      -0.2355 -0.971874 0 ]
		}
		IndexedFaceSet {
		    coordIndex	[ 878, 879, 880, -1, 878, 880, 881, -1,
				      879, 894, 895, -1, 879, 895, 880, -1,
				      894, 904, 905, -1, 894, 905, 895, -1,
				      904, 914, 915, -1, 904, 915, 905, -1,
				      914, 924, 925, -1, 914, 925, 915, -1,
				      924, 934, 935, -1, 924, 935, 925, -1,
				      934, 944, 945, -1, 934, 945, 935, -1,
				      944, 954, 955, -1, 944, 955, 945, -1,
				      954, 964, 965, -1, 954, 965, 955, -1,
				      964, 974, 975, -1, 964, 975, 965, -1,
				      974, 984, 985, -1, 974, 985, 975, -1,
				      984, 994, 995, -1, 984, 995, 985, -1,
				      994, 1004, 1005, -1, 994, 1005, 995, -1,
				      1004, 1014, 1015, -1, 1004, 1015, 1005, -1,
				      1014, 1024, 1025, -1, 1014, 1025, 1015, -1,
				      1024, 1034, 1035, -1, 1024, 1035, 1025, -1,
				      1034, 1044, 1045, -1, 1034, 1045, 1035, -1,
				      1044, 1054, 1055, -1, 1044, 1055, 1045, -1,
				      1054, 1064, 1065, -1, 1054, 1065, 1055, -1,
				      1064, 1074, 1075, -1, 1064, 1075, 1065, -1,
				      1074, 1084, 1085, -1, 1074, 1085, 1075, -1,
				      1084, 1094, 1095, -1, 1084, 1095, 1085, -1,
				      1094, 1104, 1105, -1, 1094, 1105, 1095, -1,
				      1104, 1114, 1115, -1, 1104, 1115, 1105, -1,
				      1114, 1124, 1125, -1, 1114, 1125, 1115, -1,
				      1124, 1134, 1135, -1, 1124, 1135, 1125, -1,
				      1134, 1144, 1145, -1, 1134, 1145, 1135, -1,
				      1144, 1154, 1155, -1, 1144, 1155, 1145, -1,
				      1154, 1164, 1165, -1, 1154, 1165, 1155, -1,
				      1164, 1174, 1175, -1, 1164, 1175, 1165, -1,
				      1174, 1184, 1185, -1, 1174, 1185, 1175, -1,
				      1184, 1194, 1195, -1, 1184, 1195, 1185, -1,
				      1194, 1204, 1205, -1, 1194, 1205, 1195, -1,
				      1204, 1214, 1215, -1, 1204, 1215, 1205, -1,
				      1214, 1224, 1225, -1, 1214, 1225, 1215, -1,
				      1224, 1234, 1235, -1, 1224, 1235, 1225, -1,
				      1234, 1244, 1245, -1, 1234, 1245, 1235, -1,
				      1244, 1254, 1255, -1, 1244, 1255, 1245, -1,
				      1254, 1264, 1265, -1, 1254, 1265, 1255, -1,
				      1264, 1274, 1275, -1, 1264, 1275, 1265, -1,
				      1274, 1284, 1285, -1, 1274, 1285, 1275, -1,
				      1284, 1294, 1295, -1, 1284, 1295, 1285, -1,
				      1294, 1304, 1305, -1, 1294, 1305, 1295, -1,
				      1304, 1314, 1315, -1, 1304, 1315, 1305, -1,
				      1314, 1324, 1325, -1, 1314, 1325, 1315, -1,
				      1324, 1334, 1335, -1, 1324, 1335, 1325, -1,
				      1334, 878, 881, -1, 1334, 881, 1335, -1 ]
		    normalIndex	[ 0, 1, 2, -1, 3, 4, 5, -1,
				      6, 7, 8, -1, 9, 10, 11, -1,
				      12, 13, 14, -1, 15, 16, 17, -1,
				      18, 19, 20, -1, 21, 22, 23, -1,
				      24, 25, 26, -1, 27, 28, 29, -1,
				      30, 31, 32, -1, 33, 34, 35, -1,
				      36, 37, 38, -1, 39, 40, 41, -1,
				      42, 43, 44, -1, 45, 46, 47, -1,
				      48, 49, 50, -1, 51, 52, 53, -1,
				      54, 55, 56, -1, 57, 58, 59, -1,
				      60, 61, 62, -1, 63, 64, 65, -1,
				      66, 67, 68, -1, 69, 70, 71, -1,
				      72, 73, 74, -1, 75, 76, 77, -1,
				      78, 79, 80, -1, 81, 82, 83, -1,
				      84, 85, 86, -1, 87, 88, 89, -1,
				      90, 91, 92, -1, 93, 94, 95, -1,
				      96, 97, 98, -1, 99, 100, 101, -1,
				      102, 103, 104, -1, 105, 106, 107, -1,
				      108, 109, 110, -1, 111, 112, 113, -1,
				      114, 115, 116, -1, 117, 118, 119, -1,
				      120, 121, 122, -1, 123, 124, 125, -1,
				      126, 127, 128, -1, 129, 130, 131, -1,
				      132, 133, 134, -1, 135, 136, 137, -1,
				      138, 139, 140, -1, 141, 142, 143, -1,
				      144, 145, 146, -1, 147, 148, 149, -1,
				      150, 151, 152, -1, 153, 154, 155, -1,
				      156, 157, 158, -1, 159, 160, 161, -1,
				      162, 163, 164, -1, 165, 166, 167, -1,
				      168, 169, 170, -1, 171, 172, 173, -1,
				      174, 175, 176, -1, 177, 178, 179, -1,
				      180, 181, 182, -1, 183, 184, 185, -1,
				      186, 187, 188, -1, 189, 190, 191, -1,
				      192, 193, 194, -1, 195, 196, 197, -1,
				      198, 199, 200, -1, 201, 202, 203, -1,
				      204, 205, 206, -1, 207, 208, 209, -1,
				      210, 211, 212, -1, 213, 214, 215, -1,
				      216, 217, 218, -1, 219, 220, 221, -1,
				      222, 223, 224, -1, 225, 226, 227, -1,
				      228, 229, 230, -1, 231, 232, 233, -1,
				      234, 235, 236, -1, 237, 238, 239, -1,
				      240, 241, 242, -1, 243, 244, 245, -1,
				      246, 247, 248, -1, 249, 250, 251, -1,
				      252, 253, 254, -1, 255, 256, 257, -1,
				      258, 259, 260, -1, 261, 262, 263, -1,
				      264, 265, 266, -1, 267, 268, 269, -1,
				      270, 271, 272, -1, 273, 274, 275, -1,
				      276, 277, 278, -1, 279, 280, 281, -1 ]
		}
	    }
	}
	Separator {
	    Separator {
		Normal {
		    vector	[ 0.691218 -0.622575 -0.366902,
				      0.852439 0.372466 -0.366902,
				      0.852439 0.372466 -0.366902,
				      0.691218 -0.622575 -0.366902,
				      0.852439 0.372466 -0.366902,
				      0.691218 -0.622575 -0.366902,
				      0.852439 0.372466 -0.366902,
				      0.756633 0.541193 -0.366902,
				      0.756633 0.541193 -0.366902,
				      0.852439 0.372466 -0.366902,
				      0.756633 0.541193 -0.366902,
				      0.852439 0.372466 -0.366902,
				      0.756633 0.541193 -0.366902,
				      0.565382 0.738732 -0.366902,
				      0.565382 0.738732 -0.366902,
				      0.756633 0.541193 -0.366902,
				      0.565382 0.738732 -0.366902,
				      0.756633 0.541193 -0.366902,
				      0.565382 0.738732 -0.366902,
				      0.370908 0.853118 -0.366902,
				      0.370908 0.853118 -0.366902,
				      0.565382 0.738732 -0.366902,
				      0.370908 0.853118 -0.366902,
				      0.565382 0.738732 -0.366902,
				      0.370908 0.853118 -0.366902,
				      0.280606 0.886929 -0.366902,
				      0.280606 0.886929 -0.366902,
				      0.370908 0.853118 -0.366902,
				      0.280606 0.886929 -0.366902,
				      0.370908 0.853118 -0.366902,
				      0.280606 0.886929 -0.366902,
				      0.27106 0.889893 -0.366902,
				      0.27106 0.889893 -0.366902,
				      0.280606 0.886929 -0.366902,
				      0.27106 0.889893 -0.366902,
				      0.280606 0.886929 -0.366902,
				      0.27106 0.889893 -0.366902,
				      0.284507 0.885686 -0.366902,
				      0.284507 0.885685 -0.366902,
				      0.27106 0.889893 -0.366902,
				      0.284507 0.885685 -0.366902,
				      0.27106 0.889893 -0.366902,
				      0.284507 0.885686 -0.366902,
				      0.289738 0.883988 -0.366902,
				      0.289738 0.883988 -0.366902,
				      0.284507 0.885686 -0.366902,
				      0.289738 0.883988 -0.366902,
				      0.284507 0.885685 -0.366902,
				      0.289738 0.883988 -0.366902,
				      0.279143 0.887391 -0.366902,
				      0.279143 0.887391 -0.366902,
				      0.289738 0.883988 -0.366902,
				      0.279143 0.887391 -0.366902,
				      0.289738 0.883988 -0.366902,
				      0.279143 0.887391 -0.366902,
				      0.23567 0.899912 -0.366902,
				      0.23567 0.899912 -0.366902,
				      0.279143 0.887391 -0.366902,
				      0.23567 0.899912 -0.366902,
				      0.279143 0.887391 -0.366902,
				      0.23567 0.899912 -0.366902,
				      0.150535 0.917999 -0.366902,
				      0.150535 0.917999 -0.366902,
				      0.23567 0.899912 -0.366902,
				      0.150535 0.917999 -0.366902,
				      0.23567 0.899912 -0.366902,
				      0.150535 0.917999 -0.366902,
				      0.075575 0.927185 -0.366902,
				      0.075575 0.927185 -0.366902,
				      0.150535 0.917999 -0.366902,
				      0.075575 0.927185 -0.366902,
				      0.150535 0.917999 -0.366902,
				      0.075575 0.927185 -0.366902,
				      0.056449 0.928545 -0.366902,
				      0.056449 0.928545 -0.366902,
				      0.075575 0.927185 -0.366902,
				      0.056449 0.928545 -0.366902,
				      0.075575 0.927185 -0.366902,
				      0.056449 0.928545 -0.366902,
				      0.076353 0.927121 -0.366902,
				      0.076353 0.927121 -0.366902,
				      0.056449 0.928545 -0.366902,
				      0.076353 0.927121 -0.366902,
				      0.056449 0.928545 -0.366902,
				      0.076353 0.927121 -0.366902,
				      0.118278 0.92271 -0.366902,
				      0.118278 0.92271 -0.366902,
				      0.076353 0.927121 -0.366902,
				      0.118278 0.92271 -0.366902,
				      0.076353 0.927121 -0.366902,
				      0.118278 0.92271 -0.366902,
				      0.170814 0.914443 -0.366902,
				      0.170814 0.914443 -0.366902,
				      0.118278 0.92271 -0.366902,
				      0.170814 0.914443 -0.366902,
				      0.118278 0.92271 -0.366902,
				      0.170814 0.914443 -0.366902,
				      0.207091 0.906916 -0.366902,
				      0.207091 0.906916 -0.366902,
				      0.170814 0.914443 -0.366902,
				      0.207091 0.906916 -0.366902,
				      0.170814 0.914443 -0.366902,
				      0.207091 0.906916 -0.366902,
				      0.203021 0.907835 -0.366902,
				      0.203021 0.907835 -0.366902,
				      0.207091 0.906916 -0.366902,
				      0.203021 0.907835 -0.366902,
				      0.207091 0.906916 -0.366902,
				      0.203021 0.907835 -0.366902,
				      0.12505 0.921816 -0.366902,
				      0.12505 0.921816 -0.366902,
				      0.203021 0.907835 -0.366902,
				      0.12505 0.921816 -0.366902,
				      0.203021 0.907835 -0.366902,
				      0.12505 0.921816 -0.366902,
				      -0.093113 0.925588 -0.366902,
				      -0.093113 0.925588 -0.366902,
				      0.12505 0.921816 -0.366902,
				      -0.093113 0.925588 -0.366902,
				      0.12505 0.921816 -0.366902,
				      -0.093113 0.925588 -0.366902,
				      -0.48069 0.796442 -0.366902,
				      -0.48069 0.796442 -0.366902,
				      -0.093113 0.925588 -0.366902,
				      -0.48069 0.796442 -0.366902,
				      -0.093113 0.925588 -0.366902,
				      -0.48069 0.796442 -0.366902,
				      -0.781538 0.50456 -0.366902,
				      -0.781538 0.50456 -0.366902,
				      -0.48069 0.796442 -0.366902,
				      -0.781538 0.50456 -0.366902,
				      -0.48069 0.796442 -0.366902,
				      -0.781538 0.50456 -0.366902,
				      -0.903212 0.22269 -0.366902,
				      -0.903212 0.22269 -0.366902,
				      -0.781538 0.50456 -0.366902,
				      -0.903212 0.22269 -0.366902,
				      -0.781538 0.50456 -0.366902,
				      -0.903212 0.22269 -0.366902,
				      -0.92816 -0.062465 -0.366902,
				      -0.92816 -0.062465 -0.366902,
				      -0.903212 0.22269 -0.366902,
				      -0.92816 -0.062465 -0.366902,
				      -0.903212 0.22269 -0.366902,
				      -0.92816 -0.062465 -0.366902,
				      -0.860921 -0.352416 -0.366902,
				      -0.860921 -0.352416 -0.366902,
				      -0.92816 -0.062465 -0.366902,
				      -0.860921 -0.352416 -0.366902,
				      -0.92816 -0.062465 -0.366902,
				      -0.860921 -0.352416 -0.366902,
				      -0.668338 -0.647075 -0.366902,
				      -0.668338 -0.647075 -0.366902,
				      -0.860921 -0.352416 -0.366902,
				      -0.668338 -0.647075 -0.366902,
				      -0.860921 -0.352416 -0.366902,
				      -0.668338 -0.647075 -0.366902,
				      -0.42023 -0.829933 -0.366902,
				      -0.42023 -0.829933 -0.366902,
				      -0.668338 -0.647075 -0.366902,
				      -0.42023 -0.829933 -0.366902,
				      -0.668338 -0.647075 -0.366902,
				      -0.42023 -0.829933 -0.366902,
				      -0.271973 -0.889614 -0.366902,
				      -0.271973 -0.889614 -0.366902,
				      -0.42023 -0.829933 -0.366902,
				      -0.271973 -0.889614 -0.366902,
				      -0.42023 -0.829933 -0.366902,
				      -0.271973 -0.889614 -0.366902,
				      -0.202369 -0.907981 -0.366902,
				      -0.202369 -0.907981 -0.366902,
				      -0.271973 -0.889614 -0.366902,
				      -0.202369 -0.907981 -0.366902,
				      -0.271973 -0.889614 -0.366902,
				      -0.202369 -0.907981 -0.366902,
				      -0.165316 -0.915453 -0.366902,
				      -0.165316 -0.915453 -0.366902,
				      -0.202369 -0.907981 -0.366902,
				      -0.165316 -0.915453 -0.366902,
				      -0.202369 -0.907981 -0.366902,
				      -0.165316 -0.915453 -0.366902,
				      -0.13672 -0.920158 -0.366902,
				      -0.13672 -0.920158 -0.366902,
				      -0.165316 -0.915453 -0.366902,
				      -0.13672 -0.920158 -0.366902,
				      -0.165316 -0.915453 -0.366902,
				      -0.13672 -0.920158 -0.366902,
				      -0.111921 -0.923502 -0.366902,
				      -0.111921 -0.923502 -0.366902,
				      -0.13672 -0.920158 -0.366902,
				      -0.111921 -0.923502 -0.366902,
				      -0.13672 -0.920158 -0.366902,
				      -0.111921 -0.923502 -0.366902,
				      -0.093957 -0.925502 -0.366902,
				      -0.093957 -0.925502 -0.366902,
				      -0.111921 -0.923502 -0.366902,
				      -0.093957 -0.925502 -0.366902,
				      -0.111921 -0.923502 -0.366902,
				      -0.093957 -0.925502 -0.366902,
				      -0.084676 -0.926398 -0.366902,
				      -0.084676 -0.926398 -0.366902,
				      -0.093957 -0.925502 -0.366902,
				      -0.084676 -0.926398 -0.366902,
				      -0.093957 -0.925502 -0.366902,
				      -0.084676 -0.926398 -0.366902,
				      -0.097263 -0.925161 -0.366902,
				      -0.097263 -0.925161 -0.366902,
				      -0.084676 -0.926398 -0.366902,
				      -0.097263 -0.925161 -0.366902,
				      -0.084676 -0.926398 -0.366902,
				      -0.097263 -0.925161 -0.366902,
				      -0.158508 -0.916656 -0.366902,
				      -0.158508 -0.916656 -0.366902,
				      -0.097263 -0.925161 -0.366902,
				      -0.158508 -0.916656 -0.366902,
				      -0.097263 -0.925161 -0.366902,
				      -0.158508 -0.916656 -0.366902,
				      -0.24692 -0.896891 -0.366902,
				      -0.24692 -0.896891 -0.366902,
				      -0.158508 -0.916656 -0.366902,
				      -0.24692 -0.896891 -0.366902,
				      -0.158508 -0.916656 -0.366902,
				      -0.24692 -0.896891 -0.366902,
				      -0.304364 -0.879059 -0.366902,
				      -0.304364 -0.879059 -0.366902,
				      -0.24692 -0.896891 -0.366902,
				      -0.304364 -0.879059 -0.366902,
				      -0.24692 -0.896891 -0.366902,
				      -0.304364 -0.879059 -0.366902,
				      -0.320629 -0.873258 -0.366902,
				      -0.320629 -0.873258 -0.366902,
				      -0.304364 -0.879059 -0.366902,
				      -0.320629 -0.873258 -0.366902,
				      -0.304364 -0.879059 -0.366902,
				      -0.320629 -0.873258 -0.366902,
				      -0.31278 -0.8761 -0.366902,
				      -0.31278 -0.8761 -0.366902,
				      -0.320629 -0.873258 -0.366902,
				      -0.31278 -0.8761 -0.366902,
				      -0.320629 -0.873258 -0.366902,
				      -0.31278 -0.8761 -0.366902,
				      -0.288559 -0.884373 -0.366902,
				      -0.288559 -0.884373 -0.366902,
				      -0.31278 -0.8761 -0.366902,
				      -0.288559 -0.884373 -0.366902,
				      -0.31278 -0.8761 -0.366902,
				      -0.288559 -0.884373 -0.366902,
				      -0.259752 -0.893259 -0.366902,
				      -0.259752 -0.893259 -0.366902,
				      -0.288559 -0.884373 -0.366902,
				      -0.259752 -0.893259 -0.366902,
				      -0.288559 -0.884373 -0.366902,
				      -0.259752 -0.893259 -0.366902,
				      -0.238187 -0.89925 -0.366902,
				      -0.238187 -0.89925 -0.366902,
				      -0.259752 -0.893259 -0.366902,
				      -0.238187 -0.89925 -0.366902,
				      -0.259752 -0.893259 -0.366902,
				      -0.238187 -0.89925 -0.366902,
				      -0.226842 -0.902178 -0.366902,
				      -0.226842 -0.902178 -0.366902,
				      -0.238187 -0.89925 -0.366902,
				      -0.226842 -0.902178 -0.366902,
				      -0.238187 -0.89925 -0.366902,
				      -0.226842 -0.902178 -0.366902,
				      -0.221956 -0.903393 -0.366902,
				      -0.221956 -0.903393 -0.366902,
				      -0.226842 -0.902178 -0.366902,
				      -0.221956 -0.903393 -0.366902,
				      -0.226842 -0.902178 -0.366902,
				      -0.221956 -0.903393 -0.366902,
				      -0.219076 -0.904095 -0.366902,
				      -0.219076 -0.904095 -0.366902,
				      -0.221956 -0.903393 -0.366902,
				      -0.219076 -0.904095 -0.366902,
				      -0.221956 -0.903393 -0.366902,
				      -0.219076 -0.904095 -0.366902,
				      0.691218 -0.622575 -0.366902,
				      0.691218 -0.622575 -0.366902,
				      -0.219076 -0.904095 -0.366902,
				      0.691218 -0.622575 -0.366902,
				      -0.219076 -0.904095 -0.366902 ]
		}
		IndexedFaceSet {
		    coordIndex	[ 882, 883, 884, -1, 882, 884, 885, -1,
				      883, 896, 897, -1, 883, 897, 884, -1,
				      896, 906, 907, -1, 896, 907, 897, -1,
				      906, 916, 917, -1, 906, 917, 907, -1,
				      916, 926, 927, -1, 916, 927, 917, -1,
				      926, 936, 937, -1, 926, 937, 927, -1,
				      936, 946, 947, -1, 936, 947, 937, -1,
				      946, 956, 957, -1, 946, 957, 947, -1,
				      956, 966, 967, -1, 956, 967, 957, -1,
				      966, 976, 977, -1, 966, 977, 967, -1,
				      976, 986, 987, -1, 976, 987, 977, -1,
				      986, 996, 997, -1, 986, 997, 987, -1,
				      996, 1006, 1007, -1, 996, 1007, 997, -1,
				      1006, 1016, 1017, -1, 1006, 1017, 1007, -1,
				      1016, 1026, 1027, -1, 1016, 1027, 1017, -1,
				      1026, 1036, 1037, -1, 1026, 1037, 1027, -1,
				      1036, 1046, 1047, -1, 1036, 1047, 1037, -1,
				      1046, 1056, 1057, -1, 1046, 1057, 1047, -1,
				      1056, 1066, 1067, -1, 1056, 1067, 1057, -1,
				      1066, 1076, 1077, -1, 1066, 1077, 1067, -1,
				      1076, 1086, 1087, -1, 1076, 1087, 1077, -1,
				      1086, 1096, 1097, -1, 1086, 1097, 1087, -1,
				      1096, 1106, 1107, -1, 1096, 1107, 1097, -1,
				      1106, 1116, 1117, -1, 1106, 1117, 1107, -1,
				      1116, 1126, 1127, -1, 1116, 1127, 1117, -1,
				      1126, 1136, 1137, -1, 1126, 1137, 1127, -1,
				      1136, 1146, 1147, -1, 1136, 1147, 1137, -1,
				      1146, 1156, 1157, -1, 1146, 1157, 1147, -1,
				      1156, 1166, 1167, -1, 1156, 1167, 1157, -1,
				      1166, 1176, 1177, -1, 1166, 1177, 1167, -1,
				      1176, 1186, 1187, -1, 1176, 1187, 1177, -1,
				      1186, 1196, 1197, -1, 1186, 1197, 1187, -1,
				      1196, 1206, 1207, -1, 1196, 1207, 1197, -1,
				      1206, 1216, 1217, -1, 1206, 1217, 1207, -1,
				      1216, 1226, 1227, -1, 1216, 1227, 1217, -1,
				      1226, 1236, 1237, -1, 1226, 1237, 1227, -1,
				      1236, 1246, 1247, -1, 1236, 1247, 1237, -1,
				      1246, 1256, 1257, -1, 1246, 1257, 1247, -1,
				      1256, 1266, 1267, -1, 1256, 1267, 1257, -1,
				      1266, 1276, 1277, -1, 1266, 1277, 1267, -1,
				      1276, 1286, 1287, -1, 1276, 1287, 1277, -1,
				      1286, 1296, 1297, -1, 1286, 1297, 1287, -1,
				      1296, 1306, 1307, -1, 1296, 1307, 1297, -1,
				      1306, 1316, 1317, -1, 1306, 1317, 1307, -1,
				      1316, 1326, 1327, -1, 1316, 1327, 1317, -1,
				      1326, 1336, 1337, -1, 1326, 1337, 1327, -1,
				      1336, 882, 885, -1, 1336, 885, 1337, -1 ]
		    normalIndex	[ 0, 1, 2, -1, 3, 4, 5, -1,
				      6, 7, 8, -1, 9, 10, 11, -1,
				      12, 13, 14, -1, 15, 16, 17, -1,
				      18, 19, 20, -1, 21, 22, 23, -1,
				      24, 25, 26, -1, 27, 28, 29, -1,
				      30, 31, 32, -1, 33, 34, 35, -1,
				      36, 37, 38, -1, 39, 40, 41, -1,
				      42, 43, 44, -1, 45, 46, 47, -1,
				      48, 49, 50, -1, 51, 52, 53, -1,
				      54, 55, 56, -1, 57, 58, 59, -1,
				      60, 61, 62, -1, 63, 64, 65, -1,
				      66, 67, 68, -1, 69, 70, 71, -1,
				      72, 73, 74, -1, 75, 76, 77, -1,
				      78, 79, 80, -1, 81, 82, 83, -1,
				      84, 85, 86, -1, 87, 88, 89, -1,
				      90, 91, 92, -1, 93, 94, 95, -1,
				      96, 97, 98, -1, 99, 100, 101, -1,
				      102, 103, 104, -1, 105, 106, 107, -1,
				      108, 109, 110, -1, 111, 112, 113, -1,
				      114, 115, 116, -1, 117, 118, 119, -1,
				      120, 121, 122, -1, 123, 124, 125, -1,
				      126, 127, 128, -1, 129, 130, 131, -1,
				      132, 133, 134, -1, 135, 136, 137, -1,
				      138, 139, 140, -1, 141, 142, 143, -1,
				      144, 145, 146, -1, 147, 148, 149, -1,
				      150, 151, 152, -1, 153, 154, 155, -1,
				      156, 157, 158, -1, 159, 160, 161, -1,
				      162, 163, 164, -1, 165, 166, 167, -1,
				      168, 169, 170, -1, 171, 172, 173, -1,
				      174, 175, 176, -1, 177, 178, 179, -1,
				      180, 181, 182, -1, 183, 184, 185, -1,
				      186, 187, 188, -1, 189, 190, 191, -1,
				      192, 193, 194, -1, 195, 196, 197, -1,
				      198, 199, 200, -1, 201, 202, 203, -1,
				      204, 205, 206, -1, 207, 208, 209, -1,
				      210, 211, 212, -1, 213, 214, 215, -1,
				      216, 217, 218, -1, 219, 220, 221, -1,
				      222, 223, 224, -1, 225, 226, 227, -1,
				      228, 229, 230, -1, 231, 232, 233, -1,
				      234, 235, 236, -1, 237, 238, 239, -1,
				      240, 241, 242, -1, 243, 244, 245, -1,
				      246, 247, 248, -1, 249, 250, 251, -1,
				      252, 253, 254, -1, 255, 256, 257, -1,
				      258, 259, 260, -1, 261, 262, 263, -1,
				      264, 265, 266, -1, 267, 268, 269, -1,
				      270, 271, 272, -1, 273, 274, 275, -1,
				      276, 277, 278, -1, 279, 280, 281, -1 ]
		}
	    }
	}
	Separator {
	    Separator {
		Normal {
		    vector	[ 0.165148 -0.148748 -0.974987,
				      0.203668 0.088991 -0.974987,
				      0.203668 0.088991 -0.974987,
				      0.165148 -0.148748 -0.974987,
				      0.203668 0.088991 -0.974987,
				      0.165148 -0.148748 -0.974987,
				      0.203668 0.088991 -0.974987,
				      0.180777 0.129304 -0.974987,
				      0.180778 0.129304 -0.974987,
				      0.203668 0.088991 -0.974987,
				      0.180778 0.129304 -0.974987,
				      0.203668 0.088991 -0.974987,
				      0.180777 0.129304 -0.974987,
				      0.135083 0.176501 -0.974987,
				      0.135083 0.176501 -0.974987,
				      0.180777 0.129304 -0.974987,
				      0.135083 0.176501 -0.974987,
				      0.180778 0.129304 -0.974987,
				      0.135083 0.176501 -0.974987,
				      0.088619 0.20383 -0.974987,
				      0.088619 0.20383 -0.974987,
				      0.135083 0.176501 -0.974987,
				      0.088619 0.20383 -0.974987,
				      0.135083 0.176501 -0.974987,
				      0.088619 0.20383 -0.974987,
				      0.067044 0.211908 -0.974987,
				      0.067044 0.211908 -0.974987,
				      0.088619 0.20383 -0.974987,
				      0.067044 0.211908 -0.974987,
				      0.088619 0.20383 -0.974987,
				      0.067044 0.211908 -0.974987,
				      0.064763 0.212616 -0.974987,
				      0.064763 0.212616 -0.974987,
				      0.067044 0.211908 -0.974987,
				      0.064763 0.212616 -0.974987,
				      0.067044 0.211908 -0.974987,
				      0.064763 0.212616 -0.974987,
				      0.067975 0.211611 -0.974987,
				      0.067975 0.211611 -0.974987,
				      0.064763 0.212616 -0.974987,
				      0.067975 0.211611 -0.974987,
				      0.064763 0.212616 -0.974987,
				      0.067975 0.211611 -0.974987,
				      0.069225 0.211206 -0.974987,
				      0.069225 0.211206 -0.974987,
				      0.067975 0.211611 -0.974987,
				      0.069225 0.211206 -0.974987,
				      0.067975 0.211611 -0.974987,
				      0.069225 0.211206 -0.974987,
				      0.066694 0.212019 -0.974987,
				      0.066694 0.212019 -0.974987,
				      0.069225 0.211206 -0.974987,
				      0.066694 0.212019 -0.974987,
				      0.069225 0.211206 -0.974987,
				      0.066694 0.212019 -0.974987,
				      0.056307 0.21501 -0.974987,
				      0.056307 0.21501 -0.974987,
				      0.066694 0.212019 -0.974987,
				      0.056307 0.21501 -0.974987,
				      0.066694 0.212019 -0.974987,
				      0.056307 0.21501 -0.974987,
				      0.035966 0.219332 -0.974987,
				      0.035966 0.219332 -0.974987,
				      0.056307 0.21501 -0.974987,
				      0.035966 0.219332 -0.974987,
				      0.056307 0.21501 -0.974987,
				      0.035966 0.219332 -0.974987,
				      0.018057 0.221526 -0.974987,
				      0.018057 0.221526 -0.974987,
				      0.035966 0.219332 -0.974987,
				      0.018057 0.221526 -0.974987,
				      0.035966 0.219332 -0.974987,
				      0.018057 0.221526 -0.974987,
				      0.013487 0.221851 -0.974987,
				      0.013487 0.221851 -0.974987,
				      0.018057 0.221526 -0.974987,
				      0.013487 0.221851 -0.974987,
				      0.018057 0.221526 -0.974987,
				      0.013487 0.221851 -0.974987,
				      0.018242 0.221511 -0.974987,
				      0.018242 0.221511 -0.974987,
				      0.013487 0.221851 -0.974987,
				      0.018242 0.221511 -0.974987,
				      0.013487 0.221851 -0.974987,
				      0.018242 0.221511 -0.974987,
				      0.02826 0.220457 -0.974987,
				      0.02826 0.220457 -0.974987,
				      0.018242 0.221511 -0.974987,
				      0.02826 0.220457 -0.974987,
				      0.018242 0.221511 -0.974987,
				      0.02826 0.220457 -0.974987,
				      0.040811 0.218482 -0.974987,
				      0.040811 0.218482 -0.974987,
				      0.02826 0.220457 -0.974987,
				      0.040811 0.218482 -0.974987,
				      0.02826 0.220457 -0.974987,
				      0.040811 0.218482 -0.974987,
				      0.049479 0.216684 -0.974987,
				      0.049479 0.216684 -0.974987,
				      0.040811 0.218482 -0.974987,
				      0.049479 0.216684 -0.974987,
				      0.040811 0.218482 -0.974987,
				      0.049479 0.216684 -0.974987,
				      0.048507 0.216903 -0.974987,
				      0.048507 0.216903 -0.974987,
				      0.049479 0.216684 -0.974987,
				      0.048507 0.216903 -0.974987,
				      0.049479 0.216684 -0.974987,
				      0.048507 0.216903 -0.974987,
				      0.029877 0.220244 -0.974987,
				      0.029877 0.220244 -0.974987,
				      0.048507 0.216903 -0.974987,
				      0.029877 0.220244 -0.974987,
				      0.048507 0.216903 -0.974987,
				      0.029877 0.220244 -0.974987,
				      -0.022247 0.221145 -0.974987,
				      -0.022247 0.221145 -0.974987,
				      0.029877 0.220244 -0.974987,
				      -0.022247 0.221145 -0.974987,
				      0.029877 0.220244 -0.974987,
				      -0.022247 0.221145 -0.974987,
				      -0.114848 0.190289 -0.974987,
				      -0.114848 0.190289 -0.974987,
				      -0.022247 0.221145 -0.974987,
				      -0.114848 0.190289 -0.974987,
				      -0.022247 0.221145 -0.974987,
				      -0.114848 0.190289 -0.974987,
				      -0.186728 0.120551 -0.974987,
				      -0.186728 0.120551 -0.974987,
				      -0.114848 0.190289 -0.974987,
				      -0.186728 0.120551 -0.974987,
				      -0.114848 0.190289 -0.974987,
				      -0.186728 0.120551 -0.974987,
				      -0.215799 0.053206 -0.974987,
				      -0.215799 0.053206 -0.974987,
				      -0.186728 0.120551 -0.974987,
				      -0.215799 0.053206 -0.974987,
				      -0.186728 0.120551 -0.974987,
				      -0.215799 0.053206 -0.974987,
				      -0.221759 -0.014924 -0.974987,
				      -0.221759 -0.014924 -0.974987,
				      -0.215799 0.053206 -0.974987,
				      -0.221759 -0.014924 -0.974987,
				      -0.215799 0.053206 -0.974987,
				      -0.221759 -0.014924 -0.974987,
				      -0.205694 -0.084201 -0.974987,
				      -0.205694 -0.084201 -0.974987,
				      -0.221759 -0.014924 -0.974987,
				      -0.205694 -0.084201 -0.974987,
				      -0.221759 -0.014924 -0.974987,
				      -0.205694 -0.084201 -0.974987,
				      -0.159682 -0.154602 -0.974987,
				      -0.159682 -0.154602 -0.974987,
				      -0.205694 -0.084201 -0.974987,
				      -0.159682 -0.154602 -0.974987,
				      -0.205694 -0.084201 -0.974987,
				      -0.159682 -0.154602 -0.974987,
				      -0.100403 -0.198291 -0.974987,
				      -0.100403 -0.198291 -0.974987,
				      -0.159682 -0.154602 -0.974987,
				      -0.100403 -0.198291 -0.974987,
				      -0.159682 -0.154602 -0.974987,
				      -0.100403 -0.198291 -0.974987,
				      -0.064981 -0.21255 -0.974987,
				      -0.064981 -0.21255 -0.974987,
				      -0.100403 -0.198291 -0.974987,
				      -0.064981 -0.21255 -0.974987,
				      -0.100403 -0.198291 -0.974987,
				      -0.064981 -0.21255 -0.974987,
				      -0.048351 -0.216938 -0.974987,
				      -0.048351 -0.216938 -0.974987,
				      -0.064981 -0.21255 -0.974987,
				      -0.048351 -0.216938 -0.974987,
				      -0.064981 -0.21255 -0.974987,
				      -0.048351 -0.216938 -0.974987,
				      -0.039498 -0.218723 -0.974987,
				      -0.039498 -0.218723 -0.974987,
				      -0.048351 -0.216938 -0.974987,
				      -0.039498 -0.218723 -0.974987,
				      -0.048351 -0.216938 -0.974987,
				      -0.039498 -0.218723 -0.974987,
				      -0.032666 -0.219848 -0.974987,
				      -0.032666 -0.219848 -0.974987,
				      -0.039498 -0.218723 -0.974987,
				      -0.032666 -0.219848 -0.974987,
				      -0.039498 -0.218723 -0.974987,
				      -0.032666 -0.219848 -0.974987,
				      -0.026741 -0.220647 -0.974987,
				      -0.026741 -0.220647 -0.974987,
				      -0.032666 -0.219848 -0.974987,
				      -0.026741 -0.220647 -0.974987,
				      -0.032666 -0.219848 -0.974987,
				      -0.026741 -0.220647 -0.974987,
				      -0.022449 -0.221125 -0.974987,
				      -0.022449 -0.221125 -0.974987,
				      -0.026741 -0.220647 -0.974987,
				      -0.022449 -0.221125 -0.974987,
				      -0.026741 -0.220647 -0.974987,
				      -0.022449 -0.221125 -0.974987,
				      -0.020231 -0.221338 -0.974987,
				      -0.020231 -0.221338 -0.974987,
				      -0.022449 -0.221125 -0.974987,
				      -0.020231 -0.221338 -0.974987,
				      -0.022449 -0.221125 -0.974987,
				      -0.020231 -0.221338 -0.974987,
				      -0.023238 -0.221043 -0.974987,
				      -0.023238 -0.221043 -0.974987,
				      -0.020231 -0.221338 -0.974987,
				      -0.023238 -0.221043 -0.974987,
				      -0.020231 -0.221338 -0.974987,
				      -0.023238 -0.221043 -0.974987,
				      -0.037871 -0.219011 -0.974987,
				      -0.037871 -0.219011 -0.974987,
				      -0.023238 -0.221043 -0.974987,
				      -0.037871 -0.219011 -0.974987,
				      -0.023238 -0.221043 -0.974987,
				      -0.037871 -0.219011 -0.974987,
				      -0.058995 -0.214289 -0.974987,
				      -0.058995 -0.214289 -0.974987,
				      -0.037871 -0.219011 -0.974987,
				      -0.058995 -0.214289 -0.974987,
				      -0.037871 -0.219011 -0.974987,
				      -0.058995 -0.214289 -0.974987,
				      -0.07272 -0.210028 -0.974987,
				      -0.07272 -0.210028 -0.974987,
				      -0.058995 -0.214289 -0.974987,
				      -0.07272 -0.210028 -0.974987,
				      -0.058995 -0.214289 -0.974987,
				      -0.07272 -0.210028 -0.974987,
				      -0.076606 -0.208642 -0.974987,
				      -0.076606 -0.208642 -0.974987,
				      -0.07272 -0.210028 -0.974987,
				      -0.076606 -0.208642 -0.974987,
				      -0.07272 -0.210028 -0.974987,
				      -0.076606 -0.208642 -0.974987,
				      -0.074731 -0.209321 -0.974987,
				      -0.074731 -0.209321 -0.974987,
				      -0.076606 -0.208642 -0.974987,
				      -0.074731 -0.209321 -0.974987,
				      -0.076606 -0.208642 -0.974987,
				      -0.074731 -0.209321 -0.974987,
				      -0.068944 -0.211298 -0.974987,
				      -0.068944 -0.211298 -0.974987,
				      -0.074731 -0.209321 -0.974987,
				      -0.068944 -0.211298 -0.974987,
				      -0.074731 -0.209321 -0.974987,
				      -0.068944 -0.211298 -0.974987,
				      -0.062061 -0.213421 -0.974987,
				      -0.062061 -0.213421 -0.974987,
				      -0.068944 -0.211298 -0.974987,
				      -0.062061 -0.213421 -0.974987,
				      -0.068944 -0.211298 -0.974987,
				      -0.062061 -0.213421 -0.974987,
				      -0.056908 -0.214852 -0.974987,
				      -0.056909 -0.214852 -0.974987,
				      -0.062061 -0.213421 -0.974987,
				      -0.056909 -0.214852 -0.974987,
				      -0.062061 -0.213421 -0.974987,
				      -0.056908 -0.214852 -0.974987,
				      -0.054198 -0.215552 -0.974987,
				      -0.054198 -0.215552 -0.974987,
				      -0.056908 -0.214852 -0.974987,
				      -0.054198 -0.215552 -0.974987,
				      -0.056909 -0.214852 -0.974987,
				      -0.054198 -0.215552 -0.974987,
				      -0.05303 -0.215842 -0.974987,
				      -0.05303 -0.215842 -0.974987,
				      -0.054198 -0.215552 -0.974987,
				      -0.05303 -0.215842 -0.974987,
				      -0.054198 -0.215552 -0.974987,
				      -0.05303 -0.215842 -0.974987,
				      -0.052342 -0.21601 -0.974987,
				      -0.052342 -0.21601 -0.974987,
				      -0.05303 -0.215842 -0.974987,
				      -0.052342 -0.21601 -0.974987,
				      -0.05303 -0.215842 -0.974987,
				      -0.052342 -0.21601 -0.974987,
				      0.165148 -0.148748 -0.974987,
				      0.165148 -0.148748 -0.974987,
				      -0.052342 -0.21601 -0.974987,
				      0.165148 -0.148748 -0.974987,
				      -0.052342 -0.21601 -0.974987 ]
		}
		IndexedFaceSet {
		    coordIndex	[ 886, 887, 888, -1, 886, 888, 889, -1,
				      887, 898, 899, -1, 887, 899, 888, -1,
				      898, 908, 909, -1, 898, 909, 899, -1,
				      908, 918, 919, -1, 908, 919, 909, -1,
				      918, 928, 929, -1, 918, 929, 919, -1,
				      928, 938, 939, -1, 928, 939, 929, -1,
				      938, 948, 949, -1, 938, 949, 939, -1,
				      948, 958, 959, -1, 948, 959, 949, -1,
				      958, 968, 969, -1, 958, 969, 959, -1,
				      968, 978, 979, -1, 968, 979, 969, -1,
				      978, 988, 989, -1, 978, 989, 979, -1,
				      988, 998, 999, -1, 988, 999, 989, -1,
				      998, 1008, 1009, -1, 998, 1009, 999, -1,
				      1008, 1018, 1019, -1, 1008, 1019, 1009, -1,
				      1018, 1028, 1029, -1, 1018, 1029, 1019, -1,
				      1028, 1038, 1039, -1, 1028, 1039, 1029, -1,
				      1038, 1048, 1049, -1, 1038, 1049, 1039, -1,
				      1048, 1058, 1059, -1, 1048, 1059, 1049, -1,
				      1058, 1068, 1069, -1, 1058, 1069, 1059, -1,
				      1068, 1078, 1079, -1, 1068, 1079, 1069, -1,
				      1078, 1088, 1089, -1, 1078, 1089, 1079, -1,
				      1088, 1098, 1099, -1, 1088, 1099, 1089, -1,
				      1098, 1108, 1109, -1, 1098, 1109, 1099, -1,
				      1108, 1118, 1119, -1, 1108, 1119, 1109, -1,
				      1118, 1128, 1129, -1, 1118, 1129, 1119, -1,
				      1128, 1138, 1139, -1, 1128, 1139, 1129, -1,
				      1138, 1148, 1149, -1, 1138, 1149, 1139, -1,
				      1148, 1158, 1159, -1, 1148, 1159, 1149, -1,
				      1158, 1168, 1169, -1, 1158, 1169, 1159, -1,
				      1168, 1178, 1179, -1, 1168, 1179, 1169, -1,
				      1178, 1188, 1189, -1, 1178, 1189, 1179, -1,
				      1188, 1198, 1199, -1, 1188, 1199, 1189, -1,
				      1198, 1208, 1209, -1, 1198, 1209, 1199, -1,
				      1208, 1218, 1219, -1, 1208, 1219, 1209, -1,
				      1218, 1228, 1229, -1, 1218, 1229, 1219, -1,
				      1228, 1238, 1239, -1, 1228, 1239, 1229, -1,
				      1238, 1248, 1249, -1, 1238, 1249, 1239, -1,
				      1248, 1258, 1259, -1, 1248, 1259, 1249, -1,
				      1258, 1268, 1269, -1, 1258, 1269, 1259, -1,
				      1268, 1278, 1279, -1, 1268, 1279, 1269, -1,
				      1278, 1288, 1289, -1, 1278, 1289, 1279, -1,
				      1288, 1298, 1299, -1, 1288, 1299, 1289, -1,
				      1298, 1308, 1309, -1, 1298, 1309, 1299, -1,
				      1308, 1318, 1319, -1, 1308, 1319, 1309, -1,
				      1318, 1328, 1329, -1, 1318, 1329, 1319, -1,
				      1328, 1338, 1339, -1, 1328, 1339, 1329, -1,
				      1338, 886, 889, -1, 1338, 889, 1339, -1 ]
		    normalIndex	[ 0, 1, 2, -1, 3, 4, 5, -1,
				      6, 7, 8, -1, 9, 10, 11, -1,
				      12, 13, 14, -1, 15, 16, 17, -1,
				      18, 19, 20, -1, 21, 22, 23, -1,
				      24, 25, 26, -1, 27, 28, 29, -1,
				      30, 31, 32, -1, 33, 34, 35, -1,
				      36, 37, 38, -1, 39, 40, 41, -1,
				      42, 43, 44, -1, 45, 46, 47, -1,
				      48, 49, 50, -1, 51, 52, 53, -1,
				      54, 55, 56, -1, 57, 58, 59, -1,
				      60, 61, 62, -1, 63, 64, 65, -1,
				      66, 67, 68, -1, 69, 70, 71, -1,
				      72, 73, 74, -1, 75, 76, 77, -1,
				      78, 79, 80, -1, 81, 82, 83, -1,
				      84, 85, 86, -1, 87, 88, 89, -1,
				      90, 91, 92, -1, 93, 94, 95, -1,
				      96, 97, 98, -1, 99, 100, 101, -1,
				      102, 103, 104, -1, 105, 106, 107, -1,
				      108, 109, 110, -1, 111, 112, 113, -1,
				      114, 115, 116, -1, 117, 118, 119, -1,
				      120, 121, 122, -1, 123, 124, 125, -1,
				      126, 127, 128, -1, 129, 130, 131, -1,
				      132, 133, 134, -1, 135, 136, 137, -1,
				      138, 139, 140, -1, 141, 142, 143, -1,
				      144, 145, 146, -1, 147, 148, 149, -1,
				      150, 151, 152, -1, 153, 154, 155, -1,
				      156, 157, 158, -1, 159, 160, 161, -1,
				      162, 163, 164, -1, 165, 166, 167, -1,
				      168, 169, 170, -1, 171, 172, 173, -1,
				      174, 175, 176, -1, 177, 178, 179, -1,
				      180, 181, 182, -1, 183, 184, 185, -1,
				      186, 187, 188, -1, 189, 190, 191, -1,
				      192, 193, 194, -1, 195, 196, 197, -1,
				      198, 199, 200, -1, 201, 202, 203, -1,
				      204, 205, 206, -1, 207, 208, 209, -1,
				      210, 211, 212, -1, 213, 214, 215, -1,
				      216, 217, 218, -1, 219, 220, 221, -1,
				      222, 223, 224, -1, 225, 226, 227, -1,
				      228, 229, 230, -1, 231, 232, 233, -1,
				      234, 235, 236, -1, 237, 238, 239, -1,
				      240, 241, 242, -1, 243, 244, 245, -1,
				      246, 247, 248, -1, 249, 250, 251, -1,
				      252, 253, 254, -1, 255, 256, 257, -1,
				      258, 259, 260, -1, 261, 262, 263, -1,
				      264, 265, 266, -1, 267, 268, 269, -1,
				      270, 271, 272, -1, 273, 274, 275, -1,
				      276, 277, 278, -1, 279, 280, 281, -1 ]
		}
	    }
	}
	Separator {
	    Material {
		diffuseColor	0.0633826 0.135597 0.8
	    }
	    Separator {
		Normal {
		    vector	[ 0 0 -1,
				      0 0 -1,
				      0 0 -1,
				      0 0 -1,
				      0 0 -1,
				      0 0 -1,
				      0 0 -1,
				      0 0 -1,
				      0 0 -1,
				      0 0 -1,
				      0 0 -1,
				      0 0 -1,
				      0 0 -1,
				      0 0 -1,
				      0 0 -1,
				      0 0 -1,
				      0 0 -1,
				      0 0 -1,
				      0 0 -1,
				      0 0 -1,
				      0 0 -1,
				      0 0 -1,
				      0 0 -1,
				      0 0 -1,
				      0 0 -1,
				      0 0 -1,
				      0 0 -1,
				      0 0 -1,
				      0 0 -1,
				      0 0 -1,
				      0 0 -1,
				      0 0 -1,
				      0 0 -1,
				      0 0 -1,
				      0 0 -1,
				      0 0 -1,
				      0 0 -1,
				      0 0 -1,
				      0 0 -1,
				      0 0 -1,
				      0 0 -1,
				      0 0 -1,
				      0 0 -1,
				      0 0 -1,
				      0 0 -1,
				      0 0 -1,
				      0 0 -1,
				      0 0 -1,
				      0 0 -1,
				      0 0 -1,
				      0 0 -1,
				      0 0 -1,
				      0 0 -1,
				      0 0 -1,
				      0 0 -1,
				      0 0 -1,
				      0 0 -1,
				      0 0 -1,
				      0 0 -1,
				      0 0 -1,
				      0 0 -1,
				      0 0 -1,
				      0 0 -1,
				      0 0 -1,
				      0 0 -1,
				      0 0 -1,
				      0 0 -1,
				      0 0 -1,
				      0 0 -1,
				      0 0 -1,
				      0 0 -1,
				      0 0 -1,
				      0 0 -1,
				      0 0 -1,
				      0 0 -1,
				      0 0 -1,
				      0 0 -1,
				      0 0 -1,
				      0 0 -1,
				      0 0 -1,
				      0 0 -1,
				      0 0 -1,
				      0 0 -1,
				      0 0 -1,
				      0 0 -1,
				      0 0 -1,
				      0 0 -1,
				      0 0 -1,
				      0 0 -1,
				      0 0 -1,
				      0 0 -1,
				      0 0 -1,
				      0 0 -1,
				      0 0 -1,
				      0 0 -1,
				      0 0 -1,
				      0 0 -1,
				      0 0 -1,
				      0 0 -1,
				      0 0 -1,
				      0 0 -1,
				      0 0 -1,
				      0 0 -1,
				      0 0 -1,
				      0 0 -1,
				      0 0 -1,
				      0 0 -1,
				      0 0 -1,
				      0 0 -1,
				      0 0 -1,
				      0 0 -1,
				      0 0 -1,
				      0 0 -1,
				      0 0 -1,
				      0 0 -1,
				      0 0 -1,
				      0 0 -1,
				      0 0 -1,
				      0 0 -1,
				      0 0 -1,
				      0 0 -1,
				      0 0 -1,
				      0 0 -1,
				      0 0 -1,
				      0 0 -1,
				      0 0 -1,
				      0 0 -1,
				      0 0 -1,
				      0 0 -1,
				      0 0 -1,
				      0 0 -1,
				      0 0 -1,
				      0 0 -1,
				      0 0 -1,
				      0 0 -1,
				      0 0 -1,
				      0 0 -1,
				      0 0 -1,
				      0 0 -1,
				      0 0 -1,
				      0 0 -1,
				      0 0 -1,
				      0 0 -1,
				      0 0 -1,
				      0 0 -1,
				      0 0 -1,
				      0 0 -1,
				      0 0 -1,
				      0 0 -1,
				      0 0 -1,
				      0 0 -1,
				      0 0 -1,
				      0 0 -1,
				      0 0 -1,
				      0 0 -1,
				      0 0 -1,
				      0 0 -1,
				      0 0 -1,
				      0 0 -1,
				      0 0 -1,
				      0 0 -1,
				      0 0 -1,
				      0 0 -1,
				      0 0 -1,
				      0 0 -1,
				      0 0 -1,
				      0 0 -1,
				      0 0 -1,
				      0 0 -1,
				      0 0 -1,
				      0 0 -1,
				      0 0 -1,
				      0 0 -1,
				      0 0 -1 ]
		}
		IndexedFaceSet {
		    coordIndex	[ 1340, 1341, 1342, -1, 1340, 1342, 1343, -1,
				      1341, 1344, 1345, -1, 1341, 1345, 1342, -1,
				      1344, 1346, 1347, -1, 1344, 1347, 1345, -1,
				      1346, 1348, 1349, -1, 1346, 1349, 1347, -1,
				      1348, 1350, 1351, -1, 1348, 1351, 1349, -1,
				      1350, 1352, 1353, -1, 1350, 1353, 1351, -1,
				      1352, 1354, 1355, -1, 1352, 1355, 1353, -1,
				      1354, 1356, 1357, -1, 1354, 1357, 1355, -1,
				      1356, 1358, 1359, -1, 1356, 1359, 1357, -1,
				      1358, 1360, 1361, -1, 1358, 1361, 1359, -1,
				      1360, 1362, 1363, -1, 1360, 1363, 1361, -1,
				      1362, 1364, 1365, -1, 1362, 1365, 1363, -1,
				      1364, 1366, 1367, -1, 1364, 1367, 1365, -1,
				      1366, 1368, 1369, -1, 1366, 1369, 1367, -1,
				      1368, 1370, 1371, -1, 1368, 1371, 1369, -1,
				      1370, 1372, 1373, -1, 1370, 1373, 1371, -1,
				      1372, 1374, 1375, -1, 1372, 1375, 1373, -1,
				      1374, 1376, 1377, -1, 1374, 1377, 1375, -1,
				      1376, 1378, 1379, -1, 1376, 1379, 1377, -1,
				      1378, 1380, 1381, -1, 1378, 1381, 1379, -1,
				      1380, 1382, 1383, -1, 1380, 1383, 1381, -1,
				      1382, 1384, 1385, -1, 1382, 1385, 1383, -1,
				      1384, 1386, 1387, -1, 1384, 1387, 1388, -1,
				      1386, 1389, 1390, -1, 1386, 1390, 1387, -1,
				      1389, 1391, 1392, -1, 1389, 1392, 1390, -1,
				      1391, 1393, 1394, -1, 1391, 1394, 1392, -1,
				      1393, 1395, 1396, -1, 1393, 1396, 1394, -1,
				      1388, 1397, 1398, -1, 1388, 1398, 1385, -1,
				      1388, 1397, 1399, -1, 1388, 1399, 1398, -1 ]
		    normalIndex	[ 0, 1, 2, -1, 3, 4, 5, -1,
				      6, 7, 8, -1, 9, 10, 11, -1,
				      12, 13, 14, -1, 15, 16, 17, -1,
				      18, 19, 20, -1, 21, 22, 23, -1,
				      24, 25, 26, -1, 27, 28, 29, -1,
				      30, 31, 32, -1, 33, 34, 35, -1,
				      36, 37, 38, -1, 39, 40, 41, -1,
				      42, 43, 44, -1, 45, 46, 47, -1,
				      48, 49, 50, -1, 51, 52, 53, -1,
				      54, 55, 56, -1, 57, 58, 59, -1,
				      60, 61, 62, -1, 63, 64, 65, -1,
				      66, 67, 68, -1, 69, 70, 71, -1,
				      72, 73, 74, -1, 75, 76, 77, -1,
				      78, 79, 80, -1, 81, 82, 83, -1,
				      84, 85, 86, -1, 87, 88, 89, -1,
				      90, 91, 92, -1, 93, 94, 95, -1,
				      96, 97, 98, -1, 99, 100, 101, -1,
				      102, 103, 104, -1, 105, 106, 107, -1,
				      108, 109, 110, -1, 111, 112, 113, -1,
				      114, 115, 116, -1, 117, 118, 119, -1,
				      120, 121, 122, -1, 123, 124, 125, -1,
				      126, 127, 128, -1, 129, 130, 131, -1,
				      132, 133, 134, -1, 135, 136, 137, -1,
				      138, 139, 140, -1, 141, 142, 143, -1,
				      144, 145, 146, -1, 147, 148, 149, -1,
				      150, 151, 152, -1, 153, 154, 155, -1,
				      156, 157, 158, -1, 159, 160, 161, -1,
				      162, 163, 164, -1, 165, 166, 167, -1,
				      168, 169, 170, -1, 171, 172, 173, -1 ]
		}
	    }
	}
	Separator {
	    Material {
		diffuseColor	0.3 0.55 0.91
	    }
	    Separator {
		Normal {
		    vector	[ 0 0 1,
				      0 0 1,
				      0 0 1,
				      0 0 1,
				      0 0 1,
				      0 0 1,
				      0 0 1,
				      0 0 1,
				      0 0 1,
				      0 0 1,
				      0 0 1,
				      0 0 1,
				      0 0 1,
				      0 0 1,
				      0 0 1,
				      0 0 1,
				      0 0 1,
				      0 0 1,
				      0 0 1,
				      0 0 1,
				      0 0 1,
				      0 0 1,
				      0 0 1,
				      0 0 1,
				      0 0 1,
				      0 0 1,
				      0 0 1,
				      0 0 1,
				      0 0 1,
				      0 0 1,
				      0 0 1,
				      0 0 1,
				      0 0 1,
				      0 0 1,
				      0 0 1,
				      0 0 1,
				      0 0 1,
				      0 0 1,
				      0 0 1,
				      0 0 1,
				      0 0 1,
				      0 0 1,
				      0 0 1,
				      0 0 1,
				      0 0 1,
				      0 0 1,
				      0 0 1,
				      0 0 1,
				      0 0 1,
				      0 0 1,
				      0 0 1,
				      0 0 1,
				      0 0 1,
				      0 0 1,
				      0 0 1,
				      0 0 1,
				      0 0 1,
				      0 0 1,
				      0 0 1,
				      0 0 1,
				      0 0 1,
				      0 0 1,
				      0 0 1,
				      0 0 1,
				      0 0 1,
				      0 0 1,
				      0 0 1,
				      0 0 1,
				      0 0 1,
				      0 0 1,
				      0 0 1,
				      0 0 1,
				      0 0 1,
				      0 0 1,
				      0 0 1,
				      0 0 1,
				      0 0 1,
				      0 0 1,
				      0 0 1,
				      0 0 1,
				      0 0 1,
				      0 0 1,
				      0 0 1,
				      0 0 1,
				      0 0 1,
				      0 0 1,
				      0 0 1,
				      0 0 1,
				      0 0 1,
				      0 0 1,
				      0 0 1,
				      0 0 1,
				      0 0 1,
				      0 0 1,
				      0 0 1,
				      0 0 1,
				      0 0 1,
				      0 0 1,
				      0 0 1,
				      0 0 1,
				      0 0 1,
				      0 0 1,
				      0 0 1,
				      0 0 1,
				      0 0 1,
				      0 0 1,
				      0 0 1,
				      0 0 1,
				      0 0 1,
				      0 0 1,
				      0 0 1,
				      0 0 1,
				      0 0 1,
				      0 0 1,
				      0 0 1,
				      0 0 1,
				      0 0 1,
				      0 0 1,
				      0 0 1,
				      0 0 1,
				      0 0 1,
				      0 0 1,
				      0 0 1,
				      0 0 1,
				      0 0 1,
				      0 0 1,
				      0 0 1,
				      0 0 1,
				      0 0 1,
				      0 0 1,
				      0 0 1,
				      0 0 1,
				      0 0 1,
				      0 0 1,
				      0 0 1,
				      0 0 1,
				      0 0 1,
				      0 0 1,
				      0 0 1,
				      0 0 1,
				      0 0 1,
				      0 0 1,
				      0 0 1,
				      0 0 1,
				      0 0 1,
				      0 0 1,
				      0 0 1,
				      0 0 1,
				      0 0 1,
				      0 0 1,
				      0 0 1,
				      0 0 1,
				      0 0 1,
				      0 0 1,
				      0 0 1,
				      0 0 1,
				      0 0 1,
				      0 0 1,
				      0 0 1,
				      0 0 1,
				      0 0 1,
				      0 0 1,
				      0 0 1,
				      0 0 1,
				      0 0 1,
				      0 0 1,
				      0 0 1,
				      0 0 1,
				      0 0 1,
				      0 0 1,
				      0 0 1,
				      0 0 1,
				      0 0 1,
				      0 0 1 ]
		}
		IndexedFaceSet {
		    coordIndex	[ 1400, 1401, 1402, -1, 1400, 1402, 1403, -1,
				      1401, 1404, 1405, -1, 1401, 1405, 1402, -1,
				      1404, 1406, 1407, -1, 1404, 1407, 1405, -1,
				      1406, 1408, 1409, -1, 1406, 1409, 1407, -1,
				      1408, 1410, 1411, -1, 1408, 1411, 1409, -1,
				      1410, 1412, 1413, -1, 1410, 1413, 1411, -1,
				      1412, 1414, 1415, -1, 1412, 1415, 1413, -1,
				      1414, 1416, 1417, -1, 1414, 1417, 1415, -1,
				      1416, 1418, 1419, -1, 1416, 1419, 1417, -1,
				      1418, 1420, 1421, -1, 1418, 1421, 1419, -1,
				      1420, 1422, 1423, -1, 1420, 1423, 1421, -1,
				      1422, 1424, 1425, -1, 1422, 1425, 1423, -1,
				      1424, 1426, 1427, -1, 1424, 1427, 1425, -1,
				      1426, 1428, 1429, -1, 1426, 1429, 1427, -1,
				      1428, 1430, 1431, -1, 1428, 1431, 1429, -1,
				      1430, 1432, 1433, -1, 1430, 1433, 1431, -1,
				      1432, 1434, 1435, -1, 1432, 1435, 1433, -1,
				      1434, 1436, 1437, -1, 1434, 1437, 1435, -1,
				      1436, 1438, 1439, -1, 1436, 1439, 1437, -1,
				      1438, 1440, 1441, -1, 1438, 1441, 1439, -1,
				      1440, 1442, 1443, -1, 1440, 1443, 1441, -1,
				      1442, 1444, 1445, -1, 1442, 1445, 1443, -1,
				      1446, 1447, 1448, -1, 1446, 1448, 1445, -1,
				      1447, 1449, 1450, -1, 1447, 1450, 1448, -1,
				      1449, 1451, 1452, -1, 1449, 1452, 1450, -1,
				      1451, 1453, 1454, -1, 1451, 1454, 1452, -1,
				      1453, 1455, 1456, -1, 1453, 1456, 1454, -1,
				      1444, 1457, 1458, -1, 1444, 1458, 1446, -1,
				      1444, 1457, 1459, -1, 1444, 1459, 1458, -1 ]
		    normalIndex	[ 0, 1, 2, -1, 3, 4, 5, -1,
				      6, 7, 8, -1, 9, 10, 11, -1,
				      12, 13, 14, -1, 15, 16, 17, -1,
				      18, 19, 20, -1, 21, 22, 23, -1,
				      24, 25, 26, -1, 27, 28, 29, -1,
				      30, 31, 32, -1, 33, 34, 35, -1,
				      36, 37, 38, -1, 39, 40, 41, -1,
				      42, 43, 44, -1, 45, 46, 47, -1,
				      48, 49, 50, -1, 51, 52, 53, -1,
				      54, 55, 56, -1, 57, 58, 59, -1,
				      60, 61, 62, -1, 63, 64, 65, -1,
				      66, 67, 68, -1, 69, 70, 71, -1,
				      72, 73, 74, -1, 75, 76, 77, -1,
				      78, 79, 80, -1, 81, 82, 83, -1,
				      84, 85, 86, -1, 87, 88, 89, -1,
				      90, 91, 92, -1, 93, 94, 95, -1,
				      96, 97, 98, -1, 99, 100, 101, -1,
				      102, 103, 104, -1, 105, 106, 107, -1,
				      108, 109, 110, -1, 111, 112, 113, -1,
				      114, 115, 116, -1, 117, 118, 119, -1,
				      120, 121, 122, -1, 123, 124, 125, -1,
				      126, 127, 128, -1, 129, 130, 131, -1,
				      132, 133, 134, -1, 135, 136, 137, -1,
				      138, 139, 140, -1, 141, 142, 143, -1,
				      144, 145, 146, -1, 147, 148, 149, -1,
				      150, 151, 152, -1, 153, 154, 155, -1,
				      156, 157, 158, -1, 159, 160, 161, -1,
				      162, 163, 164, -1, 165, 166, 167, -1,
				      168, 169, 170, -1, 171, 172, 173, -1 ]
		}
	    }
	}
	Separator {
	    Separator {
		Normal {
		    vector	[ -0.879162 0.369887 0.300428,
				      -0.822371 0.507653 0.256894,
				      -0.822371 0.507653 0.256894,
				      -0.879162 0.369887 0.300428,
				      -0.822371 0.507653 0.256894,
				      -0.879263 0.369578 0.300515,
				      -0.822371 0.507653 0.256894,
				      -0.777221 0.619403 0.110757,
				      -0.777221 0.619403 0.110757,
				      -0.822371 0.507653 0.256894,
				      -0.777221 0.619403 0.110757,
				      -0.822371 0.507653 0.256894,
				      -0.777221 0.619403 0.110757,
				      -0.770705 0.635531 0.045982,
				      -0.770705 0.635531 0.045982,
				      -0.777221 0.619403 0.110757,
				      -0.770705 0.635531 0.045982,
				      -0.777221 0.619403 0.110757,
				      -0.770705 0.635531 0.045982,
				      -0.770705 0.635531 -0.045983,
				      -0.770705 0.635531 -0.045983,
				      -0.770705 0.635531 0.045982,
				      -0.770705 0.635531 -0.045983,
				      -0.770705 0.635531 0.045982,
				      -0.770705 0.635531 -0.045983,
				      -0.777221 0.619404 -0.110757,
				      -0.777221 0.619404 -0.110757,
				      -0.770705 0.635531 -0.045983,
				      -0.777221 0.619404 -0.110757,
				      -0.770705 0.635531 -0.045983,
				      -0.777221 0.619404 -0.110757,
				      -0.822371 0.507653 -0.256894,
				      -0.822371 0.507653 -0.256894,
				      -0.777221 0.619404 -0.110757,
				      -0.822371 0.507653 -0.256894,
				      -0.777221 0.619404 -0.110757,
				      -0.822371 0.507653 -0.256894,
				      -0.879162 0.369887 -0.300428,
				      -0.879263 0.369578 -0.300515,
				      -0.822371 0.507653 -0.256894,
				      -0.879263 0.369578 -0.300515,
				      -0.822371 0.507653 -0.256894 ]
		}
		IndexedFaceSet {
		    coordIndex	[ 1460, 1461, 1462, -1, 1460, 1462, 1463, -1,
				      1461, 1480, 1481, -1, 1461, 1481, 1462, -1,
				      1480, 1490, 1491, -1, 1480, 1491, 1481, -1,
				      1490, 1500, 1501, -1, 1490, 1501, 1491, -1,
				      1500, 1510, 1511, -1, 1500, 1511, 1501, -1,
				      1510, 1520, 1521, -1, 1510, 1521, 1511, -1,
				      1520, 1530, 1531, -1, 1520, 1531, 1521, -1 ]
		    normalIndex	[ 0, 1, 2, -1, 3, 4, 5, -1,
				      6, 7, 8, -1, 9, 10, 11, -1,
				      12, 13, 14, -1, 15, 16, 17, -1,
				      18, 19, 20, -1, 21, 22, 23, -1,
				      24, 25, 26, -1, 27, 28, 29, -1,
				      30, 31, 32, -1, 33, 34, 35, -1,
				      36, 37, 38, -1, 39, 40, 41, -1 ]
		}
	    }
	}
	Separator {
	    Separator {
		Normal {
		    vector	[ -0.237724 0.143692 0.960646,
				      -0.058561 0.578923 0.813277,
				      -0.058561 0.578923 0.813277,
				      -0.237724 0.143692 0.960646,
				      -0.058561 0.578923 0.813277,
				      -0.237927 0.14308 0.960687,
				      -0.058561 0.578923 0.813277,
				      0.084375 0.932703 0.350637,
				      0.084375 0.932703 0.350637,
				      -0.058561 0.578923 0.813277,
				      0.084375 0.932703 0.350637,
				      -0.058561 0.578923 0.813277,
				      0.084375 0.932703 0.350637,
				      0.105004 0.98376 0.145571,
				      0.105004 0.98376 0.145571,
				      0.084375 0.932703 0.350637,
				      0.105004 0.98376 0.145571,
				      0.084375 0.932703 0.350637,
				      0.105004 0.98376 0.145571,
				      0.105004 0.983759 -0.145574,
				      0.105003 0.983759 -0.145574,
				      0.105004 0.98376 0.145571,
				      0.105003 0.983759 -0.145574,
				      0.105004 0.98376 0.145571,
				      0.105004 0.983759 -0.145574,
				      0.084376 0.932703 -0.350635,
				      0.084376 0.932703 -0.350635,
				      0.105004 0.983759 -0.145574,
				      0.084376 0.932703 -0.350635,
				      0.105003 0.983759 -0.145574,
				      0.084376 0.932703 -0.350635,
				      -0.058561 0.578923 -0.813277,
				      -0.058561 0.578923 -0.813277,
				      0.084376 0.932703 -0.350635,
				      -0.058561 0.578923 -0.813277,
				      0.084376 0.932703 -0.350635,
				      -0.058561 0.578923 -0.813277,
				      -0.237724 0.143692 -0.960646,
				      -0.237927 0.14308 -0.960687,
				      -0.058561 0.578923 -0.813277,
				      -0.237927 0.14308 -0.960687,
				      -0.058561 0.578923 -0.813277 ]
		}
		IndexedFaceSet {
		    coordIndex	[ 1464, 1465, 1466, -1, 1464, 1466, 1467, -1,
				      1465, 1482, 1483, -1, 1465, 1483, 1466, -1,
				      1482, 1492, 1493, -1, 1482, 1493, 1483, -1,
				      1492, 1502, 1503, -1, 1492, 1503, 1493, -1,
				      1502, 1512, 1513, -1, 1502, 1513, 1503, -1,
				      1512, 1522, 1523, -1, 1512, 1523, 1513, -1,
				      1522, 1532, 1533, -1, 1522, 1533, 1523, -1 ]
		    normalIndex	[ 0, 1, 2, -1, 3, 4, 5, -1,
				      6, 7, 8, -1, 9, 10, 11, -1,
				      12, 13, 14, -1, 15, 16, 17, -1,
				      18, 19, 20, -1, 21, 22, 23, -1,
				      24, 25, 26, -1, 27, 28, 29, -1,
				      30, 31, 32, -1, 33, 34, 35, -1,
				      36, 37, 38, -1, 39, 40, 41, -1 ]
		}
	    }
	}
	Separator {
	    Separator {
		Normal {
		    vector	[ 0.017208 0.042592 0.998944,
				      0.200366 0.495924 0.844934,
				      0.200366 0.495924 0.844934,
				      0.017208 0.042592 0.998944,
				      0.200366 0.495924 0.844934,
				      0.017208 0.042592 0.998944,
				      0.200366 0.495924 0.844934,
				      0.348866 0.863474 0.364286,
				      0.348866 0.863474 0.364286,
				      0.200366 0.495924 0.844934,
				      0.348866 0.863474 0.364286,
				      0.200366 0.495924 0.844934,
				      0.348866 0.863474 0.364286,
				      0.370298 0.916519 0.151238,
				      0.370298 0.916519 0.151238,
				      0.348866 0.863474 0.364286,
				      0.370298 0.916519 0.151238,
				      0.348866 0.863474 0.364286,
				      0.370298 0.916519 0.151238,
				      0.370298 0.916519 -0.15124,
				      0.370298 0.916519 -0.15124,
				      0.370298 0.916519 0.151238,
				      0.370298 0.916519 -0.15124,
				      0.370298 0.916519 0.151238,
				      0.370298 0.916519 -0.15124,
				      0.348867 0.863475 -0.364284,
				      0.348867 0.863475 -0.364284,
				      0.370298 0.916519 -0.15124,
				      0.348867 0.863475 -0.364284,
				      0.370298 0.916519 -0.15124,
				      0.348867 0.863475 -0.364284,
				      0.200366 0.495924 -0.844934,
				      0.200366 0.495924 -0.844934,
				      0.348867 0.863475 -0.364284,
				      0.200366 0.495924 -0.844934,
				      0.348867 0.863475 -0.364284,
				      0.200366 0.495924 -0.844934,
				      0.017208 0.042592 -0.998944,
				      0.017208 0.042592 -0.998944,
				      0.200366 0.495924 -0.844934,
				      0.017208 0.042592 -0.998944,
				      0.200366 0.495924 -0.844934 ]
		}
		IndexedFaceSet {
		    coordIndex	[ 1468, 1469, 1470, -1, 1468, 1470, 1471, -1,
				      1469, 1484, 1485, -1, 1469, 1485, 1470, -1,
				      1484, 1494, 1495, -1, 1484, 1495, 1485, -1,
				      1494, 1504, 1505, -1, 1494, 1505, 1495, -1,
				      1504, 1514, 1515, -1, 1504, 1515, 1505, -1,
				      1514, 1524, 1525, -1, 1514, 1525, 1515, -1,
				      1524, 1534, 1535, -1, 1524, 1535, 1525, -1 ]
		    normalIndex	[ 0, 1, 2, -1, 3, 4, 5, -1,
				      6, 7, 8, -1, 9, 10, 11, -1,
				      12, 13, 14, -1, 15, 16, 17, -1,
				      18, 19, 20, -1, 21, 22, 23, -1,
				      24, 25, 26, -1, 27, 28, 29, -1,
				      30, 31, 32, -1, 33, 34, 35, -1,
				      36, 37, 38, -1, 39, 40, 41, -1 ]
		}
	    }
	}
	Separator {
	    Separator {
		Normal {
		    vector	[ 0.270542 -0.062355 0.960687,
				      0.444279 0.375762 0.813277,
				      0.444279 0.375762 0.813277,
				      0.270542 -0.062355 0.960687,
				      0.444279 0.375762 0.813277,
				      0.270821 -0.061774 0.960646,
				      0.444279 0.375762 0.813277,
				      0.587215 0.729542 0.350637,
				      0.587215 0.729542 0.350637,
				      0.444279 0.375762 0.813277,
				      0.587215 0.729542 0.350637,
				      0.444279 0.375762 0.813277,
				      0.587215 0.729542 0.350637,
				      0.607844 0.780599 0.145571,
				      0.607844 0.780599 0.145571,
				      0.587215 0.729542 0.350637,
				      0.607844 0.780599 0.145571,
				      0.587215 0.729542 0.350637,
				      0.607844 0.780599 0.145571,
				      0.607843 0.780599 -0.145574,
				      0.607844 0.780599 -0.145574,
				      0.607844 0.780599 0.145571,
				      0.607844 0.780599 -0.145574,
				      0.607844 0.780599 0.145571,
				      0.607843 0.780599 -0.145574,
				      0.587215 0.729543 -0.350635,
				      0.587216 0.729543 -0.350635,
				      0.607843 0.780599 -0.145574,
				      0.587216 0.729543 -0.350635,
				      0.607844 0.780599 -0.145574,
				      0.587215 0.729543 -0.350635,
				      0.444279 0.375762 -0.813277,
				      0.444279 0.375762 -0.813277,
				      0.587215 0.729543 -0.350635,
				      0.444279 0.375762 -0.813277,
				      0.587216 0.729543 -0.350635,
				      0.444279 0.375762 -0.813277,
				      0.270542 -0.062355 -0.960687,
				      0.270821 -0.061774 -0.960646,
				      0.444279 0.375762 -0.813277,
				      0.270821 -0.061774 -0.960646,
				      0.444279 0.375762 -0.813277 ]
		}
		IndexedFaceSet {
		    coordIndex	[ 1472, 1473, 1474, -1, 1472, 1474, 1475, -1,
				      1473, 1486, 1487, -1, 1473, 1487, 1474, -1,
				      1486, 1496, 1497, -1, 1486, 1497, 1487, -1,
				      1496, 1506, 1507, -1, 1496, 1507, 1497, -1,
				      1506, 1516, 1517, -1, 1506, 1517, 1507, -1,
				      1516, 1526, 1527, -1, 1516, 1527, 1517, -1,
				      1526, 1536, 1537, -1, 1526, 1537, 1527, -1 ]
		    normalIndex	[ 0, 1, 2, -1, 3, 4, 5, -1,
				      6, 7, 8, -1, 9, 10, 11, -1,
				      12, 13, 14, -1, 15, 16, 17, -1,
				      18, 19, 20, -1, 21, 22, 23, -1,
				      24, 25, 26, -1, 27, 28, 29, -1,
				      30, 31, 32, -1, 33, 34, 35, -1,
				      36, 37, 38, -1, 39, 40, 41, -1 ]
		}
	    }
	}
	Separator {
	    Separator {
		Normal {
		    vector	[ 0.88922 -0.344935 0.300514,
				      0.94421 -0.206092 0.256893,
				      0.94421 -0.206092 0.256893,
				      0.88922 -0.344935 0.300514,
				      0.94421 -0.206092 0.256893,
				      0.889362 -0.344643 0.300427,
				      0.94421 -0.206092 0.256893,
				      0.98936 -0.094342 0.110757,
				      0.98936 -0.094342 0.110757,
				      0.94421 -0.206092 0.256893,
				      0.98936 -0.094342 0.110757,
				      0.94421 -0.206092 0.256893,
				      0.98936 -0.094342 0.110757,
				      0.995876 -0.078215 0.045982,
				      0.995876 -0.078214 0.045982,
				      0.98936 -0.094342 0.110757,
				      0.995876 -0.078214 0.045982,
				      0.98936 -0.094342 0.110757,
				      0.995876 -0.078215 0.045982,
				      0.995876 -0.078215 -0.045983,
				      0.995876 -0.078215 -0.045983,
				      0.995876 -0.078215 0.045982,
				      0.995876 -0.078215 -0.045983,
				      0.995876 -0.078214 0.045982,
				      0.995876 -0.078215 -0.045983,
				      0.98936 -0.094342 -0.110757,
				      0.98936 -0.094342 -0.110757,
				      0.995876 -0.078215 -0.045983,
				      0.98936 -0.094342 -0.110757,
				      0.995876 -0.078215 -0.045983,
				      0.98936 -0.094342 -0.110757,
				      0.94421 -0.206092 -0.256893,
				      0.94421 -0.206092 -0.256893,
				      0.98936 -0.094342 -0.110757,
				      0.94421 -0.206092 -0.256893,
				      0.98936 -0.094342 -0.110757,
				      0.94421 -0.206092 -0.256893,
				      0.88922 -0.344935 -0.300514,
				      0.889362 -0.344643 -0.300427,
				      0.94421 -0.206092 -0.256893,
				      0.889362 -0.344643 -0.300427,
				      0.94421 -0.206092 -0.256893 ]
		}
		IndexedFaceSet {
		    coordIndex	[ 1476, 1477, 1478, -1, 1476, 1478, 1479, -1,
				      1477, 1488, 1489, -1, 1477, 1489, 1478, -1,
				      1488, 1498, 1499, -1, 1488, 1499, 1489, -1,
				      1498, 1508, 1509, -1, 1498, 1509, 1499, -1,
				      1508, 1518, 1519, -1, 1508, 1519, 1509, -1,
				      1518, 1528, 1529, -1, 1518, 1529, 1519, -1,
				      1528, 1538, 1539, -1, 1528, 1539, 1529, -1 ]
		    normalIndex	[ 0, 1, 2, -1, 3, 4, 5, -1,
				      6, 7, 8, -1, 9, 10, 11, -1,
				      12, 13, 14, -1, 15, 16, 17, -1,
				      18, 19, 20, -1, 21, 22, 23, -1,
				      24, 25, 26, -1, 27, 28, 29, -1,
				      30, 31, 32, -1, 33, 34, 35, -1,
				      36, 37, 38, -1, 39, 40, 41, -1 ]
		}
	    }
	}
	Separator {
	    Material {
		diffuseColor	0.137123 0.8 0.208171
	    }
	    Separator {
		Normal {
		    vector	[ 0.927184 -0.374607 0,
				      0.927184 -0.374607 0,
				      0.927184 -0.374607 0,
				      0.927184 -0.374607 0,
				      0.927184 -0.374607 0,
				      0.927184 -0.374607 0,
				      0.927184 -0.374607 0,
				      0.927184 -0.374607 0,
				      0.927184 -0.374607 0,
				      0.927184 -0.374607 0,
				      0.927184 -0.374607 0,
				      0.927184 -0.374607 0,
				      0.927184 -0.374607 0,
				      0.927184 -0.374607 0,
				      0.927184 -0.374607 0,
				      0.927184 -0.374607 0,
				      0.927184 -0.374607 0,
				      0.927184 -0.374607 0 ]
		}
		IndexedFaceSet {
		    coordIndex	[ 1540, 1541, 1542, -1, 1540, 1542, 1543, -1,
				      1541, 1544, 1545, -1, 1541, 1545, 1542, -1,
				      1544, 1546, 1547, -1, 1544, 1547, 1545, -1 ]
		    normalIndex	[ 0, 1, 2, -1, 3, 4, 5, -1,
				      6, 7, 8, -1, 9, 10, 11, -1,
				      12, 13, 14, -1, 15, 16, 17, -1 ]
		}
	    }
	}
	Separator {
	    Material {
		diffuseColor	0.22 0.8 0.24
	    }
	    Separator {
		Normal {
		    vector	[ -0.927184 0.374607 0,
				      -0.927184 0.374607 0,
				      -0.927184 0.374607 0,
				      -0.927184 0.374607 0,
				      -0.927184 0.374607 0,
				      -0.927184 0.374607 0,
				      -0.927184 0.374607 0,
				      -0.927184 0.374607 0,
				      -0.927184 0.374607 0,
				      -0.927184 0.374607 0,
				      -0.927184 0.374607 0,
				      -0.927184 0.374607 0,
				      -0.927184 0.374607 0,
				      -0.927184 0.374607 0,
				      -0.927184 0.374607 0,
				      -0.927184 0.374607 0,
				      -0.927184 0.374607 0,
				      -0.927184 0.374607 0 ]
		}
		IndexedFaceSet {
		    coordIndex	[ 1548, 1549, 1550, -1, 1548, 1550, 1551, -1,
				      1549, 1552, 1553, -1, 1549, 1553, 1550, -1,
				      1552, 1554, 1555, -1, 1552, 1555, 1553, -1 ]
		    normalIndex	[ 0, 1, 2, -1, 3, 4, 5, -1,
				      6, 7, 8, -1, 9, 10, 11, -1,
				      12, 13, 14, -1, 15, 16, 17, -1 ]
		}
	    }
	}
	Separator {
	    Separator {
		Normal {
		    vector	[ -0.880952 0.363219 0.303308,
				      -0.856733 0.422604 0.295659,
				      -0.856733 0.422604 0.295659,
				      -0.880952 0.363219 0.303308,
				      -0.856733 0.422604 0.295659,
				      -0.881009 0.363065 0.303326,
				      -0.856733 0.422604 0.295659,
				      -0.829285 0.490539 0.267688,
				      -0.829285 0.490539 0.267688,
				      -0.856733 0.422604 0.295659,
				      -0.829285 0.490539 0.267688,
				      -0.856733 0.422604 0.295659,
				      -0.829285 0.490539 0.267688,
				      -0.821116 0.510759 0.254743,
				      -0.821116 0.510759 0.254743,
				      -0.829285 0.490539 0.267688,
				      -0.821116 0.510759 0.254743,
				      -0.829285 0.490539 0.267688,
				      -0.821116 0.510759 0.254743,
				      -0.807658 0.54407 0.227327,
				      -0.807658 0.54407 0.227327,
				      -0.821116 0.510759 0.254743,
				      -0.807658 0.54407 0.227327,
				      -0.821116 0.510759 0.254743,
				      -0.807658 0.54407 0.227327,
				      -0.795794 0.573432 0.194646,
				      -0.795794 0.573432 0.194646,
				      -0.807658 0.54407 0.227327,
				      -0.795794 0.573432 0.194646,
				      -0.807658 0.54407 0.227327,
				      -0.795794 0.573432 0.194646,
				      -0.781672 0.608386 -0.137313,
				      -0.781672 0.608386 -0.137313,
				      -0.795794 0.573432 0.194646,
				      -0.781672 0.608386 -0.137313,
				      -0.795794 0.573432 0.194646,
				      -0.781672 0.608386 -0.137313,
				      -0.878161 0.379587 -0.291113,
				      -0.878274 0.379119 -0.291383,
				      -0.781672 0.608386 -0.137313,
				      -0.878274 0.379119 -0.291383,
				      -0.781672 0.608386 -0.137313 ]
		}
		IndexedFaceSet {
		    coordIndex	[ 1556, 1557, 1558, -1, 1556, 1558, 1559, -1,
				      1557, 1576, 1577, -1, 1557, 1577, 1558, -1,
				      1576, 1586, 1587, -1, 1576, 1587, 1577, -1,
				      1586, 1596, 1597, -1, 1586, 1597, 1587, -1,
				      1596, 1606, 1607, -1, 1596, 1607, 1597, -1,
				      1606, 1616, 1617, -1, 1606, 1617, 1607, -1,
				      1616, 1626, 1627, -1, 1616, 1627, 1617, -1 ]
		    normalIndex	[ 0, 1, 2, -1, 3, 4, 5, -1,
				      6, 7, 8, -1, 9, 10, 11, -1,
				      12, 13, 14, -1, 15, 16, 17, -1,
				      18, 19, 20, -1, 21, 22, 23, -1,
				      24, 25, 26, -1, 27, 28, 29, -1,
				      30, 31, 32, -1, 33, 34, 35, -1,
				      36, 37, 38, -1, 39, 40, 41, -1 ]
		}
	    }
	}
	Separator {
	    Separator {
		Normal {
		    vector	[ -0.24383 0.121988 0.962115,
				      -0.167345 0.309674 0.936001,
				      -0.167345 0.309674 0.936001,
				      -0.24383 0.121988 0.962115,
				      -0.167345 0.309674 0.936001,
				      -0.243943 0.121688 0.962125,
				      -0.167345 0.309674 0.936001,
				      -0.080451 0.524744 0.84745,
				      -0.080451 0.524744 0.84745,
				      -0.167345 0.309674 0.936001,
				      -0.080451 0.524744 0.84745,
				      -0.167345 0.309674 0.936001,
				      -0.080451 0.524744 0.84745,
				      -0.054589 0.588754 0.806467,
				      -0.054589 0.588754 0.806467,
				      -0.080451 0.524744 0.84745,
				      -0.054589 0.588754 0.806467,
				      -0.080451 0.524744 0.84745,
				      -0.054589 0.588754 0.806467,
				      -0.011982 0.694211 0.719672,
				      -0.011982 0.694211 0.719672,
				      -0.054589 0.588754 0.806467,
				      -0.011982 0.694211 0.719672,
				      -0.054589 0.588754 0.806467,
				      -0.011982 0.694211 0.719672,
				      0.025575 0.787166 0.616211,
				      0.025575 0.787166 0.616211,
				      -0.011982 0.694211 0.719672,
				      0.025575 0.787166 0.616211,
				      -0.011982 0.694211 0.719672,
				      0.025575 0.787166 0.616211,
				      0.070284 0.897825 -0.434707,
				      0.070284 0.897825 -0.434707,
				      0.025575 0.787166 0.616211,
				      0.070284 0.897825 -0.434707,
				      0.025575 0.787166 0.616211,
				      0.070284 0.897825 -0.434707,
				      -0.233386 0.176792 -0.956178,
				      -0.23363 0.175818 -0.956297,
				      0.070284 0.897825 -0.434707,
				      -0.23363 0.175818 -0.956297,
				      0.070284 0.897825 -0.434707 ]
		}
		IndexedFaceSet {
		    coordIndex	[ 1560, 1561, 1562, -1, 1560, 1562, 1563, -1,
				      1561, 1578, 1579, -1, 1561, 1579, 1562, -1,
				      1578, 1588, 1589, -1, 1578, 1589, 1579, -1,
				      1588, 1598, 1599, -1, 1588, 1599, 1589, -1,
				      1598, 1608, 1609, -1, 1598, 1609, 1599, -1,
				      1608, 1618, 1619, -1, 1608, 1619, 1609, -1,
				      1618, 1628, 1629, -1, 1618, 1629, 1619, -1 ]
		    normalIndex	[ 0, 1, 2, -1, 3, 4, 5, -1,
				      6, 7, 8, -1, 9, 10, 11, -1,
				      12, 13, 14, -1, 15, 16, 17, -1,
				      18, 19, 20, -1, 21, 22, 23, -1,
				      24, 25, 26, -1, 27, 28, 29, -1,
				      30, 31, 32, -1, 33, 34, 35, -1,
				      36, 37, 38, -1, 39, 40, 41, -1 ]
		}
	    }
	}
	Separator {
	    Separator {
		Normal {
		    vector	[ 0.008472 0.02097 0.999744,
				      0.087348 0.216194 0.972435,
				      0.087348 0.216194 0.972435,
				      0.008472 0.02097 0.999744,
				      0.087348 0.216194 0.972435,
				      0.008472 0.02097 0.999744,
				      0.087348 0.216194 0.972435,
				      0.177624 0.439636 0.880437,
				      0.177624 0.439636 0.880437,
				      0.087348 0.216194 0.972435,
				      0.177624 0.439636 0.880437,
				      0.087348 0.216194 0.972435,
				      0.177624 0.439636 0.880437,
				      0.204493 0.506137 0.837859,
				      0.204493 0.506137 0.837859,
				      0.177624 0.439636 0.880437,
				      0.204493 0.506137 0.837859,
				      0.177624 0.439636 0.880437,
				      0.204493 0.506137 0.837859,
				      0.248758 0.615699 0.747686,
				      0.248758 0.615699 0.747686,
				      0.204493 0.506137 0.837859,
				      0.248758 0.615699 0.747686,
				      0.204493 0.506137 0.837859,
				      0.248758 0.615699 0.747686,
				      0.287777 0.712273 0.640197,
				      0.287777 0.712273 0.640197,
				      0.248758 0.615699 0.747686,
				      0.287777 0.712273 0.640197,
				      0.248758 0.615699 0.747686,
				      0.287777 0.712273 0.640197,
				      0.334226 0.827239 -0.451629,
				      0.334226 0.827239 -0.451629,
				      0.287777 0.712273 0.640197,
				      0.334226 0.827239 -0.451629,
				      0.287777 0.712273 0.640197,
				      0.334226 0.827239 -0.451629,
				      0.029872 0.073935 -0.996816,
				      0.029872 0.073935 -0.996816,
				      0.334226 0.827239 -0.451629,
				      0.029872 0.073935 -0.996816,
				      0.334226 0.827239 -0.451629 ]
		}
		IndexedFaceSet {
		    coordIndex	[ 1564, 1565, 1566, -1, 1564, 1566, 1567, -1,
				      1565, 1580, 1581, -1, 1565, 1581, 1566, -1,
				      1580, 1590, 1591, -1, 1580, 1591, 1581, -1,
				      1590, 1600, 1601, -1, 1590, 1601, 1591, -1,
				      1600, 1610, 1611, -1, 1600, 1611, 1601, -1,
				      1610, 1620, 1621, -1, 1610, 1621, 1611, -1,
				      1620, 1630, 1631, -1, 1620, 1631, 1621, -1 ]
		    normalIndex	[ 0, 1, 2, -1, 3, 4, 5, -1,
				      6, 7, 8, -1, 9, 10, 11, -1,
				      12, 13, 14, -1, 15, 16, 17, -1,
				      18, 19, 20, -1, 21, 22, 23, -1,
				      24, 25, 26, -1, 27, 28, 29, -1,
				      30, 31, 32, -1, 33, 34, 35, -1,
				      36, 37, 38, -1, 39, 40, 41, -1 ]
		}
	    }
	}
	Separator {
	    Separator {
		Normal {
		    vector	[ 0.260009 -0.081922 0.962125,
				      0.335495 0.106514 0.936001,
				      0.335495 0.106514 0.936001,
				      0.260009 -0.081922 0.962125,
				      0.335495 0.106514 0.936001,
				      0.260136 -0.081627 0.962115,
				      0.335495 0.106514 0.936001,
				      0.422389 0.321584 0.84745,
				      0.422389 0.321584 0.84745,
				      0.335495 0.106514 0.936001,
				      0.422389 0.321584 0.84745,
				      0.335495 0.106514 0.936001,
				      0.422389 0.321584 0.84745,
				      0.448251 0.385594 0.806467,
				      0.448251 0.385594 0.806467,
				      0.422389 0.321584 0.84745,
				      0.448251 0.385594 0.806467,
				      0.422389 0.321584 0.84745,
				      0.448251 0.385594 0.806467,
				      0.490858 0.49105 0.719672,
				      0.490858 0.49105 0.719672,
				      0.448251 0.385594 0.806467,
				      0.490858 0.49105 0.719672,
				      0.448251 0.385594 0.806467,
				      0.490858 0.49105 0.719672,
				      0.528415 0.584006 0.616211,
				      0.528415 0.584006 0.616211,
				      0.490858 0.49105 0.719672,
				      0.528415 0.584006 0.616211,
				      0.490858 0.49105 0.719672,
				      0.528415 0.584006 0.616211,
				      0.573124 0.694665 -0.434707,
				      0.573124 0.694664 -0.434707,
				      0.528415 0.584006 0.616211,
				      0.573124 0.694664 -0.434707,
				      0.528415 0.584006 0.616211,
				      0.573124 0.694665 -0.434707,
				      0.290193 -0.03582 -0.956298,
				      0.290694 -0.03495 -0.956178,
				      0.573124 0.694665 -0.434707,
				      0.290694 -0.03495 -0.956178,
				      0.573124 0.694664 -0.434707 ]
		}
		IndexedFaceSet {
		    coordIndex	[ 1568, 1569, 1570, -1, 1568, 1570, 1571, -1,
				      1569, 1582, 1583, -1, 1569, 1583, 1570, -1,
				      1582, 1592, 1593, -1, 1582, 1593, 1583, -1,
				      1592, 1602, 1603, -1, 1592, 1603, 1593, -1,
				      1602, 1612, 1613, -1, 1602, 1613, 1603, -1,
				      1612, 1622, 1623, -1, 1612, 1623, 1613, -1,
				      1622, 1632, 1633, -1, 1622, 1633, 1623, -1 ]
		    normalIndex	[ 0, 1, 2, -1, 3, 4, 5, -1,
				      6, 7, 8, -1, 9, 10, 11, -1,
				      12, 13, 14, -1, 15, 16, 17, -1,
				      18, 19, 20, -1, 21, 22, 23, -1,
				      24, 25, 26, -1, 27, 28, 29, -1,
				      30, 31, 32, -1, 33, 34, 35, -1,
				      36, 37, 38, -1, 39, 40, 41, -1 ]
		}
	    }
	}
	Separator {
	    Separator {
		Normal {
		    vector	[ 0.885951 -0.350833 0.303325,
				      0.909848 -0.291141 0.295659,
				      0.909848 -0.291141 0.295659,
				      0.885951 -0.350833 0.303325,
				      0.909848 -0.291141 0.295659,
				      0.886017 -0.350683 0.303307,
				      0.909848 -0.291141 0.295659,
				      0.937295 -0.223206 0.267688,
				      0.937295 -0.223206 0.267688,
				      0.909848 -0.291141 0.295659,
				      0.937295 -0.223206 0.267688,
				      0.909848 -0.291141 0.295659,
				      0.937295 -0.223206 0.267688,
				      0.945464 -0.202987 0.254742,
				      0.945464 -0.202987 0.254742,
				      0.937295 -0.223206 0.267688,
				      0.945464 -0.202987 0.254742,
				      0.937295 -0.223206 0.267688,
				      0.945464 -0.202987 0.254742,
				      0.958923 -0.169676 0.227326,
				      0.958923 -0.169676 0.227326,
				      0.945464 -0.202987 0.254742,
				      0.958923 -0.169676 0.227326,
				      0.945464 -0.202987 0.254742,
				      0.958923 -0.169676 0.227326,
				      0.970786 -0.140313 0.194645,
				      0.970786 -0.140313 0.194645,
				      0.958923 -0.169676 0.227326,
				      0.970786 -0.140313 0.194645,
				      0.958923 -0.169676 0.227326,
				      0.970786 -0.140313 0.194645,
				      0.984908 -0.105359 -0.137313,
				      0.984908 -0.105359 -0.137313,
				      0.970786 -0.140313 0.194645,
				      0.984908 -0.105359 -0.137313,
				      0.970786 -0.140313 0.194645,
				      0.984908 -0.105359 -0.137313,
				      0.895135 -0.337385 -0.291382,
				      0.89538 -0.33697 -0.291112,
				      0.984908 -0.105359 -0.137313,
				      0.89538 -0.33697 -0.291112,
				      0.984908 -0.105359 -0.137313 ]
		}
		IndexedFaceSet {
		    coordIndex	[ 1572, 1573, 1574, -1, 1572, 1574, 1575, -1,
				      1573, 1584, 1585, -1, 1573, 1585, 1574, -1,
				      1584, 1594, 1595, -1, 1584, 1595, 1585, -1,
				      1594, 1604, 1605, -1, 1594, 1605, 1595, -1,
				      1604, 1614, 1615, -1, 1604, 1615, 1605, -1,
				      1614, 1624, 1625, -1, 1614, 1625, 1615, -1,
				      1624, 1634, 1635, -1, 1624, 1635, 1625, -1 ]
		    normalIndex	[ 0, 1, 2, -1, 3, 4, 5, -1,
				      6, 7, 8, -1, 9, 10, 11, -1,
				      12, 13, 14, -1, 15, 16, 17, -1,
				      18, 19, 20, -1, 21, 22, 23, -1,
				      24, 25, 26, -1, 27, 28, 29, -1,
				      30, 31, 32, -1, 33, 34, 35, -1,
				      36, 37, 38, -1, 39, 40, 41, -1 ]
		}
	    }
	}
	Separator {
	    Material {
		diffuseColor	0.286347 0.8 0.11617
	    }
	    Separator {
		Normal {
		    vector	[ 0.927184 -0.374607 0,
				      0.927184 -0.374607 0,
				      0.927184 -0.374607 0,
				      0.927184 -0.374607 0,
				      0.927184 -0.374607 0,
				      0.927184 -0.374607 0,
				      0.927184 -0.374607 0,
				      0.927184 -0.374607 0,
				      0.927184 -0.374607 0,
				      0.927184 -0.374607 0,
				      0.927184 -0.374607 0,
				      0.927184 -0.374607 0,
				      0.927184 -0.374607 0,
				      0.927184 -0.374607 0,
				      0.927184 -0.374607 0,
				      0.927184 -0.374607 0,
				      0.927184 -0.374607 0,
				      0.927184 -0.374607 0,
				      0.927184 -0.374607 0,
				      0.927184 -0.374607 0,
				      0.927184 -0.374607 0,
				      0.927184 -0.374607 0,
				      0.927184 -0.374607 0,
				      0.927184 -0.374607 0,
				      0.927184 -0.374607 0,
				      0.927184 -0.374607 0,
				      0.927184 -0.374607 0,
				      0.927184 -0.374607 0,
				      0.927184 -0.374607 0,
				      0.927184 -0.374607 0 ]
		}
		IndexedFaceSet {
		    coordIndex	[ 1636, 1637, 1638, -1, 1636, 1638, 1639, -1,
				      1637, 1640, 1641, -1, 1637, 1641, 1638, -1,
				      1640, 1642, 1643, -1, 1640, 1643, 1641, -1,
				      1642, 1644, 1645, -1, 1642, 1645, 1643, -1,
				      1644, 1646, 1647, -1, 1644, 1647, 1645, -1 ]
		    normalIndex	[ 0, 1, 2, -1, 3, 4, 5, -1,
				      6, 7, 8, -1, 9, 10, 11, -1,
				      12, 13, 14, -1, 15, 16, 17, -1,
				      18, 19, 20, -1, 21, 22, 23, -1,
				      24, 25, 26, -1, 27, 28, 29, -1 ]
		}
	    }
	}
	Separator {
	    Material {
		diffuseColor	0.19 0.9 0.46
	    }
	    Separator {
		Normal {
		    vector	[ -0.927184 0.374607 0,
				      -0.927184 0.374607 0,
				      -0.927184 0.374607 0,
				      -0.927184 0.374607 0,
				      -0.927184 0.374607 0,
				      -0.927184 0.374607 0,
				      -0.927184 0.374607 0,
				      -0.927184 0.374607 0,
				      -0.927184 0.374607 0,
				      -0.927184 0.374607 0,
				      -0.927184 0.374607 0,
				      -0.927184 0.374607 0,
				      -0.927184 0.374607 0,
				      -0.927184 0.374607 0,
				      -0.927184 0.374607 0,
				      -0.927184 0.374607 0,
				      -0.927184 0.374607 0,
				      -0.927184 0.374607 0,
				      -0.927184 0.374607 0,
				      -0.927184 0.374607 0,
				      -0.927184 0.374607 0,
				      -0.927184 0.374607 0,
				      -0.927184 0.374607 0,
				      -0.927184 0.374607 0,
				      -0.927184 0.374607 0,
				      -0.927184 0.374607 0,
				      -0.927184 0.374607 0,
				      -0.927184 0.374607 0,
				      -0.927184 0.374607 0,
				      -0.927184 0.374607 0 ]
		}
		IndexedFaceSet {
		    coordIndex	[ 1648, 1649, 1650, -1, 1648, 1650, 1651, -1,
				      1649, 1652, 1653, -1, 1649, 1653, 1650, -1,
				      1652, 1654, 1655, -1, 1652, 1655, 1653, -1,
				      1654, 1656, 1657, -1, 1654, 1657, 1655, -1,
				      1656, 1658, 1659, -1, 1656, 1659, 1657, -1 ]
		    normalIndex	[ 0, 1, 2, -1, 3, 4, 5, -1,
				      6, 7, 8, -1, 9, 10, 11, -1,
				      12, 13, 14, -1, 15, 16, 17, -1,
				      18, 19, 20, -1, 21, 22, 23, -1,
				      24, 25, 26, -1, 27, 28, 29, -1 ]
		}
	    }
	}
	Separator {
	    Separator {
		Normal {
		    vector	[ -0.881009 0.363065 -0.303326,
				      -0.856733 0.422604 -0.29566,
				      -0.856733 0.422604 -0.295659,
				      -0.881009 0.363065 -0.303326,
				      -0.856733 0.422604 -0.295659,
				      -0.880952 0.363219 -0.303308,
				      -0.856733 0.422604 -0.29566,
				      -0.829285 0.490539 -0.267688,
				      -0.829285 0.490539 -0.267688,
				      -0.856733 0.422604 -0.29566,
				      -0.829285 0.490539 -0.267688,
				      -0.856733 0.422604 -0.295659,
				      -0.829285 0.490539 -0.267688,
				      -0.821116 0.510759 -0.254743,
				      -0.821116 0.510759 -0.254743,
				      -0.829285 0.490539 -0.267688,
				      -0.821116 0.510759 -0.254743,
				      -0.829285 0.490539 -0.267688,
				      -0.821116 0.510759 -0.254743,
				      -0.807658 0.54407 -0.227327,
				      -0.807658 0.54407 -0.227327,
				      -0.821116 0.510759 -0.254743,
				      -0.807658 0.54407 -0.227327,
				      -0.821116 0.510759 -0.254743,
				      -0.807658 0.54407 -0.227327,
				      -0.795794 0.573432 -0.194646,
				      -0.795794 0.573432 -0.194646,
				      -0.807658 0.54407 -0.227327,
				      -0.795794 0.573432 -0.194646,
				      -0.807658 0.54407 -0.227327,
				      -0.795794 0.573432 -0.194646,
				      -0.781672 0.608386 0.137313,
				      -0.781672 0.608386 0.137313,
				      -0.795794 0.573432 -0.194646,
				      -0.781672 0.608386 0.137313,
				      -0.795794 0.573432 -0.194646,
				      -0.781672 0.608386 0.137313,
				      -0.878274 0.379119 0.291383,
				      -0.878161 0.379587 0.291113,
				      -0.781672 0.608386 0.137313,
				      -0.878161 0.379587 0.291113,
				      -0.781672 0.608386 0.137313 ]
		}
		IndexedFaceSet {
		    coordIndex	[ 1660, 1661, 1662, -1, 1660, 1662, 1663, -1,
				      1661, 1680, 1681, -1, 1661, 1681, 1662, -1,
				      1680, 1690, 1691, -1, 1680, 1691, 1681, -1,
				      1690, 1700, 1701, -1, 1690, 1701, 1691, -1,
				      1700, 1710, 1711, -1, 1700, 1711, 1701, -1,
				      1710, 1720, 1721, -1, 1710, 1721, 1711, -1,
				      1720, 1730, 1731, -1, 1720, 1731, 1721, -1 ]
		    normalIndex	[ 0, 1, 2, -1, 3, 4, 5, -1,
				      6, 7, 8, -1, 9, 10, 11, -1,
				      12, 13, 14, -1, 15, 16, 17, -1,
				      18, 19, 20, -1, 21, 22, 23, -1,
				      24, 25, 26, -1, 27, 28, 29, -1,
				      30, 31, 32, -1, 33, 34, 35, -1,
				      36, 37, 38, -1, 39, 40, 41, -1 ]
		}
	    }
	}
	Separator {
	    Separator {
		Normal {
		    vector	[ -0.243942 0.121688 -0.962125,
				      -0.167345 0.309674 -0.936001,
				      -0.167344 0.309674 -0.936001,
				      -0.243942 0.121688 -0.962125,
				      -0.167344 0.309674 -0.936001,
				      -0.24383 0.121988 -0.962115,
				      -0.167345 0.309674 -0.936001,
				      -0.080451 0.524744 -0.84745,
				      -0.080451 0.524744 -0.84745,
				      -0.167345 0.309674 -0.936001,
				      -0.080451 0.524744 -0.84745,
				      -0.167344 0.309674 -0.936001,
				      -0.080451 0.524744 -0.84745,
				      -0.054589 0.588754 -0.806467,
				      -0.054589 0.588754 -0.806467,
				      -0.080451 0.524744 -0.84745,
				      -0.054589 0.588754 -0.806467,
				      -0.080451 0.524744 -0.84745,
				      -0.054589 0.588754 -0.806467,
				      -0.011982 0.694211 -0.719672,
				      -0.011982 0.694211 -0.719672,
				      -0.054589 0.588754 -0.806467,
				      -0.011982 0.694211 -0.719672,
				      -0.054589 0.588754 -0.806467,
				      -0.011982 0.694211 -0.719672,
				      0.025575 0.787166 -0.616211,
				      0.025575 0.787166 -0.616211,
				      -0.011982 0.694211 -0.719672,
				      0.025575 0.787166 -0.616211,
				      -0.011982 0.694211 -0.719672,
				      0.025575 0.787166 -0.616211,
				      0.070284 0.897825 0.434707,
				      0.070284 0.897825 0.434707,
				      0.025575 0.787166 -0.616211,
				      0.070284 0.897825 0.434707,
				      0.025575 0.787166 -0.616211,
				      0.070284 0.897825 0.434707,
				      -0.23363 0.175818 0.956297,
				      -0.233386 0.176792 0.956178,
				      0.070284 0.897825 0.434707,
				      -0.233386 0.176792 0.956178,
				      0.070284 0.897825 0.434707 ]
		}
		IndexedFaceSet {
		    coordIndex	[ 1664, 1665, 1666, -1, 1664, 1666, 1667, -1,
				      1665, 1682, 1683, -1, 1665, 1683, 1666, -1,
				      1682, 1692, 1693, -1, 1682, 1693, 1683, -1,
				      1692, 1702, 1703, -1, 1692, 1703, 1693, -1,
				      1702, 1712, 1713, -1, 1702, 1713, 1703, -1,
				      1712, 1722, 1723, -1, 1712, 1723, 1713, -1,
				      1722, 1732, 1733, -1, 1722, 1733, 1723, -1 ]
		    normalIndex	[ 0, 1, 2, -1, 3, 4, 5, -1,
				      6, 7, 8, -1, 9, 10, 11, -1,
				      12, 13, 14, -1, 15, 16, 17, -1,
				      18, 19, 20, -1, 21, 22, 23, -1,
				      24, 25, 26, -1, 27, 28, 29, -1,
				      30, 31, 32, -1, 33, 34, 35, -1,
				      36, 37, 38, -1, 39, 40, 41, -1 ]
		}
	    }
	}
	Separator {
	    Separator {
		Normal {
		    vector	[ 0.008472 0.02097 -0.999744,
				      0.087348 0.216194 -0.972435,
				      0.087348 0.216194 -0.972435,
				      0.008472 0.02097 -0.999744,
				      0.087348 0.216194 -0.972435,
				      0.008472 0.02097 -0.999744,
				      0.087348 0.216194 -0.972435,
				      0.177624 0.439636 -0.880437,
				      0.177624 0.439636 -0.880437,
				      0.087348 0.216194 -0.972435,
				      0.177624 0.439636 -0.880437,
				      0.087348 0.216194 -0.972435,
				      0.177624 0.439636 -0.880437,
				      0.204493 0.506137 -0.837859,
				      0.204493 0.506137 -0.837859,
				      0.177624 0.439636 -0.880437,
				      0.204493 0.506137 -0.837859,
				      0.177624 0.439636 -0.880437,
				      0.204493 0.506137 -0.837859,
				      0.248758 0.615699 -0.747686,
				      0.248758 0.615699 -0.747686,
				      0.204493 0.506137 -0.837859,
				      0.248758 0.615699 -0.747686,
				      0.204493 0.506137 -0.837859,
				      0.248758 0.615699 -0.747686,
				      0.287777 0.712273 -0.640197,
				      0.287777 0.712273 -0.640197,
				      0.248758 0.615699 -0.747686,
				      0.287777 0.712273 -0.640197,
				      0.248758 0.615699 -0.747686,
				      0.287777 0.712273 -0.640197,
				      0.334226 0.827239 0.451629,
				      0.334226 0.827239 0.451629,
				      0.287777 0.712273 -0.640197,
				      0.334226 0.827239 0.451629,
				      0.287777 0.712273 -0.640197,
				      0.334226 0.827239 0.451629,
				      0.029872 0.073935 0.996816,
				      0.029872 0.073935 0.996816,
				      0.334226 0.827239 0.451629,
				      0.029872 0.073935 0.996816,
				      0.334226 0.827239 0.451629 ]
		}
		IndexedFaceSet {
		    coordIndex	[ 1668, 1669, 1670, -1, 1668, 1670, 1671, -1,
				      1669, 1684, 1685, -1, 1669, 1685, 1670, -1,
				      1684, 1694, 1695, -1, 1684, 1695, 1685, -1,
				      1694, 1704, 1705, -1, 1694, 1705, 1695, -1,
				      1704, 1714, 1715, -1, 1704, 1715, 1705, -1,
				      1714, 1724, 1725, -1, 1714, 1725, 1715, -1,
				      1724, 1734, 1735, -1, 1724, 1735, 1725, -1 ]
		    normalIndex	[ 0, 1, 2, -1, 3, 4, 5, -1,
				      6, 7, 8, -1, 9, 10, 11, -1,
				      12, 13, 14, -1, 15, 16, 17, -1,
				      18, 19, 20, -1, 21, 22, 23, -1,
				      24, 25, 26, -1, 27, 28, 29, -1,
				      30, 31, 32, -1, 33, 34, 35, -1,
				      36, 37, 38, -1, 39, 40, 41, -1 ]
		}
	    }
	}
	Separator {
	    Separator {
		Normal {
		    vector	[ 0.260137 -0.081627 -0.962115,
				      0.335496 0.106514 -0.936001,
				      0.335495 0.106514 -0.936001,
				      0.260137 -0.081627 -0.962115,
				      0.335495 0.106514 -0.936001,
				      0.260009 -0.081922 -0.962125,
				      0.335496 0.106514 -0.936001,
				      0.422389 0.321584 -0.84745,
				      0.422389 0.321584 -0.84745,
				      0.335496 0.106514 -0.936001,
				      0.422389 0.321584 -0.84745,
				      0.335495 0.106514 -0.936001,
				      0.422389 0.321584 -0.84745,
				      0.448251 0.385594 -0.806467,
				      0.448251 0.385594 -0.806467,
				      0.422389 0.321584 -0.84745,
				      0.448251 0.385594 -0.806467,
				      0.422389 0.321584 -0.84745,
				      0.448251 0.385594 -0.806467,
				      0.490858 0.49105 -0.719672,
				      0.490858 0.49105 -0.719672,
				      0.448251 0.385594 -0.806467,
				      0.490858 0.49105 -0.719672,
				      0.448251 0.385594 -0.806467,
				      0.490858 0.49105 -0.719672,
				      0.528415 0.584006 -0.616211,
				      0.528415 0.584006 -0.616211,
				      0.490858 0.49105 -0.719672,
				      0.528415 0.584006 -0.616211,
				      0.490858 0.49105 -0.719672,
				      0.528415 0.584006 -0.616211,
				      0.573124 0.694665 0.434707,
				      0.573124 0.694665 0.434707,
				      0.528415 0.584006 -0.616211,
				      0.573124 0.694665 0.434707,
				      0.528415 0.584006 -0.616211,
				      0.573124 0.694665 0.434707,
				      0.290694 -0.03495 0.956178,
				      0.290193 -0.03582 0.956298,
				      0.573124 0.694665 0.434707,
				      0.290193 -0.03582 0.956298,
				      0.573124 0.694665 0.434707 ]
		}
		IndexedFaceSet {
		    coordIndex	[ 1672, 1673, 1674, -1, 1672, 1674, 1675, -1,
				      1673, 1686, 1687, -1, 1673, 1687, 1674, -1,
				      1686, 1696, 1697, -1, 1686, 1697, 1687, -1,
				      1696, 1706, 1707, -1, 1696, 1707, 1697, -1,
				      1706, 1716, 1717, -1, 1706, 1717, 1707, -1,
				      1716, 1726, 1727, -1, 1716, 1727, 1717, -1,
				      1726, 1736, 1737, -1, 1726, 1737, 1727, -1 ]
		    normalIndex	[ 0, 1, 2, -1, 3, 4, 5, -1,
				      6, 7, 8, -1, 9, 10, 11, -1,
				      12, 13, 14, -1, 15, 16, 17, -1,
				      18, 19, 20, -1, 21, 22, 23, -1,
				      24, 25, 26, -1, 27, 28, 29, -1,
				      30, 31, 32, -1, 33, 34, 35, -1,
				      36, 37, 38, -1, 39, 40, 41, -1 ]
		}
	    }
	}
	Separator {
	    Separator {
		Normal {
		    vector	[ 0.886017 -0.350683 -0.303307,
				      0.909848 -0.291141 -0.295659,
				      0.909848 -0.291141 -0.295659,
				      0.886017 -0.350683 -0.303307,
				      0.909848 -0.291141 -0.295659,
				      0.885951 -0.350833 -0.303325,
				      0.909848 -0.291141 -0.295659,
				      0.937295 -0.223206 -0.267688,
				      0.937295 -0.223206 -0.267688,
				      0.909848 -0.291141 -0.295659,
				      0.937295 -0.223206 -0.267688,
				      0.909848 -0.291141 -0.295659,
				      0.937295 -0.223206 -0.267688,
				      0.945464 -0.202987 -0.254742,
				      0.945464 -0.202987 -0.254742,
				      0.937295 -0.223206 -0.267688,
				      0.945464 -0.202987 -0.254742,
				      0.937295 -0.223206 -0.267688,
				      0.945464 -0.202987 -0.254742,
				      0.958923 -0.169676 -0.227326,
				      0.958923 -0.169676 -0.227326,
				      0.945464 -0.202987 -0.254742,
				      0.958923 -0.169676 -0.227326,
				      0.945464 -0.202987 -0.254742,
				      0.958923 -0.169676 -0.227326,
				      0.970786 -0.140313 -0.194645,
				      0.970786 -0.140313 -0.194645,
				      0.958923 -0.169676 -0.227326,
				      0.970786 -0.140313 -0.194645,
				      0.958923 -0.169676 -0.227326,
				      0.970786 -0.140313 -0.194645,
				      0.984908 -0.105359 0.137313,
				      0.984908 -0.105359 0.137313,
				      0.970786 -0.140313 -0.194645,
				      0.984908 -0.105359 0.137313,
				      0.970786 -0.140313 -0.194645,
				      0.984908 -0.105359 0.137313,
				      0.89538 -0.33697 0.291112,
				      0.895135 -0.337385 0.291383,
				      0.984908 -0.105359 0.137313,
				      0.895135 -0.337385 0.291383,
				      0.984908 -0.105359 0.137313 ]
		}
		IndexedFaceSet {
		    coordIndex	[ 1676, 1677, 1678, -1, 1676, 1678, 1679, -1,
				      1677, 1688, 1689, -1, 1677, 1689, 1678, -1,
				      1688, 1698, 1699, -1, 1688, 1699, 1689, -1,
				      1698, 1708, 1709, -1, 1698, 1709, 1699, -1,
				      1708, 1718, 1719, -1, 1708, 1719, 1709, -1,
				      1718, 1728, 1729, -1, 1718, 1729, 1719, -1,
				      1728, 1738, 1739, -1, 1728, 1739, 1729, -1 ]
		    normalIndex	[ 0, 1, 2, -1, 3, 4, 5, -1,
				      6, 7, 8, -1, 9, 10, 11, -1,
				      12, 13, 14, -1, 15, 16, 17, -1,
				      18, 19, 20, -1, 21, 22, 23, -1,
				      24, 25, 26, -1, 27, 28, 29, -1,
				      30, 31, 32, -1, 33, 34, 35, -1,
				      36, 37, 38, -1, 39, 40, 41, -1 ]
		}
	    }
	}
	Separator {
	    Material {
		diffuseColor	0.199945 0.8 0.180765
	    }
	    Separator {
		Normal {
		    vector	[ 0.927184 -0.374607 0,
				      0.927184 -0.374607 0,
				      0.927184 -0.374607 0,
				      0.927184 -0.374607 0,
				      0.927184 -0.374607 0,
				      0.927184 -0.374607 0,
				      0.927184 -0.374607 0,
				      0.927184 -0.374607 0,
				      0.927184 -0.374607 0,
				      0.927184 -0.374607 0,
				      0.927184 -0.374607 0,
				      0.927184 -0.374607 0,
				      0.927184 -0.374607 0,
				      0.927184 -0.374607 0,
				      0.927184 -0.374607 0,
				      0.927184 -0.374607 0,
				      0.927184 -0.374607 0,
				      0.927184 -0.374607 0,
				      0.927184 -0.374607 0,
				      0.927184 -0.374607 0,
				      0.927184 -0.374607 0,
				      0.927184 -0.374607 0,
				      0.927184 -0.374607 0,
				      0.927184 -0.374607 0,
				      0.927184 -0.374607 0,
				      0.927184 -0.374607 0,
				      0.927184 -0.374607 0,
				      0.927184 -0.374607 0,
				      0.927184 -0.374607 0,
				      0.927184 -0.374607 0 ]
		}
		IndexedFaceSet {
		    coordIndex	[ 1740, 1741, 1742, -1, 1740, 1742, 1743, -1,
				      1741, 1744, 1745, -1, 1741, 1745, 1742, -1,
				      1744, 1746, 1747, -1, 1744, 1747, 1745, -1,
				      1746, 1748, 1749, -1, 1746, 1749, 1747, -1,
				      1748, 1750, 1751, -1, 1748, 1751, 1749, -1 ]
		    normalIndex	[ 0, 1, 2, -1, 3, 4, 5, -1,
				      6, 7, 8, -1, 9, 10, 11, -1,
				      12, 13, 14, -1, 15, 16, 17, -1,
				      18, 19, 20, -1, 21, 22, 23, -1,
				      24, 25, 26, -1, 27, 28, 29, -1 ]
		}
	    }
	}
	Separator {
	    Material {
		diffuseColor	0.13 0.6 0.31
	    }
	    Separator {
		Normal {
		    vector	[ -0.927184 0.374607 0,
				      -0.927184 0.374607 0,
				      -0.927184 0.374607 0,
				      -0.927184 0.374607 0,
				      -0.927184 0.374607 0,
				      -0.927184 0.374607 0,
				      -0.927184 0.374607 0,
				      -0.927184 0.374607 0,
				      -0.927184 0.374607 0,
				      -0.927184 0.374607 0,
				      -0.927184 0.374607 0,
				      -0.927184 0.374607 0,
				      -0.927184 0.374607 0,
				      -0.927184 0.374607 0,
				      -0.927184 0.374607 0,
				      -0.927184 0.374607 0,
				      -0.927184 0.374607 0,
				      -0.927184 0.374607 0,
				      -0.927184 0.374607 0,
				      -0.927184 0.374607 0,
				      -0.927184 0.374607 0,
				      -0.927184 0.374607 0,
				      -0.927184 0.374607 0,
				      -0.927184 0.374607 0,
				      -0.927184 0.374607 0,
				      -0.927184 0.374607 0,
				      -0.927184 0.374607 0,
				      -0.927184 0.374607 0,
				      -0.927184 0.374607 0,
				      -0.927184 0.374607 0 ]
		}
		IndexedFaceSet {
		    coordIndex	[ 1752, 1753, 1754, -1, 1752, 1754, 1755, -1,
				      1753, 1756, 1757, -1, 1753, 1757, 1754, -1,
				      1756, 1758, 1759, -1, 1756, 1759, 1757, -1,
				      1758, 1760, 1761, -1, 1758, 1761, 1759, -1,
				      1760, 1762, 1763, -1, 1760, 1763, 1761, -1 ]
		    normalIndex	[ 0, 1, 2, -1, 3, 4, 5, -1,
				      6, 7, 8, -1, 9, 10, 11, -1,
				      12, 13, 14, -1, 15, 16, 17, -1,
				      18, 19, 20, -1, 21, 22, 23, -1,
				      24, 25, 26, -1, 27, 28, 29, -1 ]
		}
	    }
	}
	Separator {
	    Separator {
		Normal {
		    vector	[ -0.880549 0.364237 0.303257,
				      -0.85887 0.417315 0.296969,
				      -0.85887 0.417315 0.296969,
				      -0.880549 0.364237 0.303257,
				      -0.85887 0.417315 0.296969,
				      -0.880614 0.364065 0.303276,
				      -0.85887 0.417315 0.296969,
				      -0.833715 0.479575 0.273728,
				      -0.833715 0.479575 0.273728,
				      -0.85887 0.417315 0.296969,
				      -0.833715 0.479575 0.273728,
				      -0.85887 0.417315 0.296969,
				      -0.833715 0.479575 0.273728,
				      -0.827337 0.495362 0.264821,
				      -0.827337 0.495362 0.264821,
				      -0.833715 0.479575 0.273728,
				      -0.827337 0.495362 0.264821,
				      -0.833715 0.479575 0.273728,
				      -0.827337 0.495362 0.264821,
				      -0.816945 0.521082 0.247132,
				      -0.816945 0.521082 0.247132,
				      -0.827337 0.495362 0.264821,
				      -0.816945 0.521082 0.247132,
				      -0.827337 0.495362 0.264821,
				      -0.816945 0.521082 0.247132,
				      -0.807563 0.544303 0.227102,
				      -0.807563 0.544303 0.227102,
				      -0.816945 0.521082 0.247132,
				      -0.807563 0.544303 0.227102,
				      -0.816945 0.521082 0.247132,
				      -0.807563 0.544303 0.227102,
				      -0.777725 0.618157 -0.114136,
				      -0.777725 0.618157 -0.114136,
				      -0.807563 0.544303 0.227102,
				      -0.777725 0.618157 -0.114136,
				      -0.807563 0.544303 0.227102,
				      -0.777725 0.618157 -0.114136,
				      -0.877251 0.385238 -0.286396,
				      -0.877369 0.384729 -0.286719,
				      -0.777725 0.618157 -0.114136,
				      -0.877369 0.384729 -0.286719,
				      -0.777725 0.618157 -0.114136 ]
		}
		IndexedFaceSet {
		    coordIndex	[ 1764, 1765, 1766, -1, 1764, 1766, 1767, -1,
				      1765, 1784, 1785, -1, 1765, 1785, 1766, -1,
				      1784, 1794, 1795, -1, 1784, 1795, 1785, -1,
				      1794, 1804, 1805, -1, 1794, 1805, 1795, -1,
				      1804, 1814, 1815, -1, 1804, 1815, 1805, -1,
				      1814, 1824, 1825, -1, 1814, 1825, 1815, -1,
				      1824, 1834, 1835, -1, 1824, 1835, 1825, -1 ]
		    normalIndex	[ 0, 1, 2, -1, 3, 4, 5, -1,
				      6, 7, 8, -1, 9, 10, 11, -1,
				      12, 13, 14, -1, 15, 16, 17, -1,
				      18, 19, 20, -1, 21, 22, 23, -1,
				      24, 25, 26, -1, 27, 28, 29, -1,
				      30, 31, 32, -1, 33, 34, 35, -1,
				      36, 37, 38, -1, 39, 40, 41, -1 ]
		}
	    }
	}
	Separator {
	    Separator {
		Normal {
		    vector	[ -0.242533 0.125257 0.962023,
				      -0.17411 0.292929 0.940148,
				      -0.17411 0.292929 0.940148,
				      -0.242533 0.125257 0.962023,
				      -0.17411 0.292929 0.940148,
				      -0.242661 0.124919 0.962035,
				      -0.17411 0.292929 0.940148,
				      -0.094475 0.490032 0.86657,
				      -0.094475 0.490032 0.86657,
				      -0.17411 0.292929 0.940148,
				      -0.094475 0.490032 0.86657,
				      -0.17411 0.292929 0.940148,
				      -0.094475 0.490032 0.86657,
				      -0.074283 0.540011 0.838374,
				      -0.074283 0.540011 0.838374,
				      -0.094475 0.490032 0.86657,
				      -0.074283 0.540011 0.838374,
				      -0.094475 0.490032 0.86657,
				      -0.074283 0.540011 0.838374,
				      -0.041385 0.621435 0.782372,
				      -0.041385 0.621435 0.782372,
				      -0.074283 0.540011 0.838374,
				      -0.041385 0.621435 0.782372,
				      -0.074283 0.540011 0.838374,
				      -0.041385 0.621435 0.782372,
				      -0.011683 0.69495 0.718963,
				      -0.011683 0.69495 0.718963,
				      -0.041385 0.621435 0.782372,
				      -0.011683 0.69495 0.718963,
				      -0.041385 0.621435 0.782372,
				      -0.011683 0.69495 0.718963,
				      0.08278 0.928755 -0.361332,
				      0.08278 0.928755 -0.361332,
				      -0.011683 0.69495 0.718963,
				      0.08278 0.928755 -0.361332,
				      -0.011683 0.69495 0.718963,
				      0.08278 0.928755 -0.361332,
				      -0.229872 0.196602 -0.953156,
				      -0.230132 0.195522 -0.953315,
				      0.08278 0.928755 -0.361332,
				      -0.230132 0.195522 -0.953315,
				      0.08278 0.928755 -0.361332 ]
		}
		IndexedFaceSet {
		    coordIndex	[ 1768, 1769, 1770, -1, 1768, 1770, 1771, -1,
				      1769, 1786, 1787, -1, 1769, 1787, 1770, -1,
				      1786, 1796, 1797, -1, 1786, 1797, 1787, -1,
				      1796, 1806, 1807, -1, 1796, 1807, 1797, -1,
				      1806, 1816, 1817, -1, 1806, 1817, 1807, -1,
				      1816, 1826, 1827, -1, 1816, 1827, 1817, -1,
				      1826, 1836, 1837, -1, 1826, 1837, 1827, -1 ]
		    normalIndex	[ 0, 1, 2, -1, 3, 4, 5, -1,
				      6, 7, 8, -1, 9, 10, 11, -1,
				      12, 13, 14, -1, 15, 16, 17, -1,
				      18, 19, 20, -1, 21, 22, 23, -1,
				      24, 25, 26, -1, 27, 28, 29, -1,
				      30, 31, 32, -1, 33, 34, 35, -1,
				      36, 37, 38, -1, 39, 40, 41, -1 ]
		}
	    }
	}
	Separator {
	    Separator {
		Normal {
		    vector	[ 0.009841 0.024358 0.999655,
				      0.080319 0.198797 0.976744,
				      0.080319 0.198797 0.976744,
				      0.009841 0.024358 0.999655,
				      0.080319 0.198797 0.976744,
				      0.009841 0.024358 0.999655,
				      0.080319 0.198797 0.976744,
				      0.163054 0.403572 0.900302,
				      0.163054 0.403572 0.900302,
				      0.080319 0.198797 0.976744,
				      0.163054 0.403572 0.900302,
				      0.080319 0.198797 0.976744,
				      0.163054 0.403572 0.900302,
				      0.184033 0.455497 0.871008,
				      0.184033 0.455497 0.871008,
				      0.163054 0.403572 0.900302,
				      0.184033 0.455497 0.871008,
				      0.163054 0.403572 0.900302,
				      0.184033 0.455497 0.871008,
				      0.218211 0.54009 0.812826,
				      0.218211 0.54009 0.812826,
				      0.184033 0.455497 0.871008,
				      0.218211 0.54009 0.812826,
				      0.184033 0.455497 0.871008,
				      0.218211 0.54009 0.812826,
				      0.249069 0.616467 0.746949,
				      0.249069 0.616467 0.746949,
				      0.218211 0.54009 0.812826,
				      0.249069 0.616467 0.746949,
				      0.218211 0.54009 0.812826,
				      0.249069 0.616467 0.746949,
				      0.347209 0.859373 -0.375397,
				      0.347209 0.859373 -0.375397,
				      0.249069 0.616467 0.746949,
				      0.347209 0.859373 -0.375397,
				      0.249069 0.616467 0.746949,
				      0.347209 0.859373 -0.375397,
				      0.037608 0.093082 -0.994948,
				      0.037608 0.093082 -0.994948,
				      0.347209 0.859373 -0.375397,
				      0.037608 0.093082 -0.994948,
				      0.347209 0.859373 -0.375397 ]
		}
		IndexedFaceSet {
		    coordIndex	[ 1772, 1773, 1774, -1, 1772, 1774, 1775, -1,
				      1773, 1788, 1789, -1, 1773, 1789, 1774, -1,
				      1788, 1798, 1799, -1, 1788, 1799, 1789, -1,
				      1798, 1808, 1809, -1, 1798, 1809, 1799, -1,
				      1808, 1818, 1819, -1, 1808, 1819, 1809, -1,
				      1818, 1828, 1829, -1, 1818, 1829, 1819, -1,
				      1828, 1838, 1839, -1, 1828, 1839, 1829, -1 ]
		    normalIndex	[ 0, 1, 2, -1, 3, 4, 5, -1,
				      6, 7, 8, -1, 9, 10, 11, -1,
				      12, 13, 14, -1, 15, 16, 17, -1,
				      18, 19, 20, -1, 21, 22, 23, -1,
				      24, 25, 26, -1, 27, 28, 29, -1,
				      30, 31, 32, -1, 33, 34, 35, -1,
				      36, 37, 38, -1, 39, 40, 41, -1 ]
		}
	    }
	}
	Separator {
	    Separator {
		Normal {
		    vector	[ 0.261331 -0.078707 0.962035,
				      0.32873 0.089769 0.940148,
				      0.32873 0.089769 0.940148,
				      0.261331 -0.078707 0.962035,
				      0.32873 0.089769 0.940148,
				      0.261474 -0.078375 0.962023,
				      0.32873 0.089769 0.940148,
				      0.408365 0.286871 0.86657,
				      0.408365 0.286871 0.86657,
				      0.32873 0.089769 0.940148,
				      0.408365 0.286871 0.86657,
				      0.32873 0.089769 0.940148,
				      0.408365 0.286871 0.86657,
				      0.428557 0.33685 0.838374,
				      0.428557 0.33685 0.838374,
				      0.408365 0.286871 0.86657,
				      0.428557 0.33685 0.838374,
				      0.408365 0.286871 0.86657,
				      0.428557 0.33685 0.838374,
				      0.461455 0.418274 0.782372,
				      0.461455 0.418274 0.782372,
				      0.428557 0.33685 0.838374,
				      0.461455 0.418274 0.782372,
				      0.428557 0.33685 0.838374,
				      0.461455 0.418274 0.782372,
				      0.491157 0.49179 0.718963,
				      0.491157 0.49179 0.718963,
				      0.461455 0.418274 0.782372,
				      0.491157 0.49179 0.718963,
				      0.461455 0.418274 0.782372,
				      0.491157 0.49179 0.718963,
				      0.58562 0.725595 -0.361332,
				      0.58562 0.725595 -0.361332,
				      0.491157 0.49179 0.718963,
				      0.58562 0.725595 -0.361332,
				      0.491157 0.49179 0.718963,
				      0.58562 0.725595 -0.361332,
				      0.301364 -0.019216 -0.953315,
				      0.301928 -0.018259 -0.953156,
				      0.58562 0.725595 -0.361332,
				      0.301928 -0.018259 -0.953156,
				      0.58562 0.725595 -0.361332 ]
		}
		IndexedFaceSet {
		    coordIndex	[ 1776, 1777, 1778, -1, 1776, 1778, 1779, -1,
				      1777, 1790, 1791, -1, 1777, 1791, 1778, -1,
				      1790, 1800, 1801, -1, 1790, 1801, 1791, -1,
				      1800, 1810, 1811, -1, 1800, 1811, 1801, -1,
				      1810, 1820, 1821, -1, 1810, 1821, 1811, -1,
				      1820, 1830, 1831, -1, 1820, 1831, 1821, -1,
				      1830, 1840, 1841, -1, 1830, 1841, 1831, -1 ]
		    normalIndex	[ 0, 1, 2, -1, 3, 4, 5, -1,
				      6, 7, 8, -1, 9, 10, 11, -1,
				      12, 13, 14, -1, 15, 16, 17, -1,
				      18, 19, 20, -1, 21, 22, 23, -1,
				      24, 25, 26, -1, 27, 28, 29, -1,
				      30, 31, 32, -1, 33, 34, 35, -1,
				      36, 37, 38, -1, 39, 40, 41, -1 ]
		}
	    }
	}
	Separator {
	    Separator {
		Normal {
		    vector	[ 0.886361 -0.34984 0.303275,
				      0.907711 -0.29643 0.296969,
				      0.907711 -0.29643 0.296969,
				      0.886361 -0.34984 0.303275,
				      0.907711 -0.29643 0.296969,
				      0.886434 -0.34967 0.303257,
				      0.907711 -0.29643 0.296969,
				      0.932865 -0.234171 0.273727,
				      0.932865 -0.234171 0.273727,
				      0.907711 -0.29643 0.296969,
				      0.932865 -0.234171 0.273727,
				      0.907711 -0.29643 0.296969,
				      0.932865 -0.234171 0.273727,
				      0.939244 -0.218384 0.264821,
				      0.939244 -0.218384 0.264821,
				      0.932865 -0.234171 0.273727,
				      0.939244 -0.218384 0.264821,
				      0.932865 -0.234171 0.273727,
				      0.939244 -0.218384 0.264821,
				      0.949635 -0.192664 0.247131,
				      0.949635 -0.192664 0.247131,
				      0.939244 -0.218384 0.264821,
				      0.949635 -0.192664 0.247131,
				      0.939244 -0.218384 0.264821,
				      0.949635 -0.192664 0.247131,
				      0.959017 -0.169442 0.227102,
				      0.959017 -0.169442 0.227102,
				      0.949635 -0.192664 0.247131,
				      0.959017 -0.169442 0.227102,
				      0.949635 -0.192664 0.247131,
				      0.959017 -0.169442 0.227102,
				      0.988856 -0.095589 -0.114136,
				      0.988856 -0.095589 -0.114136,
				      0.959017 -0.169442 0.227102,
				      0.988856 -0.095589 -0.114136,
				      0.959017 -0.169442 0.227102,
				      0.988856 -0.095589 -0.114136,
				      0.898382 -0.332721 -0.286718,
				      0.89865 -0.332272 -0.286396,
				      0.988856 -0.095589 -0.114136,
				      0.89865 -0.332272 -0.286396,
				      0.988856 -0.095589 -0.114136 ]
		}
		IndexedFaceSet {
		    coordIndex	[ 1780, 1781, 1782, -1, 1780, 1782, 1783, -1,
				      1781, 1792, 1793, -1, 1781, 1793, 1782, -1,
				      1792, 1802, 1803, -1, 1792, 1803, 1793, -1,
				      1802, 1812, 1813, -1, 1802, 1813, 1803, -1,
				      1812, 1822, 1823, -1, 1812, 1823, 1813, -1,
				      1822, 1832, 1833, -1, 1822, 1833, 1823, -1,
				      1832, 1842, 1843, -1, 1832, 1843, 1833, -1 ]
		    normalIndex	[ 0, 1, 2, -1, 3, 4, 5, -1,
				      6, 7, 8, -1, 9, 10, 11, -1,
				      12, 13, 14, -1, 15, 16, 17, -1,
				      18, 19, 20, -1, 21, 22, 23, -1,
				      24, 25, 26, -1, 27, 28, 29, -1,
				      30, 31, 32, -1, 33, 34, 35, -1,
				      36, 37, 38, -1, 39, 40, 41, -1 ]
		}
	    }
	}
	Separator {
	    Material {
		diffuseColor	0.309621 0.8 0.087756
	    }
	    Separator {
		Normal {
		    vector	[ 0.927184 -0.374607 0,
				      0.927184 -0.374607 0,
				      0.927184 -0.374607 0,
				      0.927184 -0.374607 0,
				      0.927184 -0.374607 0,
				      0.927184 -0.374607 0,
				      0.927184 -0.374607 0,
				      0.927184 -0.374607 0,
				      0.927184 -0.374607 0,
				      0.927184 -0.374607 0,
				      0.927184 -0.374607 0,
				      0.927184 -0.374607 0,
				      0.927184 -0.374607 0,
				      0.927184 -0.374607 0,
				      0.927184 -0.374607 0,
				      0.927184 -0.374607 0,
				      0.927184 -0.374607 0,
				      0.927184 -0.374607 0,
				      0.927184 -0.374607 0,
				      0.927184 -0.374607 0,
				      0.927184 -0.374607 0,
				      0.927184 -0.374607 0,
				      0.927184 -0.374607 0,
				      0.927184 -0.374607 0,
				      0.927184 -0.374607 0,
				      0.927184 -0.374607 0,
				      0.927184 -0.374607 0,
				      0.927184 -0.374607 0,
				      0.927184 -0.374607 0,
				      0.927184 -0.374607 0 ]
		}
		IndexedFaceSet {
		    coordIndex	[ 1844, 1845, 1846, -1, 1844, 1846, 1847, -1,
				      1845, 1848, 1849, -1, 1845, 1849, 1846, -1,
				      1848, 1850, 1851, -1, 1848, 1851, 1849, -1,
				      1850, 1852, 1853, -1, 1850, 1853, 1851, -1,
				      1852, 1854, 1855, -1, 1852, 1855, 1853, -1 ]
		    normalIndex	[ 0, 1, 2, -1, 3, 4, 5, -1,
				      6, 7, 8, -1, 9, 10, 11, -1,
				      12, 13, 14, -1, 15, 16, 17, -1,
				      18, 19, 20, -1, 21, 22, 23, -1,
				      24, 25, 26, -1, 27, 28, 29, -1 ]
		}
	    }
	}
	Separator {
	    Material {
		diffuseColor	0.11 0.8 0.21
	    }
	    Separator {
		Normal {
		    vector	[ -0.927184 0.374607 0,
				      -0.927184 0.374607 0,
				      -0.927184 0.374607 0,
				      -0.927184 0.374607 0,
				      -0.927184 0.374607 0,
				      -0.927184 0.374607 0,
				      -0.927184 0.374607 0,
				      -0.927184 0.374607 0,
				      -0.927184 0.374607 0,
				      -0.927184 0.374607 0,
				      -0.927184 0.374607 0,
				      -0.927184 0.374607 0,
				      -0.927184 0.374607 0,
				      -0.927184 0.374607 0,
				      -0.927184 0.374607 0,
				      -0.927184 0.374607 0,
				      -0.927184 0.374607 0,
				      -0.927184 0.374607 0,
				      -0.927184 0.374607 0,
				      -0.927184 0.374607 0,
				      -0.927184 0.374607 0,
				      -0.927184 0.374607 0,
				      -0.927184 0.374607 0,
				      -0.927184 0.374607 0,
				      -0.927184 0.374607 0,
				      -0.927184 0.374607 0,
				      -0.927184 0.374607 0,
				      -0.927184 0.374607 0,
				      -0.927184 0.374607 0,
				      -0.927184 0.374607 0 ]
		}
		IndexedFaceSet {
		    coordIndex	[ 1856, 1857, 1858, -1, 1856, 1858, 1859, -1,
				      1857, 1860, 1861, -1, 1857, 1861, 1858, -1,
				      1860, 1862, 1863, -1, 1860, 1863, 1861, -1,
				      1862, 1864, 1865, -1, 1862, 1865, 1863, -1,
				      1864, 1866, 1867, -1, 1864, 1867, 1865, -1 ]
		    normalIndex	[ 0, 1, 2, -1, 3, 4, 5, -1,
				      6, 7, 8, -1, 9, 10, 11, -1,
				      12, 13, 14, -1, 15, 16, 17, -1,
				      18, 19, 20, -1, 21, 22, 23, -1,
				      24, 25, 26, -1, 27, 28, 29, -1 ]
		}
	    }
	}
	Separator {
	    Separator {
		Normal {
		    vector	[ -0.880614 0.364065 -0.303276,
				      -0.85887 0.417315 -0.29697,
				      -0.85887 0.417315 -0.296969,
				      -0.880614 0.364065 -0.303276,
				      -0.85887 0.417315 -0.296969,
				      -0.880549 0.364237 -0.303257,
				      -0.85887 0.417315 -0.29697,
				      -0.833715 0.479575 -0.273728,
				      -0.833715 0.479575 -0.273728,
				      -0.85887 0.417315 -0.29697,
				      -0.833715 0.479575 -0.273728,
				      -0.85887 0.417315 -0.296969,
				      -0.833715 0.479575 -0.273728,
				      -0.827337 0.495362 -0.264822,
				      -0.827337 0.495362 -0.264822,
				      -0.833715 0.479575 -0.273728,
				      -0.827337 0.495362 -0.264822,
				      -0.833715 0.479575 -0.273728,
				      -0.827337 0.495362 -0.264822,
				      -0.816945 0.521082 -0.247132,
				      -0.816945 0.521082 -0.247132,
				      -0.827337 0.495362 -0.264822,
				      -0.816945 0.521082 -0.247132,
				      -0.827337 0.495362 -0.264822,
				      -0.816945 0.521082 -0.247132,
				      -0.807563 0.544303 -0.227103,
				      -0.807563 0.544303 -0.227103,
				      -0.816945 0.521082 -0.247132,
				      -0.807563 0.544303 -0.227103,
				      -0.816945 0.521082 -0.247132,
				      -0.807563 0.544303 -0.227103,
				      -0.777725 0.618157 0.114136,
				      -0.777725 0.618156 0.114136,
				      -0.807563 0.544303 -0.227103,
				      -0.777725 0.618156 0.114136,
				      -0.807563 0.544303 -0.227103,
				      -0.777725 0.618157 0.114136,
				      -0.877369 0.384729 0.286718,
				      -0.877251 0.385238 0.286396,
				      -0.777725 0.618157 0.114136,
				      -0.877251 0.385238 0.286396,
				      -0.777725 0.618156 0.114136 ]
		}
		IndexedFaceSet {
		    coordIndex	[ 1868, 1869, 1870, -1, 1868, 1870, 1871, -1,
				      1869, 1888, 1889, -1, 1869, 1889, 1870, -1,
				      1888, 1898, 1899, -1, 1888, 1899, 1889, -1,
				      1898, 1908, 1909, -1, 1898, 1909, 1899, -1,
				      1908, 1918, 1919, -1, 1908, 1919, 1909, -1,
				      1918, 1928, 1929, -1, 1918, 1929, 1919, -1,
				      1928, 1938, 1939, -1, 1928, 1939, 1929, -1 ]
		    normalIndex	[ 0, 1, 2, -1, 3, 4, 5, -1,
				      6, 7, 8, -1, 9, 10, 11, -1,
				      12, 13, 14, -1, 15, 16, 17, -1,
				      18, 19, 20, -1, 21, 22, 23, -1,
				      24, 25, 26, -1, 27, 28, 29, -1,
				      30, 31, 32, -1, 33, 34, 35, -1,
				      36, 37, 38, -1, 39, 40, 41, -1 ]
		}
	    }
	}
	Separator {
	    Separator {
		Normal {
		    vector	[ -0.242661 0.124919 -0.962035,
				      -0.17411 0.292929 -0.940148,
				      -0.17411 0.292929 -0.940148,
				      -0.242661 0.124919 -0.962035,
				      -0.17411 0.292929 -0.940148,
				      -0.242532 0.125257 -0.962023,
				      -0.17411 0.292929 -0.940148,
				      -0.094475 0.490032 -0.86657,
				      -0.094475 0.490032 -0.86657,
				      -0.17411 0.292929 -0.940148,
				      -0.094475 0.490032 -0.86657,
				      -0.17411 0.292929 -0.940148,
				      -0.094475 0.490032 -0.86657,
				      -0.074283 0.540011 -0.838374,
				      -0.074283 0.540011 -0.838374,
				      -0.094475 0.490032 -0.86657,
				      -0.074283 0.540011 -0.838374,
				      -0.094475 0.490032 -0.86657,
				      -0.074283 0.540011 -0.838374,
				      -0.041385 0.621435 -0.782372,
				      -0.041385 0.621435 -0.782372,
				      -0.074283 0.540011 -0.838374,
				      -0.041385 0.621435 -0.782372,
				      -0.074283 0.540011 -0.838374,
				      -0.041385 0.621435 -0.782372,
				      -0.011683 0.69495 -0.718963,
				      -0.011683 0.69495 -0.718963,
				      -0.041385 0.621435 -0.782372,
				      -0.011683 0.69495 -0.718963,
				      -0.041385 0.621435 -0.782372,
				      -0.011683 0.69495 -0.718963,
				      0.08278 0.928755 0.361332,
				      0.08278 0.928755 0.361332,
				      -0.011683 0.69495 -0.718963,
				      0.08278 0.928755 0.361332,
				      -0.011683 0.69495 -0.718963,
				      0.08278 0.928755 0.361332,
				      -0.230132 0.195522 0.953315,
				      -0.229872 0.196602 0.953156,
				      0.08278 0.928755 0.361332,
				      -0.229872 0.196602 0.953156,
				      0.08278 0.928755 0.361332 ]
		}
		IndexedFaceSet {
		    coordIndex	[ 1872, 1873, 1874, -1, 1872, 1874, 1875, -1,
				      1873, 1890, 1891, -1, 1873, 1891, 1874, -1,
				      1890, 1900, 1901, -1, 1890, 1901, 1891, -1,
				      1900, 1910, 1911, -1, 1900, 1911, 1901, -1,
				      1910, 1920, 1921, -1, 1910, 1921, 1911, -1,
				      1920, 1930, 1931, -1, 1920, 1931, 1921, -1,
				      1930, 1940, 1941, -1, 1930, 1941, 1931, -1 ]
		    normalIndex	[ 0, 1, 2, -1, 3, 4, 5, -1,
				      6, 7, 8, -1, 9, 10, 11, -1,
				      12, 13, 14, -1, 15, 16, 17, -1,
				      18, 19, 20, -1, 21, 22, 23, -1,
				      24, 25, 26, -1, 27, 28, 29, -1,
				      30, 31, 32, -1, 33, 34, 35, -1,
				      36, 37, 38, -1, 39, 40, 41, -1 ]
		}
	    }
	}
	Separator {
	    Separator {
		Normal {
		    vector	[ 0.009841 0.024358 -0.999655,
				      0.080319 0.198797 -0.976744,
				      0.080319 0.198797 -0.976744,
				      0.009841 0.024358 -0.999655,
				      0.080319 0.198797 -0.976744,
				      0.009841 0.024358 -0.999655,
				      0.080319 0.198797 -0.976744,
				      0.163054 0.403572 -0.900302,
				      0.163054 0.403572 -0.900302,
				      0.080319 0.198797 -0.976744,
				      0.163054 0.403572 -0.900302,
				      0.080319 0.198797 -0.976744,
				      0.163054 0.403572 -0.900302,
				      0.184033 0.455497 -0.871008,
				      0.184033 0.455497 -0.871008,
				      0.163054 0.403572 -0.900302,
				      0.184033 0.455497 -0.871008,
				      0.163054 0.403572 -0.900302,
				      0.184033 0.455497 -0.871008,
				      0.218211 0.54009 -0.812826,
				      0.218211 0.54009 -0.812826,
				      0.184033 0.455497 -0.871008,
				      0.218211 0.54009 -0.812826,
				      0.184033 0.455497 -0.871008,
				      0.218211 0.54009 -0.812826,
				      0.249069 0.616467 -0.746949,
				      0.249069 0.616467 -0.746949,
				      0.218211 0.54009 -0.812826,
				      0.249069 0.616467 -0.746949,
				      0.218211 0.54009 -0.812826,
				      0.249069 0.616467 -0.746949,
				      0.347209 0.859373 0.375397,
				      0.347209 0.859373 0.375397,
				      0.249069 0.616467 -0.746949,
				      0.347209 0.859373 0.375397,
				      0.249069 0.616467 -0.746949,
				      0.347209 0.859373 0.375397,
				      0.037607 0.093082 0.994948,
				      0.037607 0.093082 0.994948,
				      0.347209 0.859373 0.375397,
				      0.037607 0.093082 0.994948,
				      0.347209 0.859373 0.375397 ]
		}
		IndexedFaceSet {
		    coordIndex	[ 1876, 1877, 1878, -1, 1876, 1878, 1879, -1,
				      1877, 1892, 1893, -1, 1877, 1893, 1878, -1,
				      1892, 1902, 1903, -1, 1892, 1903, 1893, -1,
				      1902, 1912, 1913, -1, 1902, 1913, 1903, -1,
				      1912, 1922, 1923, -1, 1912, 1923, 1913, -1,
				      1922, 1932, 1933, -1, 1922, 1933, 1923, -1,
				      1932, 1942, 1943, -1, 1932, 1943, 1933, -1 ]
		    normalIndex	[ 0, 1, 2, -1, 3, 4, 5, -1,
				      6, 7, 8, -1, 9, 10, 11, -1,
				      12, 13, 14, -1, 15, 16, 17, -1,
				      18, 19, 20, -1, 21, 22, 23, -1,
				      24, 25, 26, -1, 27, 28, 29, -1,
				      30, 31, 32, -1, 33, 34, 35, -1,
				      36, 37, 38, -1, 39, 40, 41, -1 ]
		}
	    }
	}
	Separator {
	    Separator {
		Normal {
		    vector	[ 0.261474 -0.078375 -0.962023,
				      0.32873 0.089769 -0.940148,
				      0.32873 0.089769 -0.940148,
				      0.261474 -0.078375 -0.962023,
				      0.32873 0.089769 -0.940148,
				      0.261331 -0.078707 -0.962035,
				      0.32873 0.089769 -0.940148,
				      0.408365 0.286871 -0.86657,
				      0.408365 0.286871 -0.86657,
				      0.32873 0.089769 -0.940148,
				      0.408365 0.286871 -0.86657,
				      0.32873 0.089769 -0.940148,
				      0.408365 0.286871 -0.86657,
				      0.428557 0.33685 -0.838374,
				      0.428557 0.33685 -0.838374,
				      0.408365 0.286871 -0.86657,
				      0.428557 0.33685 -0.838374,
				      0.408365 0.286871 -0.86657,
				      0.428557 0.33685 -0.838374,
				      0.461455 0.418274 -0.782372,
				      0.461455 0.418274 -0.782372,
				      0.428557 0.33685 -0.838374,
				      0.461455 0.418274 -0.782372,
				      0.428557 0.33685 -0.838374,
				      0.461455 0.418274 -0.782372,
				      0.491157 0.49179 -0.718963,
				      0.491157 0.49179 -0.718963,
				      0.461455 0.418274 -0.782372,
				      0.491157 0.49179 -0.718963,
				      0.461455 0.418274 -0.782372,
				      0.491157 0.49179 -0.718963,
				      0.58562 0.725595 0.361332,
				      0.58562 0.725595 0.361332,
				      0.491157 0.49179 -0.718963,
				      0.58562 0.725595 0.361332,
				      0.491157 0.49179 -0.718963,
				      0.58562 0.725595 0.361332,
				      0.301928 -0.018259 0.953156,
				      0.301364 -0.019216 0.953315,
				      0.58562 0.725595 0.361332,
				      0.301364 -0.019216 0.953315,
				      0.58562 0.725595 0.361332 ]
		}
		IndexedFaceSet {
		    coordIndex	[ 1880, 1881, 1882, -1, 1880, 1882, 1883, -1,
				      1881, 1894, 1895, -1, 1881, 1895, 1882, -1,
				      1894, 1904, 1905, -1, 1894, 1905, 1895, -1,
				      1904, 1914, 1915, -1, 1904, 1915, 1905, -1,
				      1914, 1924, 1925, -1, 1914, 1925, 1915, -1,
				      1924, 1934, 1935, -1, 1924, 1935, 1925, -1,
				      1934, 1944, 1945, -1, 1934, 1945, 1935, -1 ]
		    normalIndex	[ 0, 1, 2, -1, 3, 4, 5, -1,
				      6, 7, 8, -1, 9, 10, 11, -1,
				      12, 13, 14, -1, 15, 16, 17, -1,
				      18, 19, 20, -1, 21, 22, 23, -1,
				      24, 25, 26, -1, 27, 28, 29, -1,
				      30, 31, 32, -1, 33, 34, 35, -1,
				      36, 37, 38, -1, 39, 40, 41, -1 ]
		}
	    }
	}
	Separator {
	    Separator {
		Normal {
		    vector	[ 0.886434 -0.34967 -0.303257,
				      0.907711 -0.29643 -0.296969,
				      0.907711 -0.29643 -0.296969,
				      0.886434 -0.34967 -0.303257,
				      0.907711 -0.29643 -0.296969,
				      0.886361 -0.34984 -0.303275,
				      0.907711 -0.29643 -0.296969,
				      0.932865 -0.234171 -0.273727,
				      0.932865 -0.234171 -0.273727,
				      0.907711 -0.29643 -0.296969,
				      0.932865 -0.234171 -0.273727,
				      0.907711 -0.29643 -0.296969,
				      0.932865 -0.234171 -0.273727,
				      0.939244 -0.218384 -0.264821,
				      0.939244 -0.218384 -0.264821,
				      0.932865 -0.234171 -0.273727,
				      0.939244 -0.218384 -0.264821,
				      0.932865 -0.234171 -0.273727,
				      0.939244 -0.218384 -0.264821,
				      0.949635 -0.192664 -0.247131,
				      0.949635 -0.192664 -0.247131,
				      0.939244 -0.218384 -0.264821,
				      0.949635 -0.192664 -0.247131,
				      0.939244 -0.218384 -0.264821,
				      0.949635 -0.192664 -0.247131,
				      0.959017 -0.169442 -0.227102,
				      0.959017 -0.169442 -0.227102,
				      0.949635 -0.192664 -0.247131,
				      0.959017 -0.169442 -0.227102,
				      0.949635 -0.192664 -0.247131,
				      0.959017 -0.169442 -0.227102,
				      0.988856 -0.095589 0.114136,
				      0.988856 -0.095589 0.114136,
				      0.959017 -0.169442 -0.227102,
				      0.988856 -0.095589 0.114136,
				      0.959017 -0.169442 -0.227102,
				      0.988856 -0.095589 0.114136,
				      0.89865 -0.332272 0.286396,
				      0.898382 -0.332721 0.286718,
				      0.988856 -0.095589 0.114136,
				      0.898382 -0.332721 0.286718,
				      0.988856 -0.095589 0.114136 ]
		}
		IndexedFaceSet {
		    coordIndex	[ 1884, 1885, 1886, -1, 1884, 1886, 1887, -1,
				      1885, 1896, 1897, -1, 1885, 1897, 1886, -1,
				      1896, 1906, 1907, -1, 1896, 1907, 1897, -1,
				      1906, 1916, 1917, -1, 1906, 1917, 1907, -1,
				      1916, 1926, 1927, -1, 1916, 1927, 1917, -1,
				      1926, 1936, 1937, -1, 1926, 1937, 1927, -1,
				      1936, 1946, 1947, -1, 1936, 1947, 1937, -1 ]
		    normalIndex	[ 0, 1, 2, -1, 3, 4, 5, -1,
				      6, 7, 8, -1, 9, 10, 11, -1,
				      12, 13, 14, -1, 15, 16, 17, -1,
				      18, 19, 20, -1, 21, 22, 23, -1,
				      24, 25, 26, -1, 27, 28, 29, -1,
				      30, 31, 32, -1, 33, 34, 35, -1,
				      36, 37, 38, -1, 39, 40, 41, -1 ]
		}
	    }
	}
	Separator {
	    Material {
		diffuseColor	0.173186 0.8 0.152381
	    }
	    Separator {
		Normal {
		    vector	[ 0.927184 -0.374607 0,
				      0.927184 -0.374607 0,
				      0.927184 -0.374607 0,
				      0.927184 -0.374607 0,
				      0.927184 -0.374607 0,
				      0.927184 -0.374607 0,
				      0.927184 -0.374607 0,
				      0.927184 -0.374607 0,
				      0.927184 -0.374607 0,
				      0.927184 -0.374607 0,
				      0.927184 -0.374607 0,
				      0.927184 -0.374607 0,
				      0.927184 -0.374607 0,
				      0.927184 -0.374607 0,
				      0.927184 -0.374607 0,
				      0.927184 -0.374607 0,
				      0.927184 -0.374607 0,
				      0.927184 -0.374607 0,
				      0.927184 -0.374607 0,
				      0.927184 -0.374607 0,
				      0.927184 -0.374607 0,
				      0.927184 -0.374607 0,
				      0.927184 -0.374607 0,
				      0.927184 -0.374607 0,
				      0.927184 -0.374607 0,
				      0.927184 -0.374607 0,
				      0.927184 -0.374607 0,
				      0.927184 -0.374607 0,
				      0.927184 -0.374607 0,
				      0.927184 -0.374607 0 ]
		}
		IndexedFaceSet {
		    coordIndex	[ 1948, 1949, 1950, -1, 1948, 1950, 1951, -1,
				      1949, 1952, 1953, -1, 1949, 1953, 1950, -1,
				      1952, 1954, 1955, -1, 1952, 1955, 1953, -1,
				      1954, 1956, 1957, -1, 1954, 1957, 1955, -1,
				      1956, 1958, 1959, -1, 1956, 1959, 1957, -1 ]
		    normalIndex	[ 0, 1, 2, -1, 3, 4, 5, -1,
				      6, 7, 8, -1, 9, 10, 11, -1,
				      12, 13, 14, -1, 15, 16, 17, -1,
				      18, 19, 20, -1, 21, 22, 23, -1,
				      24, 25, 26, -1, 27, 28, 29, -1 ]
		}
	    }
	}
	Separator {
	    Material {
		diffuseColor	0.12 0.56 0.11
	    }
	    Separator {
		Normal {
		    vector	[ -0.927184 0.374607 0,
				      -0.927184 0.374607 0,
				      -0.927184 0.374607 0,
				      -0.927184 0.374607 0,
				      -0.927184 0.374607 0,
				      -0.927184 0.374607 0,
				      -0.927184 0.374607 0,
				      -0.927184 0.374607 0,
				      -0.927184 0.374607 0,
				      -0.927184 0.374607 0,
				      -0.927184 0.374607 0,
				      -0.927184 0.374607 0,
				      -0.927184 0.374607 0,
				      -0.927184 0.374607 0,
				      -0.927184 0.374607 0,
				      -0.927184 0.374607 0,
				      -0.927184 0.374607 0,
				      -0.927184 0.374607 0,
				      -0.927184 0.374607 0,
				      -0.927184 0.374607 0,
				      -0.927184 0.374607 0,
				      -0.927184 0.374607 0,
				      -0.927184 0.374607 0,
				      -0.927184 0.374607 0,
				      -0.927184 0.374607 0,
				      -0.927184 0.374607 0,
				      -0.927184 0.374607 0,
				      -0.927184 0.374607 0,
				      -0.927184 0.374607 0,
				      -0.927184 0.374607 0 ]
		}
		IndexedFaceSet {
		    coordIndex	[ 1960, 1961, 1962, -1, 1960, 1962, 1963, -1,
				      1961, 1964, 1965, -1, 1961, 1965, 1962, -1,
				      1964, 1966, 1967, -1, 1964, 1967, 1965, -1,
				      1966, 1968, 1969, -1, 1966, 1969, 1967, -1,
				      1968, 1970, 1971, -1, 1968, 1971, 1969, -1 ]
		    normalIndex	[ 0, 1, 2, -1, 3, 4, 5, -1,
				      6, 7, 8, -1, 9, 10, 11, -1,
				      12, 13, 14, -1, 15, 16, 17, -1,
				      18, 19, 20, -1, 21, 22, 23, -1,
				      24, 25, 26, -1, 27, 28, 29, -1 ]
		}
	    }
	}
	Separator {
	    Material {
		diffuseColor	0.57 0.31 0
	    }
	    Separator {
		Normal {
		    vector	[ 0.927184 -0.374607 0,
				      0.927184 -0.374607 0,
				      0.927184 -0.374607 0,
				      0.927184 -0.374607 0,
				      0.927184 -0.374607 0,
				      0.927184 -0.374607 0,
				      -0.927184 0.374607 0,
				      -0.927184 0.374607 0,
				      -0.927184 0.374607 0,
				      -0.927184 0.374607 0,
				      -0.927184 0.374607 0,
				      -0.927184 0.374607 0,
				      0 0 -1,
				      0 0 -1,
				      0 0 -1,
				      0 0 -1,
				      0 0 -1,
				      0 0 -1,
				      0 0 1,
				      0 0 1,
				      0 0 1,
				      0 0 1,
				      0 0 1,
				      0 0 1,
				      -0.374607 -0.927184 0,
				      -0.374607 -0.927184 0,
				      -0.374607 -0.927184 0,
				      -0.374607 -0.927184 0,
				      -0.374607 -0.927184 0,
				      -0.374607 -0.927184 0,
				      0.374607 0.927184 0,
				      0.374607 0.927184 0,
				      0.374607 0.927184 0,
				      0.374607 0.927184 0,
				      0.374607 0.927184 0,
				      0.374607 0.927184 0,
				      0 0 1,
				      -0.655618 0.264887 0.707107,
				      -0.655618 0.264887 0.707107,
				      0 0 1,
				      -0.655618 0.264887 0.707107,
				      0 0 1,
				      -0.655618 0.264887 0.707107,
				      -0.927184 0.374607 0,
				      -0.927184 0.374607 0,
				      -0.655618 0.264887 0.707107,
				      -0.927184 0.374607 0,
				      -0.655618 0.264887 0.707107,
				      0.264887 0.655618 0.707107,
				      -0.198705 0.842921 0.5,
				      -0.655618 0.264887 0.707107,
				      0.264887 0.655618 0.707107,
				      -0.655618 0.264887 0.707107,
				      0 0 1,
				      -0.198705 0.842921 0.5,
				      -0.390731 0.920505 0,
				      -0.927184 0.374607 0,
				      -0.198705 0.842921 0.5,
				      -0.927184 0.374607 0,
				      -0.655618 0.264887 0.707107,
				      -0.198705 0.842921 0.5,
				      0.374607 0.927184 0,
				      -0.198705 0.842921 0.5,
				      -0.198705 0.842921 0.5,
				      -0.198705 0.842921 0.5,
				      0.264887 0.655618 0.707107,
				      -0.198705 0.842921 0.5,
				      0.374607 0.927184 0,
				      -0.390731 0.920505 0,
				      -0.198705 0.842921 0.5,
				      -0.390731 0.920505 0,
				      -0.198705 0.842921 0.5,
				      -0.198705 0.842921 0.5,
				      -0.264887 -0.655618 0.707107,
				      -0.728479 -0.468315 0.5,
				      -0.198705 0.842921 0.5,
				      -0.728479 -0.468315 0.5,
				      -0.374607 -0.927184 0,
				      -0.198705 0.842921 0.5,
				      -0.728479 -0.468315 0.5,
				      -0.920505 -0.390731 0,
				      -0.198705 0.842921 0.5,
				      -0.920505 -0.390731 0,
				      -0.374607 -0.927184 0,
				      0 0 1,
				      -0.655618 0.264887 0.707107,
				      -0.728479 -0.468315 0.5,
				      0 0 1,
				      -0.728479 -0.468315 0.5,
				      -0.264887 -0.655618 0.707107,
				      -0.655618 0.264887 0.707107,
				      -0.927184 0.374607 0,
				      -0.920505 -0.390731 0,
				      -0.655618 0.264887 0.707107,
				      -0.920505 -0.390731 0,
				      -0.728479 -0.468315 0.5,
				      -0.927184 0.374607 0,
				      -0.655618 0.264887 -0.707107,
				      -0.655618 0.264887 -0.707107,
				      -0.927184 0.374607 0,
				      -0.655618 0.264887 -0.707107,
				      -0.927184 0.374607 0,
				      -0.655618 0.264887 -0.707107,
				      0 0 -1,
				      0 0 -1,
				      -0.655618 0.264887 -0.707107,
				      0 0 -1,
				      -0.655618 0.264887 -0.707107,
				      -0.390731 0.920505 0,
				      -0.198705 0.842921 -0.5,
				      -0.655618 0.264887 -0.707107,
				      -0.390731 0.920505 0,
				      -0.655618 0.264887 -0.707107,
				      -0.927184 0.374607 0,
				      -0.198705 0.842921 -0.5,
				      0.264887 0.655618 -0.707107,
				      0 0 -1,
				      -0.198705 0.842921 -0.5,
				      0 0 -1,
				      -0.655618 0.264887 -0.707107,
				      -0.198705 0.842921 -0.5,
				      0.374607 0.927184 0,
				      -0.198705 0.842921 -0.5,
				      -0.198705 0.842921 -0.5,
				      -0.198705 0.842921 -0.5,
				      -0.390731 0.920505 0,
				      -0.198705 0.842921 -0.5,
				      0.374607 0.927184 0,
				      0.264887 0.655618 -0.707107,
				      -0.198705 0.842921 -0.5,
				      0.264887 0.655618 -0.707107,
				      -0.198705 0.842921 -0.5,
				      -0.198705 0.842921 -0.5,
				      -0.920505 -0.390731 0,
				      -0.728479 -0.468315 -0.5,
				      -0.198705 0.842921 -0.5,
				      -0.728479 -0.468315 -0.5,
				      -0.374607 -0.927184 0,
				      -0.198705 0.842921 -0.5,
				      -0.728479 -0.468315 -0.5,
				      -0.264887 -0.655618 -0.707107,
				      -0.198705 0.842921 -0.5,
				      -0.264887 -0.655618 -0.707107,
				      -0.374607 -0.927184 0,
				      -0.927184 0.374607 0,
				      -0.655618 0.264887 -0.707107,
				      -0.728479 -0.468315 -0.5,
				      -0.927184 0.374607 0,
				      -0.728479 -0.468315 -0.5,
				      -0.920505 -0.390731 0,
				      -0.655618 0.264887 -0.707107,
				      0 0 -1,
				      -0.264887 -0.655618 -0.707107,
				      -0.655618 0.264887 -0.707107,
				      -0.264887 -0.655618 -0.707107,
				      -0.728479 -0.468315 -0.5,
				      0 0 -1,
				      0.655618 -0.264887 -0.707107,
				      0.655618 -0.264887 -0.707107,
				      0 0 -1,
				      0.655618 -0.264887 -0.707107,
				      0 0 -1,
				      0.655618 -0.264887 -0.707107,
				      0.927184 -0.374607 0,
				      0.927184 -0.374607 0,
				      0.655618 -0.264887 -0.707107,
				      0.927184 -0.374607 0,
				      0.655618 -0.264887 -0.707107,
				      0.264887 0.655618 -0.707107,
				      0.728479 0.468315 -0.5,
				      0.655618 -0.264887 -0.707107,
				      0.264887 0.655618 -0.707107,
				      0.655618 -0.264887 -0.707107,
				      0 0 -1,
				      0.728479 0.468315 -0.5,
				      0.920505 0.390731 0,
				      0.927184 -0.374607 0,
				      0.728479 0.468315 -0.5,
				      0.927184 -0.374607 0,
				      0.655618 -0.264887 -0.707107,
				      0.728479 0.468315 -0.5,
				      0.374607 0.927184 0,
				      0.728479 0.468315 -0.5,
				      0.728479 0.468315 -0.5,
				      0.728479 0.468315 -0.5,
				      0.264887 0.655618 -0.707107,
				      0.728479 0.468315 -0.5,
				      0.374607 0.927184 0,
				      0.920505 0.390731 0,
				      0.728479 0.468315 -0.5,
				      0.920505 0.390731 0,
				      0.728479 0.468315 -0.5,
				      0.728479 0.468315 -0.5,
				      -0.264887 -0.655618 -0.707107,
				      0.198705 -0.842921 -0.5,
				      0.728479 0.468315 -0.5,
				      0.198705 -0.842921 -0.5,
				      -0.374607 -0.927184 0,
				      0.728479 0.468315 -0.5,
				      0.198705 -0.842921 -0.5,
				      0.390731 -0.920505 0,
				      0.728479 0.468315 -0.5,
				      0.390731 -0.920505 0,
				      -0.374607 -0.927184 0,
				      0 0 -1,
				      0.655618 -0.264887 -0.707107,
				      0.198705 -0.842921 -0.5,
				      0 0 -1,
				      0.198705 -0.842921 -0.5,
				      -0.264887 -0.655618 -0.707107,
				      0.655618 -0.264887 -0.707107,
				      0.927184 -0.374607 0,
				      0.390731 -0.920505 0,
				      0.655618 -0.264887 -0.707107,
				      0.390731 -0.920505 0,
				      0.198705 -0.842921 -0.5,
				      0.927184 -0.374607 0,
				      0.655618 -0.264887 0.707107,
				      0.655618 -0.264887 0.707107,
				      0.927184 -0.374607 0,
				      0.655618 -0.264887 0.707107,
				      0.927184 -0.374607 0,
				      0.655618 -0.264887 0.707107,
				      0 0 1,
				      0 0 1,
				      0.655618 -0.264887 0.707107,
				      0 0 1,
				      0.655618 -0.264887 0.707107,
				      0.920505 0.390731 0,
				      0.728479 0.468315 0.5,
				      0.655618 -0.264887 0.707107,
				      0.920505 0.390731 0,
				      0.655618 -0.264887 0.707107,
				      0.927184 -0.374607 0,
				      0.728479 0.468315 0.5,
				      0.264887 0.655618 0.707107,
				      0 0 1,
				      0.728479 0.468315 0.5,
				      0 0 1,
				      0.655618 -0.264887 0.707107,
				      0.728479 0.468315 0.5,
				      0.374607 0.927184 0,
				      0.728479 0.468315 0.5,
				      0.728479 0.468315 0.5,
				      0.728479 0.468315 0.5,
				      0.920505 0.390731 0,
				      0.728479 0.468315 0.5,
				      0.374607 0.927184 0,
				      0.264887 0.655618 0.707107,
				      0.728479 0.468315 0.5,
				      0.264887 0.655618 0.707107,
				      0.728479 0.468315 0.5,
				      0.728479 0.468315 0.5,
				      0.390731 -0.920505 0,
				      0.198705 -0.842921 0.5,
				      0.728479 0.468315 0.5,
				      0.198705 -0.842921 0.5,
				      -0.374607 -0.927184 0,
				      0.728479 0.468315 0.5,
				      0.198705 -0.842921 0.5,
				      -0.264887 -0.655618 0.707107,
				      0.728479 0.468315 0.5,
				      -0.264887 -0.655618 0.707107,
				      -0.374607 -0.927184 0,
				      0.927184 -0.374607 0,
				      0.655618 -0.264887 0.707107,
				      0.198705 -0.842921 0.5,
				      0.927184 -0.374607 0,
				      0.198705 -0.842921 0.5,
				      0.390731 -0.920505 0,
				      0.655618 -0.264887 0.707107,
				      0 0 1,
				      -0.264887 -0.655618 0.707107,
				      0.655618 -0.264887 0.707107,
				      -0.264887 -0.655618 0.707107,
				      0.198705 -0.842921 0.5,
				      0 0 1,
				      0.264887 0.655618 0.707107,
				      0.264887 0.655618 0.707107,
				      0 0 1,
				      0.264887 0.655618 0.707107,
				      0 0 1,
				      0.264887 0.655618 0.707107,
				      0.374607 0.927184 0,
				      0.374607 0.927184 0,
				      0.264887 0.655618 0.707107,
				      0.374607 0.927184 0,
				      0.264887 0.655618 0.707107,
				      0.374607 0.927184 0,
				      0.264887 0.655618 -0.707107,
				      0.264887 0.655618 -0.707107,
				      0.374607 0.927184 0,
				      0.264887 0.655618 -0.707107,
				      0.374607 0.927184 0,
				      0.264887 0.655618 -0.707107,
				      0 0 -1,
				      0 0 -1,
				      0.264887 0.655618 -0.707107,
				      0 0 -1,
				      0.264887 0.655618 -0.707107,
				      0 0 -1,
				      -0.264887 -0.655618 -0.707107,
				      -0.264887 -0.655618 -0.707107,
				      0 0 -1,
				      -0.264887 -0.655618 -0.707107,
				      0 0 -1,
				      -0.264887 -0.655618 -0.707107,
				      -0.374607 -0.927184 0,
				      -0.374607 -0.927184 0,
				      -0.264887 -0.655618 -0.707107,
				      -0.374607 -0.927184 0,
				      -0.264887 -0.655618 -0.707107,
				      -0.374607 -0.927184 0,
				      -0.264887 -0.655618 0.707107,
				      -0.264887 -0.655618 0.707107,
				      -0.374607 -0.927184 0,
				      -0.264887 -0.655618 0.707107,
				      -0.374607 -0.927184 0,
				      -0.264887 -0.655618 0.707107,
				      0 0 1,
				      0 0 1,
				      -0.264887 -0.655618 0.707107,
				      0 0 1,
				      -0.264887 -0.655618 0.707107,
				      0.374607 0.927184 0,
				      -0.390731 0.920505 0,
				      -0.390731 0.920505 0,
				      0.374607 0.927184 0,
				      -0.390731 0.920505 0,
				      0.374607 0.927184 0,
				      -0.390731 0.920505 0,
				      -0.927184 0.374607 0,
				      -0.927184 0.374607 0,
				      -0.390731 0.920505 0,
				      -0.927184 0.374607 0,
				      -0.390731 0.920505 0,
				      -0.927184 0.374607 0,
				      -0.920505 -0.390731 0,
				      -0.920505 -0.390731 0,
				      -0.927184 0.374607 0,
				      -0.920505 -0.390731 0,
				      -0.927184 0.374607 0,
				      -0.920505 -0.390731 0,
				      -0.374607 -0.927184 0,
				      -0.374607 -0.927184 0,
				      -0.920505 -0.390731 0,
				      -0.374607 -0.927184 0,
				      -0.920505 -0.390731 0,
				      -0.374607 -0.927184 0,
				      0.390731 -0.920505 0,
				      0.390731 -0.920505 0,
				      -0.374607 -0.927184 0,
				      0.390731 -0.920505 0,
				      -0.374607 -0.927184 0,
				      0.390731 -0.920505 0,
				      0.927184 -0.374607 0,
				      0.927184 -0.374607 0,
				      0.390731 -0.920505 0,
				      0.927184 -0.374607 0,
				      0.390731 -0.920505 0,
				      0.927184 -0.374607 0,
				      0.920505 0.390731 0,
				      0.920505 0.390731 0,
				      0.927184 -0.374607 0,
				      0.920505 0.390731 0,
				      0.927184 -0.374607 0,
				      0.920505 0.390731 0,
				      0.374607 0.927184 0,
				      0.374607 0.927184 0,
				      0.920505 0.390731 0,
				      0.374607 0.927184 0,
				      0.920505 0.390731 0 ]
		}
		IndexedFaceSet {
		    coordIndex	[ 1972, 1973, 1974, -1, 1972, 1974, 1975, -1,
				      1976, 1977, 1978, -1, 1976, 1978, 1979, -1,
				      1980, 1981, 1982, -1, 1980, 1982, 1983, -1,
				      1984, 1985, 1986, -1, 1984, 1986, 1987, -1,
				      1988, 1989, 1990, -1, 1988, 1990, 1991, -1,
				      1992, 1993, 1994, -1, 1992, 1994, 1995, -1,
				      1985, 1996, 1997, -1, 1985, 1997, 1986, -1,
				      1996, 1976, 1979, -1, 1996, 1979, 1997, -1,
				      1998, 1999, 1996, -1, 1998, 1996, 1985, -1,
				      1999, 2000, 1976, -1, 1999, 1976, 1996, -1,
				      1999, 1993, 1999, -1, 1999, 1999, 1998, -1,
				      1999, 1993, 2000, -1, 1999, 2000, 1999, -1,
				      1999, 2001, 2002, -1, 1999, 2002, 1990, -1,
				      1999, 2002, 2003, -1, 1999, 2003, 1990, -1,
				      1986, 1997, 2002, -1, 1986, 2002, 2001, -1,
				      1997, 1979, 2003, -1, 1997, 2003, 2002, -1,
				      1977, 2004, 2005, -1, 1977, 2005, 1978, -1,
				      2004, 1980, 1983, -1, 2004, 1983, 2005, -1,
				      2006, 2007, 2004, -1, 2006, 2004, 1977, -1,
				      2007, 2008, 1980, -1, 2007, 1980, 2004, -1,
				      2007, 1992, 2007, -1, 2007, 2007, 2006, -1,
				      2007, 1992, 2008, -1, 2007, 2008, 2007, -1,
				      2007, 2009, 2010, -1, 2007, 2010, 1991, -1,
				      2007, 2010, 2011, -1, 2007, 2011, 1991, -1,
				      1978, 2005, 2010, -1, 1978, 2010, 2009, -1,
				      2005, 1983, 2011, -1, 2005, 2011, 2010, -1,
				      1981, 2012, 2013, -1, 1981, 2013, 1982, -1,
				      2012, 1972, 1975, -1, 2012, 1975, 2013, -1,
				      2014, 2015, 2012, -1, 2014, 2012, 1981, -1,
				      2015, 2016, 1972, -1, 2015, 1972, 2012, -1,
				      2015, 1995, 2015, -1, 2015, 2015, 2014, -1,
				      2015, 1995, 2016, -1, 2015, 2016, 2015, -1,
				      2015, 2017, 2018, -1, 2015, 2018, 1988, -1,
				      2015, 2018, 2019, -1, 2015, 2019, 1988, -1,
				      1982, 2013, 2018, -1, 1982, 2018, 2017, -1,
				      2013, 1975, 2019, -1, 2013, 2019, 2018, -1,
				      1973, 2020, 2021, -1, 1973, 2021, 1974, -1,
				      2020, 1984, 1987, -1, 2020, 1987, 2021, -1,
				      2022, 2023, 2020, -1, 2022, 2020, 1973, -1,
				      2023, 2024, 1984, -1, 2023, 1984, 2020, -1,
				      2023, 1994, 2023, -1, 2023, 2023, 2022, -1,
				      2023, 1994, 2024, -1, 2023, 2024, 2023, -1,
				      2023, 2025, 2026, -1, 2023, 2026, 1989, -1,
				      2023, 2026, 2027, -1, 2023, 2027, 1989, -1,
				      1974, 2021, 2026, -1, 1974, 2026, 2025, -1,
				      2021, 1987, 2027, -1, 2021, 2027, 2026, -1,
				      1984, 2024, 1998, -1, 1984, 1998, 1985, -1,
				      2024, 1994, 1993, -1, 2024, 1993, 1998, -1,
				      1995, 2014, 2008, -1, 1995, 2008, 1992, -1,
				      2014, 1981, 1980, -1, 2014, 1980, 2008, -1,
				      1982, 2017, 2011, -1, 1982, 2011, 1983, -1,
				      2017, 1988, 1991, -1, 2017, 1991, 2011, -1,
				      1989, 2027, 2001, -1, 1989, 2001, 1990, -1,
				      2027, 1987, 1986, -1, 2027, 1986, 2001, -1,
				      1992, 2006, 2000, -1, 1992, 2000, 1993, -1,
				      2006, 1977, 1976, -1, 2006, 1976, 2000, -1,
				      1978, 2009, 2003, -1, 1978, 2003, 1979, -1,
				      2009, 1991, 1990, -1, 2009, 1990, 2003, -1,
				      1988, 2019, 2025, -1, 1988, 2025, 1989, -1,
				      2019, 1975, 1974, -1, 2019, 1974, 2025, -1,
				      1972, 2016, 2022, -1, 1972, 2022, 1973, -1,
				      2016, 1995, 1994, -1, 2016, 1994, 2022, -1 ]
		    normalIndex	[ 0, 1, 2, -1, 3, 4, 5, -1,
				      6, 7, 8, -1, 9, 10, 11, -1,
				      12, 13, 14, -1, 15, 16, 17, -1,
				      18, 19, 20, -1, 21, 22, 23, -1,
				      24, 25, 26, -1, 27, 28, 29, -1,
				      30, 31, 32, -1, 33, 34, 35, -1,
				      36, 37, 38, -1, 39, 40, 41, -1,
				      42, 43, 44, -1, 45, 46, 47, -1,
				      48, 49, 50, -1, 51, 52, 53, -1,
				      54, 55, 56, -1, 57, 58, 59, -1,
				      60, 61, 62, -1, 63, 64, 65, -1,
				      66, 67, 68, -1, 69, 70, 71, -1,
				      72, 73, 74, -1, 75, 76, 77, -1,
				      78, 79, 80, -1, 81, 82, 83, -1,
				      84, 85, 86, -1, 87, 88, 89, -1,
				      90, 91, 92, -1, 93, 94, 95, -1,
				      96, 97, 98, -1, 99, 100, 101, -1,
				      102, 103, 104, -1, 105, 106, 107, -1,
				      108, 109, 110, -1, 111, 112, 113, -1,
				      114, 115, 116, -1, 117, 118, 119, -1,
				      120, 121, 122, -1, 123, 124, 125, -1,
				      126, 127, 128, -1, 129, 130, 131, -1,
				      132, 133, 134, -1, 135, 136, 137, -1,
				      138, 139, 140, -1, 141, 142, 143, -1,
				      144, 145, 146, -1, 147, 148, 149, -1,
				      150, 151, 152, -1, 153, 154, 155, -1,
				      156, 157, 158, -1, 159, 160, 161, -1,
				      162, 163, 164, -1, 165, 166, 167, -1,
				      168, 169, 170, -1, 171, 172, 173, -1,
				      174, 175, 176, -1, 177, 178, 179, -1,
				      180, 181, 182, -1, 183, 184, 185, -1,
				      186, 187, 188, -1, 189, 190, 191, -1,
				      192, 193, 194, -1, 195, 196, 197, -1,
				      198, 199, 200, -1, 201, 202, 203, -1,
				      204, 205, 206, -1, 207, 208, 209, -1,
				      210, 211, 212, -1, 213, 214, 215, -1,
				      216, 217, 218, -1, 219, 220, 221, -1,
				      222, 223, 224, -1, 225, 226, 227, -1,
				      228, 229, 230, -1, 231, 232, 233, -1,
				      234, 235, 236, -1, 237, 238, 239, -1,
				      240, 241, 242, -1, 243, 244, 245, -1,
				      246, 247, 248, -1, 249, 250, 251, -1,
				      252, 253, 254, -1, 255, 256, 257, -1,
				      258, 259, 260, -1, 261, 262, 263, -1,
				      264, 265, 266, -1, 267, 268, 269, -1,
				      270, 271, 272, -1, 273, 274, 275, -1,
				      276, 277, 278, -1, 279, 280, 281, -1,
				      282, 283, 284, -1, 285, 286, 287, -1,
				      288, 289, 290, -1, 291, 292, 293, -1,
				      294, 295, 296, -1, 297, 298, 299, -1,
				      300, 301, 302, -1, 303, 304, 305, -1,
				      306, 307, 308, -1, 309, 310, 311, -1,
				      312, 313, 314, -1, 315, 316, 317, -1,
				      318, 319, 320, -1, 321, 322, 323, -1,
				      324, 325, 326, -1, 327, 328, 329, -1,
				      330, 331, 332, -1, 333, 334, 335, -1,
				      336, 337, 338, -1, 339, 340, 341, -1,
				      342, 343, 344, -1, 345, 346, 347, -1,
				      348, 349, 350, -1, 351, 352, 353, -1,
				      354, 355, 356, -1, 357, 358, 359, -1,
				      360, 361, 362, -1, 363, 364, 365, -1,
				      366, 367, 368, -1, 369, 370, 371, -1 ]
		}
	    }
	}
	Separator {
	    Material {
		diffuseColor	0.38 0.17 0
	    }
	    Separator {
		Normal {
		    vector	[ 1 0 0,
				      1 0 0,
				      1 0 0,
				      1 0 0,
				      1 0 0,
				      1 0 0,
				      -1 0 0,
				      -1 0 0,
				      -1 0 0,
				      -1 0 0,
				      -1 0 0,
				      -1 0 0,
				      0 0 -1,
				      0 0 -1,
				      0 0 -1,
				      0 0 -1,
				      0 0 -1,
				      0 0 -1,
				      0 0 1,
				      0 0 1,
				      0 0 1,
				      0 0 1,
				      0 0 1,
				      0 0 1,
				      0 -1 0,
				      0 -1 0,
				      0 -1 0,
				      0 -1 0,
				      0 -1 0,
				      0 -1 0,
				      0 1 0,
				      0 1 0,
				      0 1 0,
				      0 1 0,
				      0 1 0,
				      0 1 0,
				      0 0 1,
				      -0.707107 0 0.707107,
				      -0.707107 0 0.707107,
				      0 0 1,
				      -0.707107 0 0.707107,
				      0 0 1,
				      -0.707107 0 0.707107,
				      -1 0 0,
				      -1 0 0,
				      -0.707107 0 0.707107,
				      -1 0 0,
				      -0.707107 0 0.707107,
				      0 0.707107 0.707107,
				      -0.5 0.707107 0.5,
				      -0.707107 0 0.707107,
				      0 0.707107 0.707107,
				      -0.707107 0 0.707107,
				      0 0 1,
				      -0.5 0.707107 0.5,
				      -0.707107 0.707107 0,
				      -1 0 0,
				      -0.5 0.707107 0.5,
				      -1 0 0,
				      -0.707107 0 0.707107,
				      -0.5 0.707107 0.5,
				      0 1 0,
				      -0.5 0.707107 0.5,
				      -0.5 0.707107 0.5,
				      -0.5 0.707107 0.5,
				      0 0.707107 0.707107,
				      -0.5 0.707107 0.5,
				      0 1 0,
				      -0.707107 0.707107 0,
				      -0.5 0.707107 0.5,
				      -0.707107 0.707107 0,
				      -0.5 0.707107 0.5,
				      -0.5 0.707107 0.5,
				      0 -0.707107 0.707107,
				      -0.5 -0.707107 0.5,
				      -0.5 0.707107 0.5,
				      -0.5 -0.707107 0.5,
				      0 -1 0,
				      -0.5 0.707107 0.5,
				      -0.5 -0.707107 0.5,
				      -0.707107 -0.707107 0,
				      -0.5 0.707107 0.5,
				      -0.707107 -0.707107 0,
				      0 -1 0,
				      0 0 1,
				      -0.707107 0 0.707107,
				      -0.5 -0.707107 0.5,
				      0 0 1,
				      -0.5 -0.707107 0.5,
				      0 -0.707107 0.707107,
				      -0.707107 0 0.707107,
				      -1 0 0,
				      -0.707107 -0.707107 0,
				      -0.707107 0 0.707107,
				      -0.707107 -0.707107 0,
				      -0.5 -0.707107 0.5,
				      -1 0 0,
				      -0.707107 0 -0.707107,
				      -0.707107 0 -0.707107,
				      -1 0 0,
				      -0.707107 0 -0.707107,
				      -1 0 0,
				      -0.707107 0 -0.707107,
				      0 0 -1,
				      0 0 -1,
				      -0.707107 0 -0.707107,
				      0 0 -1,
				      -0.707107 0 -0.707107,
				      -0.707107 0.707107 0,
				      -0.5 0.707107 -0.5,
				      -0.707107 0 -0.707107,
				      -0.707107 0.707107 0,
				      -0.707107 0 -0.707107,
				      -1 0 0,
				      -0.5 0.707107 -0.5,
				      0 0.707107 -0.707107,
				      0 0 -1,
				      -0.5 0.707107 -0.5,
				      0 0 -1,
				      -0.707107 0 -0.707107,
				      -0.5 0.707107 -0.5,
				      0 1 0,
				      -0.5 0.707107 -0.5,
				      -0.5 0.707107 -0.5,
				      -0.5 0.707107 -0.5,
				      -0.707107 0.707107 0,
				      -0.5 0.707107 -0.5,
				      0 1 0,
				      0 0.707107 -0.707107,
				      -0.5 0.707107 -0.5,
				      0 0.707107 -0.707107,
				      -0.5 0.707107 -0.5,
				      -0.5 0.707107 -0.5,
				      -0.707107 -0.707107 0,
				      -0.5 -0.707107 -0.5,
				      -0.5 0.707107 -0.5,
				      -0.5 -0.707107 -0.5,
				      0 -1 0,
				      -0.5 0.707107 -0.5,
				      -0.5 -0.707107 -0.5,
				      0 -0.707107 -0.707107,
				      -0.5 0.707107 -0.5,
				      0 -0.707107 -0.707107,
				      0 -1 0,
				      -1 0 0,
				      -0.707107 0 -0.707107,
				      -0.5 -0.707107 -0.5,
				      -1 0 0,
				      -0.5 -0.707107 -0.5,
				      -0.707107 -0.707107 0,
				      -0.707107 0 -0.707107,
				      0 0 -1,
				      0 -0.707107 -0.707107,
				      -0.707107 0 -0.707107,
				      0 -0.707107 -0.707107,
				      -0.5 -0.707107 -0.5,
				      0 0 -1,
				      0.707107 0 -0.707107,
				      0.707107 0 -0.707107,
				      0 0 -1,
				      0.707107 0 -0.707107,
				      0 0 -1,
				      0.707107 0 -0.707107,
				      1 0 0,
				      1 0 0,
				      0.707107 0 -0.707107,
				      1 0 0,
				      0.707107 0 -0.707107,
				      0 0.707107 -0.707107,
				      0.5 0.707107 -0.5,
				      0.707107 0 -0.707107,
				      0 0.707107 -0.707107,
				      0.707107 0 -0.707107,
				      0 0 -1,
				      0.5 0.707107 -0.5,
				      0.707107 0.707107 0,
				      1 0 0,
				      0.5 0.707107 -0.5,
				      1 0 0,
				      0.707107 0 -0.707107,
				      0.5 0.707107 -0.5,
				      0 1 0,
				      0.5 0.707107 -0.5,
				      0.5 0.707107 -0.5,
				      0.5 0.707107 -0.5,
				      0 0.707107 -0.707107,
				      0.5 0.707107 -0.5,
				      0 1 0,
				      0.707107 0.707107 0,
				      0.5 0.707107 -0.5,
				      0.707107 0.707107 0,
				      0.5 0.707107 -0.5,
				      0.5 0.707107 -0.5,
				      0 -0.707107 -0.707107,
				      0.5 -0.707107 -0.5,
				      0.5 0.707107 -0.5,
				      0.5 -0.707107 -0.5,
				      0 -1 0,
				      0.5 0.707107 -0.5,
				      0.5 -0.707107 -0.5,
				      0.707107 -0.707107 0,
				      0.5 0.707107 -0.5,
				      0.707107 -0.707107 0,
				      0 -1 0,
				      0 0 -1,
				      0.707107 0 -0.707107,
				      0.5 -0.707107 -0.5,
				      0 0 -1,
				      0.5 -0.707107 -0.5,
				      0 -0.707107 -0.707107,
				      0.707107 0 -0.707107,
				      1 0 0,
				      0.707107 -0.707107 0,
				      0.707107 0 -0.707107,
				      0.707107 -0.707107 0,
				      0.5 -0.707107 -0.5,
				      1 0 0,
				      0.707107 0 0.707107,
				      0.707107 0 0.707107,
				      1 0 0,
				      0.707107 0 0.707107,
				      1 0 0,
				      0.707107 0 0.707107,
				      0 0 1,
				      0 0 1,
				      0.707107 0 0.707107,
				      0 0 1,
				      0.707107 0 0.707107,
				      0.707107 0.707107 0,
				      0.5 0.707107 0.5,
				      0.707107 0 0.707107,
				      0.707107 0.707107 0,
				      0.707107 0 0.707107,
				      1 0 0,
				      0.5 0.707107 0.5,
				      0 0.707107 0.707107,
				      0 0 1,
				      0.5 0.707107 0.5,
				      0 0 1,
				      0.707107 0 0.707107,
				      0.5 0.707107 0.5,
				      0 1 0,
				      0.5 0.707107 0.5,
				      0.5 0.707107 0.5,
				      0.5 0.707107 0.5,
				      0.707107 0.707107 0,
				      0.5 0.707107 0.5,
				      0 1 0,
				      0 0.707107 0.707107,
				      0.5 0.707107 0.5,
				      0 0.707107 0.707107,
				      0.5 0.707107 0.5,
				      0.5 0.707107 0.5,
				      0.707107 -0.707107 0,
				      0.5 -0.707107 0.5,
				      0.5 0.707107 0.5,
				      0.5 -0.707107 0.5,
				      0 -1 0,
				      0.5 0.707107 0.5,
				      0.5 -0.707107 0.5,
				      0 -0.707107 0.707107,
				      0.5 0.707107 0.5,
				      0 -0.707107 0.707107,
				      0 -1 0,
				      1 0 0,
				      0.707107 0 0.707107,
				      0.5 -0.707107 0.5,
				      1 0 0,
				      0.5 -0.707107 0.5,
				      0.707107 -0.707107 0,
				      0.707107 0 0.707107,
				      0 0 1,
				      0 -0.707107 0.707107,
				      0.707107 0 0.707107,
				      0 -0.707107 0.707107,
				      0.5 -0.707107 0.5,
				      0 0 1,
				      0 0.707107 0.707107,
				      0 0.707107 0.707107,
				      0 0 1,
				      0 0.707107 0.707107,
				      0 0 1,
				      0 0.707107 0.707107,
				      0 1 0,
				      0 1 0,
				      0 0.707107 0.707107,
				      0 1 0,
				      0 0.707107 0.707107,
				      0 1 0,
				      0 0.707107 -0.707107,
				      0 0.707107 -0.707107,
				      0 1 0,
				      0 0.707107 -0.707107,
				      0 1 0,
				      0 0.707107 -0.707107,
				      0 0 -1,
				      0 0 -1,
				      0 0.707107 -0.707107,
				      0 0 -1,
				      0 0.707107 -0.707107,
				      0 0 -1,
				      0 -0.707107 -0.707107,
				      0 -0.707107 -0.707107,
				      0 0 -1,
				      0 -0.707107 -0.707107,
				      0 0 -1,
				      0 -0.707107 -0.707107,
				      0 -1 0,
				      0 -1 0,
				      0 -0.707107 -0.707107,
				      0 -1 0,
				      0 -0.707107 -0.707107,
				      0 -1 0,
				      0 -0.707107 0.707107,
				      0 -0.707107 0.707107,
				      0 -1 0,
				      0 -0.707107 0.707107,
				      0 -1 0,
				      0 -0.707107 0.707107,
				      0 0 1,
				      0 0 1,
				      0 -0.707107 0.707107,
				      0 0 1,
				      0 -0.707107 0.707107,
				      0 1 0,
				      -0.707107 0.707107 0,
				      -0.707107 0.707107 0,
				      0 1 0,
				      -0.707107 0.707107 0,
				      0 1 0,
				      -0.707107 0.707107 0,
				      -1 0 0,
				      -1 0 0,
				      -0.707107 0.707107 0,
				      -1 0 0,
				      -0.707107 0.707107 0,
				      -1 0 0,
				      -0.707107 -0.707107 0,
				      -0.707107 -0.707107 0,
				      -1 0 0,
				      -0.707107 -0.707107 0,
				      -1 0 0,
				      -0.707107 -0.707107 0,
				      0 -1 0,
				      0 -1 0,
				      -0.707107 -0.707107 0,
				      0 -1 0,
				      -0.707107 -0.707107 0,
				      0 -1 0,
				      0.707107 -0.707107 0,
				      0.707107 -0.707107 0,
				      0 -1 0,
				      0.707107 -0.707107 0,
				      0 -1 0,
				      0.707107 -0.707107 0,
				      1 0 0,
				      1 0 0,
				      0.707107 -0.707107 0,
				      1 0 0,
				      0.707107 -0.707107 0,
				      1 0 0,
				      0.707107 0.707107 0,
				      0.707107 0.707107 0,
				      1 0 0,
				      0.707107 0.707107 0,
				      1 0 0,
				      0.707107 0.707107 0,
				      0 1 0,
				      0 1 0,
				      0.707107 0.707107 0,
				      0 1 0,
				      0.707107 0.707107 0 ]
		}
		IndexedFaceSet {
		    coordIndex	[ 2028, 2029, 2030, -1, 2028, 2030, 2031, -1,
				      2032, 2033, 2034, -1, 2032, 2034, 2035, -1,
				      2036, 2037, 2038, -1, 2036, 2038, 2039, -1,
				      2040, 2041, 2042, -1, 2040, 2042, 2043, -1,
				      2044, 2045, 2046, -1, 2044, 2046, 2047, -1,
				      2048, 2049, 2050, -1, 2048, 2050, 2051, -1,
				      2041, 2052, 2053, -1, 2041, 2053, 2042, -1,
				      2052, 2032, 2035, -1, 2052, 2035, 2053, -1,
				      2054, 2055, 2052, -1, 2054, 2052, 2041, -1,
				      2055, 2056, 2032, -1, 2055, 2032, 2052, -1,
				      2055, 2049, 2055, -1, 2055, 2055, 2054, -1,
				      2055, 2049, 2056, -1, 2055, 2056, 2055, -1,
				      2055, 2057, 2058, -1, 2055, 2058, 2046, -1,
				      2055, 2058, 2059, -1, 2055, 2059, 2046, -1,
				      2042, 2053, 2058, -1, 2042, 2058, 2057, -1,
				      2053, 2035, 2059, -1, 2053, 2059, 2058, -1,
				      2033, 2060, 2061, -1, 2033, 2061, 2034, -1,
				      2060, 2036, 2039, -1, 2060, 2039, 2061, -1,
				      2062, 2063, 2060, -1, 2062, 2060, 2033, -1,
				      2063, 2064, 2036, -1, 2063, 2036, 2060, -1,
				      2063, 2048, 2063, -1, 2063, 2063, 2062, -1,
				      2063, 2048, 2064, -1, 2063, 2064, 2063, -1,
				      2063, 2065, 2066, -1, 2063, 2066, 2047, -1,
				      2063, 2066, 2067, -1, 2063, 2067, 2047, -1,
				      2034, 2061, 2066, -1, 2034, 2066, 2065, -1,
				      2061, 2039, 2067, -1, 2061, 2067, 2066, -1,
				      2037, 2068, 2069, -1, 2037, 2069, 2038, -1,
				      2068, 2028, 2031, -1, 2068, 2031, 2069, -1,
				      2070, 2071, 2068, -1, 2070, 2068, 2037, -1,
				      2071, 2072, 2028, -1, 2071, 2028, 2068, -1,
				      2071, 2051, 2071, -1, 2071, 2071, 2070, -1,
				      2071, 2051, 2072, -1, 2071, 2072, 2071, -1,
				      2071, 2073, 2074, -1, 2071, 2074, 2044, -1,
				      2071, 2074, 2075, -1, 2071, 2075, 2044, -1,
				      2038, 2069, 2074, -1, 2038, 2074, 2073, -1,
				      2069, 2031, 2075, -1, 2069, 2075, 2074, -1,
				      2029, 2076, 2077, -1, 2029, 2077, 2030, -1,
				      2076, 2040, 2043, -1, 2076, 2043, 2077, -1,
				      2078, 2079, 2076, -1, 2078, 2076, 2029, -1,
				      2079, 2080, 2040, -1, 2079, 2040, 2076, -1,
				      2079, 2050, 2079, -1, 2079, 2079, 2078, -1,
				      2079, 2050, 2080, -1, 2079, 2080, 2079, -1,
				      2079, 2081, 2082, -1, 2079, 2082, 2045, -1,
				      2079, 2082, 2083, -1, 2079, 2083, 2045, -1,
				      2030, 2077, 2082, -1, 2030, 2082, 2081, -1,
				      2077, 2043, 2083, -1, 2077, 2083, 2082, -1,
				      2040, 2080, 2054, -1, 2040, 2054, 2041, -1,
				      2080, 2050, 2049, -1, 2080, 2049, 2054, -1,
				      2051, 2070, 2064, -1, 2051, 2064, 2048, -1,
				      2070, 2037, 2036, -1, 2070, 2036, 2064, -1,
				      2038, 2073, 2067, -1, 2038, 2067, 2039, -1,
				      2073, 2044, 2047, -1, 2073, 2047, 2067, -1,
				      2045, 2083, 2057, -1, 2045, 2057, 2046, -1,
				      2083, 2043, 2042, -1, 2083, 2042, 2057, -1,
				      2048, 2062, 2056, -1, 2048, 2056, 2049, -1,
				      2062, 2033, 2032, -1, 2062, 2032, 2056, -1,
				      2034, 2065, 2059, -1, 2034, 2059, 2035, -1,
				      2065, 2047, 2046, -1, 2065, 2046, 2059, -1,
				      2044, 2075, 2081, -1, 2044, 2081, 2045, -1,
				      2075, 2031, 2030, -1, 2075, 2030, 2081, -1,
				      2028, 2072, 2078, -1, 2028, 2078, 2029, -1,
				      2072, 2051, 2050, -1, 2072, 2050, 2078, -1 ]
		    normalIndex	[ 0, 1, 2, -1, 3, 4, 5, -1,
				      6, 7, 8, -1, 9, 10, 11, -1,
				      12, 13, 14, -1, 15, 16, 17, -1,
				      18, 19, 20, -1, 21, 22, 23, -1,
				      24, 25, 26, -1, 27, 28, 29, -1,
				      30, 31, 32, -1, 33, 34, 35, -1,
				      36, 37, 38, -1, 39, 40, 41, -1,
				      42, 43, 44, -1, 45, 46, 47, -1,
				      48, 49, 50, -1, 51, 52, 53, -1,
				      54, 55, 56, -1, 57, 58, 59, -1,
				      60, 61, 62, -1, 63, 64, 65, -1,
				      66, 67, 68, -1, 69, 70, 71, -1,
				      72, 73, 74, -1, 75, 76, 77, -1,
				      78, 79, 80, -1, 81, 82, 83, -1,
				      84, 85, 86, -1, 87, 88, 89, -1,
				      90, 91, 92, -1, 93, 94, 95, -1,
				      96, 97, 98, -1, 99, 100, 101, -1,
				      102, 103, 104, -1, 105, 106, 107, -1,
				      108, 109, 110, -1, 111, 112, 113, -1,
				      114, 115, 116, -1, 117, 118, 119, -1,
				      120, 121, 122, -1, 123, 124, 125, -1,
				      126, 127, 128, -1, 129, 130, 131, -1,
				      132, 133, 134, -1, 135, 136, 137, -1,
				      138, 139, 140, -1, 141, 142, 143, -1,
				      144, 145, 146, -1, 147, 148, 149, -1,
				      150, 151, 152, -1, 153, 154, 155, -1,
				      156, 157, 158, -1, 159, 160, 161, -1,
				      162, 163, 164, -1, 165, 166, 167, -1,
				      168, 169, 170, -1, 171, 172, 173, -1,
				      174, 175, 176, -1, 177, 178, 179, -1,
				      180, 181, 182, -1, 183, 184, 185, -1,
				      186, 187, 188, -1, 189, 190, 191, -1,
				      192, 193, 194, -1, 195, 196, 197, -1,
				      198, 199, 200, -1, 201, 202, 203, -1,
				      204, 205, 206, -1, 207, 208, 209, -1,
				      210, 211, 212, -1, 213, 214, 215, -1,
				      216, 217, 218, -1, 219, 220, 221, -1,
				      222, 223, 224, -1, 225, 226, 227, -1,
				      228, 229, 230, -1, 231, 232, 233, -1,
				      234, 235, 236, -1, 237, 238, 239, -1,
				      240, 241, 242, -1, 243, 244, 245, -1,
				      246, 247, 248, -1, 249, 250, 251, -1,
				      252, 253, 254, -1, 255, 256, 257, -1,
				      258, 259, 260, -1, 261, 262, 263, -1,
				      264, 265, 266, -1, 267, 268, 269, -1,
				      270, 271, 272, -1, 273, 274, 275, -1,
				      276, 277, 278, -1, 279, 280, 281, -1,
				      282, 283, 284, -1, 285, 286, 287, -1,
				      288, 289, 290, -1, 291, 292, 293, -1,
				      294, 295, 296, -1, 297, 298, 299, -1,
				      300, 301, 302, -1, 303, 304, 305, -1,
				      306, 307, 308, -1, 309, 310, 311, -1,
				      312, 313, 314, -1, 315, 316, 317, -1,
				      318, 319, 320, -1, 321, 322, 323, -1,
				      324, 325, 326, -1, 327, 328, 329, -1,
				      330, 331, 332, -1, 333, 334, 335, -1,
				      336, 337, 338, -1, 339, 340, 341, -1,
				      342, 343, 344, -1, 345, 346, 347, -1,
				      348, 349, 350, -1, 351, 352, 353, -1,
				      354, 355, 356, -1, 357, 358, 359, -1,
				      360, 361, 362, -1, 363, 364, 365, -1,
				      366, 367, 368, -1, 369, 370, 371, -1 ]
		}
	    }
	}
	Separator {
	    Separator {
		Normal {
		    vector	[ 0.107424 -0.97279 -0.205281,
				      0.187095 -0.97279 -0.136659,
				      0.187095 -0.97279 -0.136659,
				      0.107424 -0.97279 -0.205281,
				      0.187095 -0.97279 -0.136659,
				      0.107424 -0.97279 -0.205281,
				      0.187095 -0.97279 -0.136659,
				      0.230782 -0.97279 -0.020498,
				      0.230782 -0.97279 -0.020498,
				      0.187095 -0.97279 -0.136659,
				      0.230782 -0.97279 -0.020498,
				      0.187095 -0.97279 -0.136659,
				      0.230782 -0.97279 -0.020498,
				      0.215109 -0.97279 0.086073,
				      0.215109 -0.97279 0.086073,
				      0.230782 -0.97279 -0.020498,
				      0.215109 -0.97279 0.086073,
				      0.230782 -0.97279 -0.020498,
				      0.215109 -0.97279 0.086073,
				      0.176142 -0.97279 0.150513,
				      0.176142 -0.97279 0.150513,
				      0.215109 -0.97279 0.086073,
				      0.176142 -0.97279 0.150513,
				      0.215109 -0.97279 0.086073,
				      0.176142 -0.97279 0.150513,
				      0.139 -0.97279 0.185363,
				      0.139 -0.97279 0.185363,
				      0.176142 -0.97279 0.150513,
				      0.139 -0.97279 0.185363,
				      0.176142 -0.97279 0.150513,
				      0.139 -0.97279 0.185363,
				      0.109401 -0.97279 0.204235,
				      0.109401 -0.97279 0.204235,
				      0.139 -0.97279 0.185363,
				      0.109401 -0.97279 0.204235,
				      0.139 -0.97279 0.185363,
				      0.109401 -0.97279 0.204235,
				      0.087355 -0.97279 0.214591,
				      0.087355 -0.97279 0.214591,
				      0.109401 -0.97279 0.204235,
				      0.087355 -0.97279 0.214591,
				      0.109401 -0.97279 0.204235,
				      0.087355 -0.97279 0.214591,
				      0.071093 -0.97279 0.220513,
				      0.071093 -0.97279 0.220513,
				      0.087355 -0.97279 0.214591,
				      0.071093 -0.97279 0.220513,
				      0.087355 -0.97279 0.214591,
				      0.071093 -0.97279 0.220513,
				      0.058735 -0.97279 0.224122,
				      0.058736 -0.97279 0.224122,
				      0.071093 -0.97279 0.220513,
				      0.058736 -0.97279 0.224122,
				      0.071093 -0.97279 0.220513,
				      0.058735 -0.97279 0.224122,
				      0.048469 -0.97279 0.226564,
				      0.048469 -0.97279 0.226564,
				      0.058735 -0.97279 0.224122,
				      0.048469 -0.97279 0.226564,
				      0.058736 -0.97279 0.224122,
				      0.048469 -0.97279 0.226564,
				      0.038892 -0.97279 0.228403,
				      0.038892 -0.97279 0.228403,
				      0.048469 -0.97279 0.226564,
				      0.038892 -0.97279 0.228403,
				      0.048469 -0.97279 0.226564,
				      0.038892 -0.97279 0.228403,
				      0.029195 -0.97279 0.229843,
				      0.029195 -0.97279 0.229843,
				      0.038892 -0.97279 0.228403,
				      0.029195 -0.97279 0.229843,
				      0.038892 -0.97279 0.228403,
				      0.029195 -0.97279 0.229843,
				      0.019479 -0.97279 0.23087,
				      0.019479 -0.97279 0.23087,
				      0.029195 -0.97279 0.229843,
				      0.019479 -0.97279 0.23087,
				      0.029195 -0.97279 0.229843,
				      0.019479 -0.97279 0.23087,
				      0.011282 -0.97279 0.231415,
				      0.011282 -0.97279 0.231415,
				      0.019479 -0.97279 0.23087,
				      0.011282 -0.97279 0.231415,
				      0.019479 -0.97279 0.23087,
				      0.011282 -0.97279 0.231415,
				      0.005538 -0.97279 0.231624,
				      0.005538 -0.97279 0.231624,
				      0.011282 -0.97279 0.231415,
				      0.005538 -0.97279 0.231624,
				      0.011282 -0.97279 0.231415,
				      0.005538 -0.97279 0.231624,
				      0.001922 -0.97279 0.231682,
				      0.001922 -0.97279 0.231682,
				      0.005538 -0.97279 0.231624,
				      0.001922 -0.97279 0.231682,
				      0.005538 -0.97279 0.231624,
				      0.001922 -0.97279 0.231682,
				      8.7e-05 -0.97279 0.23169,
				      8.7e-05 -0.97279 0.23169,
				      0.001922 -0.97279 0.231682,
				      8.7e-05 -0.97279 0.23169,
				      0.001922 -0.97279 0.231682,
				      8.7e-05 -0.97279 0.23169,
				      -0.002544 -0.97279 0.231676,
				      -0.002544 -0.97279 0.231676,
				      8.7e-05 -0.97279 0.23169,
				      -0.002544 -0.97279 0.231676,
				      8.7e-05 -0.97279 0.23169,
				      -0.002544 -0.97279 0.231676,
				      -0.011001 -0.97279 0.231429,
				      -0.011001 -0.97279 0.231429,
				      -0.002544 -0.97279 0.231676,
				      -0.011001 -0.97279 0.231429,
				      -0.002544 -0.97279 0.231676,
				      -0.011001 -0.97279 0.231429,
				      -0.031353 -0.97279 0.229559,
				      -0.031353 -0.97279 0.229559,
				      -0.011001 -0.97279 0.231429,
				      -0.031353 -0.97279 0.229559,
				      -0.011001 -0.97279 0.231429,
				      -0.031353 -0.97279 0.229559,
				      -0.069657 -0.97279 0.220971,
				      -0.069657 -0.97279 0.220971,
				      -0.031353 -0.97279 0.229559,
				      -0.069657 -0.97279 0.220971,
				      -0.031353 -0.97279 0.229559,
				      -0.069657 -0.97279 0.220971,
				      -0.121172 -0.97279 0.197478,
				      -0.121172 -0.97279 0.197478,
				      -0.069657 -0.97279 0.220971,
				      -0.121172 -0.97279 0.197478,
				      -0.069657 -0.97279 0.220971,
				      -0.121172 -0.97279 0.197478,
				      -0.168933 -0.97279 0.158562,
				      -0.168933 -0.97279 0.158562,
				      -0.121172 -0.97279 0.197478,
				      -0.168933 -0.97279 0.158562,
				      -0.121172 -0.97279 0.197478,
				      -0.168933 -0.97279 0.158562,
				      -0.201337 -0.97279 0.114646,
				      -0.201337 -0.97279 0.114646,
				      -0.168933 -0.97279 0.158562,
				      -0.201337 -0.97279 0.114646,
				      -0.168933 -0.97279 0.158562,
				      -0.201337 -0.97279 0.114646,
				      -0.218628 -0.97279 0.076696,
				      -0.218628 -0.97279 0.076696,
				      -0.201337 -0.97279 0.114646,
				      -0.218628 -0.97279 0.076696,
				      -0.201337 -0.97279 0.114646,
				      -0.218628 -0.97279 0.076696,
				      -0.226825 -0.97279 0.04723,
				      -0.226825 -0.97279 0.04723,
				      -0.218628 -0.97279 0.076696,
				      -0.226825 -0.97279 0.04723,
				      -0.218628 -0.97279 0.076696,
				      -0.226825 -0.97279 0.04723,
				      -0.230755 -0.97279 0.020795,
				      -0.230755 -0.97279 0.020795,
				      -0.226825 -0.97279 0.04723,
				      -0.230755 -0.97279 0.020795,
				      -0.226825 -0.97279 0.04723,
				      -0.230755 -0.97279 0.020795,
				      -0.231609 -0.97279 -0.006139,
				      -0.231609 -0.97279 -0.006139,
				      -0.230755 -0.97279 0.020795,
				      -0.231609 -0.97279 -0.006139,
				      -0.230755 -0.97279 0.020795,
				      -0.231609 -0.97279 -0.006139,
				      -0.229352 -0.97279 -0.03283,
				      -0.229352 -0.97279 -0.03283,
				      -0.231609 -0.97279 -0.006139,
				      -0.229352 -0.97279 -0.03283,
				      -0.231609 -0.97279 -0.006139,
				      -0.229352 -0.97279 -0.03283,
				      -0.223824 -0.97279 -0.059861,
				      -0.223824 -0.97279 -0.059861,
				      -0.229352 -0.97279 -0.03283,
				      -0.223824 -0.97279 -0.059861,
				      -0.229352 -0.97279 -0.03283,
				      -0.223824 -0.97279 -0.059861,
				      -0.212316 -0.97279 -0.092747,
				      -0.212316 -0.97279 -0.092747,
				      -0.223824 -0.97279 -0.059861,
				      -0.212316 -0.97279 -0.092747,
				      -0.223824 -0.97279 -0.059861,
				      -0.212316 -0.97279 -0.092747,
				      -0.188707 -0.97279 -0.134424,
				      -0.188707 -0.97279 -0.134424,
				      -0.212316 -0.97279 -0.092747,
				      -0.188707 -0.97279 -0.134424,
				      -0.212316 -0.97279 -0.092747,
				      -0.188707 -0.97279 -0.134424,
				      -0.148765 -0.97279 -0.177622,
				      -0.148765 -0.97279 -0.177622,
				      -0.188707 -0.97279 -0.134424,
				      -0.148765 -0.97279 -0.177622,
				      -0.188707 -0.97279 -0.134424,
				      -0.148765 -0.97279 -0.177622,
				      -0.096535 -0.97279 -0.210621,
				      -0.096535 -0.97279 -0.210621,
				      -0.148765 -0.97279 -0.177622,
				      -0.096535 -0.97279 -0.210621,
				      -0.148765 -0.97279 -0.177622,
				      -0.096535 -0.97279 -0.210621,
				      -0.047573 -0.97279 -0.226753,
				      -0.047573 -0.97279 -0.226753,
				      -0.096535 -0.97279 -0.210621,
				      -0.047573 -0.97279 -0.226753,
				      -0.096535 -0.97279 -0.210621,
				      -0.047573 -0.97279 -0.226753,
				      -0.017211 -0.97279 -0.23105,
				      -0.017211 -0.97279 -0.23105,
				      -0.047573 -0.97279 -0.226753,
				      -0.017211 -0.97279 -0.23105,
				      -0.047573 -0.97279 -0.226753,
				      -0.017211 -0.97279 -0.23105,
				      -0.004559 -0.97279 -0.231645,
				      -0.004559 -0.97279 -0.231645,
				      -0.017211 -0.97279 -0.23105,
				      -0.004559 -0.97279 -0.231645,
				      -0.017211 -0.97279 -0.23105,
				      -0.004559 -0.97279 -0.231645,
				      -0.000687 -0.97279 -0.231689,
				      -0.000687 -0.97279 -0.231689,
				      -0.004559 -0.97279 -0.231645,
				      -0.000687 -0.97279 -0.231689,
				      -0.004559 -0.97279 -0.231645,
				      -0.000687 -0.97279 -0.231689,
				      -1.5e-05 -0.97279 -0.23169,
				      -1.5e-05 -0.97279 -0.23169,
				      -0.000687 -0.97279 -0.231689,
				      -1.5e-05 -0.97279 -0.23169,
				      -0.000687 -0.97279 -0.231689,
				      -1.5e-05 -0.97279 -0.23169,
				      0 -0.97279 -0.23169,
				      0 -0.97279 -0.23169,
				      -1.5e-05 -0.97279 -0.23169,
				      0 -0.97279 -0.23169,
				      -1.5e-05 -0.97279 -0.23169,
				      0 -0.97279 -0.23169,
				      0 -0.97279 -0.23169,
				      0 -0.97279 -0.23169,
				      0 -0.97279 -0.23169,
				      0 -0.97279 -0.23169,
				      0 -0.97279 -0.23169,
				      0 -0.97279 -0.23169,
				      3e-06 -0.97279 -0.23169,
				      3e-06 -0.97279 -0.23169,
				      0 -0.97279 -0.23169,
				      3e-06 -0.97279 -0.23169,
				      0 -0.97279 -0.23169,
				      3e-06 -0.97279 -0.23169,
				      0.000435 -0.97279 -0.23169,
				      0.000435 -0.97279 -0.23169,
				      3e-06 -0.97279 -0.23169,
				      0.000435 -0.97279 -0.23169,
				      3e-06 -0.97279 -0.23169,
				      0.000435 -0.97279 -0.23169,
				      0.003455 -0.97279 -0.231664,
				      0.003455 -0.97279 -0.231664,
				      0.000435 -0.97279 -0.23169,
				      0.003455 -0.97279 -0.231664,
				      0.000435 -0.97279 -0.23169,
				      0.003455 -0.97279 -0.231664,
				      0.014448 -0.97279 -0.231239,
				      0.014448 -0.97279 -0.231239,
				      0.003455 -0.97279 -0.231664,
				      0.014448 -0.97279 -0.231239,
				      0.003455 -0.97279 -0.231664,
				      0.014448 -0.97279 -0.231239,
				      0.04513 -0.97279 -0.227252,
				      0.04513 -0.97279 -0.227252,
				      0.014448 -0.97279 -0.231239,
				      0.04513 -0.97279 -0.227252,
				      0.014448 -0.97279 -0.231239,
				      0.04513 -0.97279 -0.227252,
				      0.107424 -0.97279 -0.205281,
				      0.107424 -0.97279 -0.205281,
				      0.04513 -0.97279 -0.227252,
				      0.107424 -0.97279 -0.205281,
				      0.04513 -0.97279 -0.227252 ]
		}
		IndexedFaceSet {
		    coordIndex	[ 2084, 2085, 2086, -1, 2084, 2086, 2087, -1,
				      2085, 2104, 2105, -1, 2085, 2105, 2086, -1,
				      2104, 2114, 2115, -1, 2104, 2115, 2105, -1,
				      2114, 2124, 2125, -1, 2114, 2125, 2115, -1,
				      2124, 2134, 2135, -1, 2124, 2135, 2125, -1,
				      2134, 2144, 2145, -1, 2134, 2145, 2135, -1,
				      2144, 2154, 2155, -1, 2144, 2155, 2145, -1,
				      2154, 2164, 2165, -1, 2154, 2165, 2155, -1,
				      2164, 2174, 2175, -1, 2164, 2175, 2165, -1,
				      2174, 2184, 2185, -1, 2174, 2185, 2175, -1,
				      2184, 2194, 2195, -1, 2184, 2195, 2185, -1,
				      2194, 2204, 2205, -1, 2194, 2205, 2195, -1,
				      2204, 2214, 2215, -1, 2204, 2215, 2205, -1,
				      2214, 2224, 2225, -1, 2214, 2225, 2215, -1,
				      2224, 2234, 2235, -1, 2224, 2235, 2225, -1,
				      2234, 2244, 2245, -1, 2234, 2245, 2235, -1,
				      2244, 2254, 2255, -1, 2244, 2255, 2245, -1,
				      2254, 2264, 2265, -1, 2254, 2265, 2255, -1,
				      2264, 2274, 2275, -1, 2264, 2275, 2265, -1,
				      2274, 2284, 2285, -1, 2274, 2285, 2275, -1,
				      2284, 2294, 2295, -1, 2284, 2295, 2285, -1,
				      2294, 2304, 2305, -1, 2294, 2305, 2295, -1,
				      2304, 2314, 2315, -1, 2304, 2315, 2305, -1,
				      2314, 2324, 2325, -1, 2314, 2325, 2315, -1,
				      2324, 2334, 2335, -1, 2324, 2335, 2325, -1,
				      2334, 2344, 2345, -1, 2334, 2345, 2335, -1,
				      2344, 2354, 2355, -1, 2344, 2355, 2345, -1,
				      2354, 2364, 2365, -1, 2354, 2365, 2355, -1,
				      2364, 2374, 2375, -1, 2364, 2375, 2365, -1,
				      2374, 2384, 2385, -1, 2374, 2385, 2375, -1,
				      2384, 2394, 2395, -1, 2384, 2395, 2385, -1,
				      2394, 2404, 2405, -1, 2394, 2405, 2395, -1,
				      2404, 2414, 2415, -1, 2404, 2415, 2405, -1,
				      2414, 2424, 2425, -1, 2414, 2425, 2415, -1,
				      2424, 2434, 2435, -1, 2424, 2435, 2425, -1,
				      2434, 2444, 2445, -1, 2434, 2445, 2435, -1,
				      2444, 2454, 2455, -1, 2444, 2455, 2445, -1,
				      2454, 2464, 2465, -1, 2454, 2465, 2455, -1,
				      2464, 2474, 2475, -1, 2464, 2475, 2465, -1,
				      2474, 2484, 2485, -1, 2474, 2485, 2475, -1,
				      2484, 2494, 2495, -1, 2484, 2495, 2485, -1,
				      2494, 2504, 2505, -1, 2494, 2505, 2495, -1,
				      2504, 2514, 2515, -1, 2504, 2515, 2505, -1,
				      2514, 2524, 2525, -1, 2514, 2525, 2515, -1,
				      2524, 2534, 2535, -1, 2524, 2535, 2525, -1,
				      2534, 2544, 2545, -1, 2534, 2545, 2535, -1,
				      2544, 2084, 2087, -1, 2544, 2087, 2545, -1 ]
		    normalIndex	[ 0, 1, 2, -1, 3, 4, 5, -1,
				      6, 7, 8, -1, 9, 10, 11, -1,
				      12, 13, 14, -1, 15, 16, 17, -1,
				      18, 19, 20, -1, 21, 22, 23, -1,
				      24, 25, 26, -1, 27, 28, 29, -1,
				      30, 31, 32, -1, 33, 34, 35, -1,
				      36, 37, 38, -1, 39, 40, 41, -1,
				      42, 43, 44, -1, 45, 46, 47, -1,
				      48, 49, 50, -1, 51, 52, 53, -1,
				      54, 55, 56, -1, 57, 58, 59, -1,
				      60, 61, 62, -1, 63, 64, 65, -1,
				      66, 67, 68, -1, 69, 70, 71, -1,
				      72, 73, 74, -1, 75, 76, 77, -1,
				      78, 79, 80, -1, 81, 82, 83, -1,
				      84, 85, 86, -1, 87, 88, 89, -1,
				      90, 91, 92, -1, 93, 94, 95, -1,
				      96, 97, 98, -1, 99, 100, 101, -1,
				      102, 103, 104, -1, 105, 106, 107, -1,
				      108, 109, 110, -1, 111, 112, 113, -1,
				      114, 115, 116, -1, 117, 118, 119, -1,
				      120, 121, 122, -1, 123, 124, 125, -1,
				      126, 127, 128, -1, 129, 130, 131, -1,
				      132, 133, 134, -1, 135, 136, 137, -1,
				      138, 139, 140, -1, 141, 142, 143, -1,
				      144, 145, 146, -1, 147, 148, 149, -1,
				      150, 151, 152, -1, 153, 154, 155, -1,
				      156, 157, 158, -1, 159, 160, 161, -1,
				      162, 163, 164, -1, 165, 166, 167, -1,
				      168, 169, 170, -1, 171, 172, 173, -1,
				      174, 175, 176, -1, 177, 178, 179, -1,
				      180, 181, 182, -1, 183, 184, 185, -1,
				      186, 187, 188, -1, 189, 190, 191, -1,
				      192, 193, 194, -1, 195, 196, 197, -1,
				      198, 199, 200, -1, 201, 202, 203, -1,
				      204, 205, 206, -1, 207, 208, 209, -1,
				      210, 211, 212, -1, 213, 214, 215, -1,
				      216, 217, 218, -1, 219, 220, 221, -1,
				      222, 223, 224, -1, 225, 226, 227, -1,
				      228, 229, 230, -1, 231, 232, 233, -1,
				      234, 235, 236, -1, 237, 238, 239, -1,
				      240, 241, 242, -1, 243, 244, 245, -1,
				      246, 247, 248, -1, 249, 250, 251, -1,
				      252, 253, 254, -1, 255, 256, 257, -1,
				      258, 259, 260, -1, 261, 262, 263, -1,
				      264, 265, 266, -1, 267, 268, 269, -1,
				      270, 271, 272, -1, 273, 274, 275, -1,
				      276, 277, 278, -1, 279, 280, 281, -1 ]
		}
	    }
	}
	Separator {
	    Separator {
		Normal {
		    vector	[ 0.433775 -0.353178 -0.828918,
				      0.755484 -0.353178 -0.551824,
				      0.755484 -0.353178 -0.551824,
				      0.433775 -0.353178 -0.828918,
				      0.755484 -0.353178 -0.551824,
				      0.433775 -0.353178 -0.828918,
				      0.755484 -0.353178 -0.551824,
				      0.931888 -0.353178 -0.082771,
				      0.931888 -0.353178 -0.082771,
				      0.755484 -0.353178 -0.551824,
				      0.931888 -0.353178 -0.082771,
				      0.755484 -0.353178 -0.551824,
				      0.931888 -0.353178 -0.082771,
				      0.8686 -0.353178 0.347561,
				      0.8686 -0.353178 0.347561,
				      0.931888 -0.353178 -0.082771,
				      0.8686 -0.353178 0.347561,
				      0.931888 -0.353178 -0.082771,
				      0.8686 -0.353178 0.347561,
				      0.711256 -0.353178 0.607767,
				      0.711256 -0.353178 0.607767,
				      0.8686 -0.353178 0.347561,
				      0.711256 -0.353178 0.607767,
				      0.8686 -0.353178 0.347561,
				      0.711256 -0.353178 0.607767,
				      0.561277 -0.353178 0.748487,
				      0.561277 -0.353178 0.748487,
				      0.711256 -0.353178 0.607767,
				      0.561277 -0.353178 0.748487,
				      0.711256 -0.353178 0.607767,
				      0.561277 -0.353178 0.748487,
				      0.441757 -0.353178 0.824691,
				      0.441757 -0.353178 0.824691,
				      0.561277 -0.353178 0.748487,
				      0.441757 -0.353178 0.824691,
				      0.561277 -0.353178 0.748487,
				      0.441757 -0.353178 0.824691,
				      0.352738 -0.353178 0.866511,
				      0.352738 -0.353178 0.866511,
				      0.441757 -0.353178 0.824691,
				      0.352738 -0.353178 0.866511,
				      0.441757 -0.353178 0.824691,
				      0.352738 -0.353178 0.866511,
				      0.287069 -0.353178 0.890425,
				      0.287069 -0.353178 0.890425,
				      0.352738 -0.353178 0.866511,
				      0.287069 -0.353178 0.890425,
				      0.352738 -0.353178 0.866511,
				      0.287069 -0.353178 0.890425,
				      0.237172 -0.353178 0.904995,
				      0.237172 -0.353178 0.904995,
				      0.287069 -0.353178 0.890425,
				      0.237172 -0.353178 0.904995,
				      0.287069 -0.353178 0.890425,
				      0.237172 -0.353178 0.904995,
				      0.195715 -0.353178 0.914856,
				      0.195715 -0.353178 0.914856,
				      0.237172 -0.353178 0.904995,
				      0.195715 -0.353178 0.914856,
				      0.237172 -0.353178 0.904995,
				      0.195715 -0.353178 0.914856,
				      0.157043 -0.353178 0.922281,
				      0.157043 -0.353178 0.922281,
				      0.195715 -0.353178 0.914856,
				      0.157043 -0.353178 0.922281,
				      0.195715 -0.353178 0.914856,
				      0.157043 -0.353178 0.922281,
				      0.117889 -0.353178 0.928099,
				      0.117889 -0.353178 0.928099,
				      0.157043 -0.353178 0.922281,
				      0.117889 -0.353178 0.928099,
				      0.157043 -0.353178 0.922281,
				      0.117889 -0.353178 0.928099,
				      0.078656 -0.353178 0.932244,
				      0.078656 -0.353178 0.932244,
				      0.117889 -0.353178 0.928099,
				      0.078656 -0.353178 0.932244,
				      0.117889 -0.353178 0.928099,
				      0.078656 -0.353178 0.932244,
				      0.045554 -0.353178 0.934447,
				      0.045554 -0.353178 0.934447,
				      0.078656 -0.353178 0.932244,
				      0.045554 -0.353178 0.934447,
				      0.078656 -0.353178 0.932244,
				      0.045554 -0.353178 0.934447,
				      0.022364 -0.353178 0.935289,
				      0.022364 -0.353178 0.935289,
				      0.045554 -0.353178 0.934447,
				      0.022364 -0.353178 0.935289,
				      0.045554 -0.353178 0.934447,
				      0.022364 -0.353178 0.935289,
				      0.00776 -0.353178 0.935524,
				      0.00776 -0.353178 0.935524,
				      0.022364 -0.353178 0.935289,
				      0.00776 -0.353178 0.935524,
				      0.022364 -0.353178 0.935289,
				      0.00776 -0.353178 0.935524,
				      0.000351 -0.353178 0.935556,
				      0.000351 -0.353178 0.935556,
				      0.00776 -0.353178 0.935524,
				      0.000351 -0.353178 0.935556,
				      0.00776 -0.353178 0.935524,
				      0.000351 -0.353178 0.935556,
				      -0.010271 -0.353178 0.9355,
				      -0.010271 -0.353178 0.9355,
				      0.000351 -0.353178 0.935556,
				      -0.010271 -0.353178 0.9355,
				      0.000351 -0.353178 0.935556,
				      -0.010271 -0.353178 0.9355,
				      -0.044423 -0.353178 0.934501,
				      -0.044423 -0.353178 0.934501,
				      -0.010271 -0.353178 0.9355,
				      -0.044423 -0.353178 0.934501,
				      -0.010271 -0.353178 0.9355,
				      -0.044423 -0.353178 0.934501,
				      -0.126604 -0.353178 0.92695,
				      -0.126604 -0.353178 0.92695,
				      -0.044423 -0.353178 0.934501,
				      -0.126604 -0.353178 0.92695,
				      -0.044423 -0.353178 0.934501,
				      -0.126604 -0.353178 0.92695,
				      -0.281273 -0.353178 0.892273,
				      -0.281273 -0.353178 0.892273,
				      -0.126604 -0.353178 0.92695,
				      -0.281273 -0.353178 0.892273,
				      -0.126604 -0.353178 0.92695,
				      -0.281273 -0.353178 0.892273,
				      -0.489288 -0.353178 0.79741,
				      -0.489288 -0.353178 0.79741,
				      -0.281273 -0.353178 0.892273,
				      -0.489288 -0.353178 0.79741,
				      -0.281273 -0.353178 0.892273,
				      -0.489288 -0.353178 0.79741,
				      -0.682146 -0.353178 0.640268,
				      -0.682146 -0.353178 0.640268,
				      -0.489288 -0.353178 0.79741,
				      -0.682146 -0.353178 0.640268,
				      -0.489288 -0.353178 0.79741,
				      -0.682146 -0.353178 0.640268,
				      -0.812992 -0.353178 0.462937,
				      -0.812992 -0.353178 0.462936,
				      -0.682146 -0.353178 0.640268,
				      -0.812992 -0.353178 0.462936,
				      -0.682146 -0.353178 0.640268,
				      -0.812992 -0.353178 0.462937,
				      -0.88281 -0.353178 0.309697,
				      -0.88281 -0.353178 0.309697,
				      -0.812992 -0.353178 0.462937,
				      -0.88281 -0.353178 0.309697,
				      -0.812992 -0.353178 0.462936,
				      -0.88281 -0.353178 0.309697,
				      -0.915911 -0.353178 0.190714,
				      -0.915911 -0.353178 0.190714,
				      -0.88281 -0.353178 0.309697,
				      -0.915911 -0.353178 0.190714,
				      -0.88281 -0.353178 0.309697,
				      -0.915911 -0.353178 0.190714,
				      -0.93178 -0.353178 0.08397,
				      -0.93178 -0.353178 0.08397,
				      -0.915911 -0.353178 0.190714,
				      -0.93178 -0.353178 0.08397,
				      -0.915911 -0.353178 0.190714,
				      -0.93178 -0.353178 0.08397,
				      -0.935228 -0.353178 -0.024789,
				      -0.935228 -0.353178 -0.024789,
				      -0.93178 -0.353178 0.08397,
				      -0.935228 -0.353178 -0.024789,
				      -0.93178 -0.353178 0.08397,
				      -0.935228 -0.353178 -0.024789,
				      -0.926117 -0.353178 -0.132565,
				      -0.926117 -0.353178 -0.132565,
				      -0.935228 -0.353178 -0.024789,
				      -0.926117 -0.353178 -0.132565,
				      -0.935228 -0.353178 -0.024789,
				      -0.926117 -0.353178 -0.132565,
				      -0.903791 -0.353178 -0.241718,
				      -0.903791 -0.353178 -0.241718,
				      -0.926117 -0.353178 -0.132565,
				      -0.903791 -0.353178 -0.241718,
				      -0.926117 -0.353178 -0.132565,
				      -0.903791 -0.353178 -0.241718,
				      -0.857326 -0.353178 -0.374511,
				      -0.857326 -0.353178 -0.374511,
				      -0.903791 -0.353178 -0.241718,
				      -0.857326 -0.353178 -0.374511,
				      -0.903791 -0.353178 -0.241718,
				      -0.857326 -0.353178 -0.374511,
				      -0.761992 -0.353178 -0.542801,
				      -0.761992 -0.353178 -0.542801,
				      -0.857326 -0.353178 -0.374511,
				      -0.761992 -0.353178 -0.542801,
				      -0.857326 -0.353178 -0.374511,
				      -0.761992 -0.353178 -0.542801,
				      -0.600706 -0.353178 -0.71723,
				      -0.600706 -0.353178 -0.71723,
				      -0.761992 -0.353178 -0.542801,
				      -0.600706 -0.353178 -0.71723,
				      -0.761992 -0.353178 -0.542801,
				      -0.600706 -0.353178 -0.71723,
				      -0.389804 -0.353178 -0.850481,
				      -0.389804 -0.353178 -0.850481,
				      -0.600706 -0.353178 -0.71723,
				      -0.389804 -0.353178 -0.850481,
				      -0.600706 -0.353178 -0.71723,
				      -0.389804 -0.353178 -0.850481,
				      -0.1921 -0.353178 -0.915622,
				      -0.1921 -0.353178 -0.915622,
				      -0.389804 -0.353178 -0.850481,
				      -0.1921 -0.353178 -0.915622,
				      -0.389804 -0.353178 -0.850481,
				      -0.1921 -0.353178 -0.915622,
				      -0.069497 -0.353178 -0.932971,
				      -0.069497 -0.353178 -0.932971,
				      -0.1921 -0.353178 -0.915622,
				      -0.069497 -0.353178 -0.932971,
				      -0.1921 -0.353178 -0.915622,
				      -0.069497 -0.353178 -0.932971,
				      -0.01841 -0.353178 -0.935375,
				      -0.01841 -0.353178 -0.935375,
				      -0.069497 -0.353178 -0.932971,
				      -0.01841 -0.353178 -0.935375,
				      -0.069497 -0.353178 -0.932971,
				      -0.01841 -0.353178 -0.935375,
				      -0.002775 -0.353178 -0.935552,
				      -0.002775 -0.353178 -0.935552,
				      -0.01841 -0.353178 -0.935375,
				      -0.002775 -0.353178 -0.935552,
				      -0.01841 -0.353178 -0.935375,
				      -0.002775 -0.353178 -0.935552,
				      -6.1e-05 -0.353178 -0.935556,
				      -6.1e-05 -0.353178 -0.935556,
				      -0.002775 -0.353178 -0.935552,
				      -6.1e-05 -0.353178 -0.935556,
				      -0.002775 -0.353178 -0.935552,
				      -6.1e-05 -0.353178 -0.935556,
				      0 -0.353178 -0.935556,
				      0 -0.353178 -0.935556,
				      -6.1e-05 -0.353178 -0.935556,
				      0 -0.353178 -0.935556,
				      -6.1e-05 -0.353178 -0.935556,
				      0 -0.353178 -0.935556,
				      0 -0.353178 -0.935556,
				      0 -0.353178 -0.935556,
				      0 -0.353178 -0.935556,
				      0 -0.353178 -0.935556,
				      0 -0.353178 -0.935556,
				      0 -0.353178 -0.935556,
				      1.3e-05 -0.353178 -0.935556,
				      1.3e-05 -0.353178 -0.935556,
				      0 -0.353178 -0.935556,
				      1.3e-05 -0.353178 -0.935556,
				      0 -0.353178 -0.935556,
				      1.3e-05 -0.353178 -0.935556,
				      0.001755 -0.353178 -0.935555,
				      0.001755 -0.353178 -0.935555,
				      1.3e-05 -0.353178 -0.935556,
				      0.001755 -0.353178 -0.935555,
				      1.3e-05 -0.353178 -0.935556,
				      0.001755 -0.353178 -0.935555,
				      0.013951 -0.353178 -0.935452,
				      0.013951 -0.353178 -0.935452,
				      0.001755 -0.353178 -0.935555,
				      0.013951 -0.353178 -0.935452,
				      0.001755 -0.353178 -0.935555,
				      0.013951 -0.353178 -0.935452,
				      0.05834 -0.353178 -0.933735,
				      0.05834 -0.353178 -0.933735,
				      0.013951 -0.353178 -0.935452,
				      0.05834 -0.353178 -0.933735,
				      0.013951 -0.353178 -0.935452,
				      0.05834 -0.353178 -0.933735,
				      0.182234 -0.353178 -0.917636,
				      0.182234 -0.353178 -0.917636,
				      0.05834 -0.353178 -0.933735,
				      0.182234 -0.353178 -0.917636,
				      0.05834 -0.353178 -0.933735,
				      0.182234 -0.353178 -0.917636,
				      0.433775 -0.353178 -0.828918,
				      0.433775 -0.353178 -0.828918,
				      0.182234 -0.353178 -0.917636,
				      0.433775 -0.353178 -0.828918,
				      0.182234 -0.353178 -0.917636 ]
		}
		IndexedFaceSet {
		    coordIndex	[ 2088, 2089, 2090, -1, 2088, 2090, 2091, -1,
				      2089, 2106, 2107, -1, 2089, 2107, 2090, -1,
				      2106, 2116, 2117, -1, 2106, 2117, 2107, -1,
				      2116, 2126, 2127, -1, 2116, 2127, 2117, -1,
				      2126, 2136, 2137, -1, 2126, 2137, 2127, -1,
				      2136, 2146, 2147, -1, 2136, 2147, 2137, -1,
				      2146, 2156, 2157, -1, 2146, 2157, 2147, -1,
				      2156, 2166, 2167, -1, 2156, 2167, 2157, -1,
				      2166, 2176, 2177, -1, 2166, 2177, 2167, -1,
				      2176, 2186, 2187, -1, 2176, 2187, 2177, -1,
				      2186, 2196, 2197, -1, 2186, 2197, 2187, -1,
				      2196, 2206, 2207, -1, 2196, 2207, 2197, -1,
				      2206, 2216, 2217, -1, 2206, 2217, 2207, -1,
				      2216, 2226, 2227, -1, 2216, 2227, 2217, -1,
				      2226, 2236, 2237, -1, 2226, 2237, 2227, -1,
				      2236, 2246, 2247, -1, 2236, 2247, 2237, -1,
				      2246, 2256, 2257, -1, 2246, 2257, 2247, -1,
				      2256, 2266, 2267, -1, 2256, 2267, 2257, -1,
				      2266, 2276, 2277, -1, 2266, 2277, 2267, -1,
				      2276, 2286, 2287, -1, 2276, 2287, 2277, -1,
				      2286, 2296, 2297, -1, 2286, 2297, 2287, -1,
				      2296, 2306, 2307, -1, 2296, 2307, 2297, -1,
				      2306, 2316, 2317, -1, 2306, 2317, 2307, -1,
				      2316, 2326, 2327, -1, 2316, 2327, 2317, -1,
				      2326, 2336, 2337, -1, 2326, 2337, 2327, -1,
				      2336, 2346, 2347, -1, 2336, 2347, 2337, -1,
				      2346, 2356, 2357, -1, 2346, 2357, 2347, -1,
				      2356, 2366, 2367, -1, 2356, 2367, 2357, -1,
				      2366, 2376, 2377, -1, 2366, 2377, 2367, -1,
				      2376, 2386, 2387, -1, 2376, 2387, 2377, -1,
				      2386, 2396, 2397, -1, 2386, 2397, 2387, -1,
				      2396, 2406, 2407, -1, 2396, 2407, 2397, -1,
				      2406, 2416, 2417, -1, 2406, 2417, 2407, -1,
				      2416, 2426, 2427, -1, 2416, 2427, 2417, -1,
				      2426, 2436, 2437, -1, 2426, 2437, 2427, -1,
				      2436, 2446, 2447, -1, 2436, 2447, 2437, -1,
				      2446, 2456, 2457, -1, 2446, 2457, 2447, -1,
				      2456, 2466, 2467, -1, 2456, 2467, 2457, -1,
				      2466, 2476, 2477, -1, 2466, 2477, 2467, -1,
				      2476, 2486, 2487, -1, 2476, 2487, 2477, -1,
				      2486, 2496, 2497, -1, 2486, 2497, 2487, -1,
				      2496, 2506, 2507, -1, 2496, 2507, 2497, -1,
				      2506, 2516, 2517, -1, 2506, 2517, 2507, -1,
				      2516, 2526, 2527, -1, 2516, 2527, 2517, -1,
				      2526, 2536, 2537, -1, 2526, 2537, 2527, -1,
				      2536, 2546, 2547, -1, 2536, 2547, 2537, -1,
				      2546, 2088, 2091, -1, 2546, 2091, 2547, -1 ]
		    normalIndex	[ 0, 1, 2, -1, 3, 4, 5, -1,
				      6, 7, 8, -1, 9, 10, 11, -1,
				      12, 13, 14, -1, 15, 16, 17, -1,
				      18, 19, 20, -1, 21, 22, 23, -1,
				      24, 25, 26, -1, 27, 28, 29, -1,
				      30, 31, 32, -1, 33, 34, 35, -1,
				      36, 37, 38, -1, 39, 40, 41, -1,
				      42, 43, 44, -1, 45, 46, 47, -1,
				      48, 49, 50, -1, 51, 52, 53, -1,
				      54, 55, 56, -1, 57, 58, 59, -1,
				      60, 61, 62, -1, 63, 64, 65, -1,
				      66, 67, 68, -1, 69, 70, 71, -1,
				      72, 73, 74, -1, 75, 76, 77, -1,
				      78, 79, 80, -1, 81, 82, 83, -1,
				      84, 85, 86, -1, 87, 88, 89, -1,
				      90, 91, 92, -1, 93, 94, 95, -1,
				      96, 97, 98, -1, 99, 100, 101, -1,
				      102, 103, 104, -1, 105, 106, 107, -1,
				      108, 109, 110, -1, 111, 112, 113, -1,
				      114, 115, 116, -1, 117, 118, 119, -1,
				      120, 121, 122, -1, 123, 124, 125, -1,
				      126, 127, 128, -1, 129, 130, 131, -1,
				      132, 133, 134, -1, 135, 136, 137, -1,
				      138, 139, 140, -1, 141, 142, 143, -1,
				      144, 145, 146, -1, 147, 148, 149, -1,
				      150, 151, 152, -1, 153, 154, 155, -1,
				      156, 157, 158, -1, 159, 160, 161, -1,
				      162, 163, 164, -1, 165, 166, 167, -1,
				      168, 169, 170, -1, 171, 172, 173, -1,
				      174, 175, 176, -1, 177, 178, 179, -1,
				      180, 181, 182, -1, 183, 184, 185, -1,
				      186, 187, 188, -1, 189, 190, 191, -1,
				      192, 193, 194, -1, 195, 196, 197, -1,
				      198, 199, 200, -1, 201, 202, 203, -1,
				      204, 205, 206, -1, 207, 208, 209, -1,
				      210, 211, 212, -1, 213, 214, 215, -1,
				      216, 217, 218, -1, 219, 220, 221, -1,
				      222, 223, 224, -1, 225, 226, 227, -1,
				      228, 229, 230, -1, 231, 232, 233, -1,
				      234, 235, 236, -1, 237, 238, 239, -1,
				      240, 241, 242, -1, 243, 244, 245, -1,
				      246, 247, 248, -1, 249, 250, 251, -1,
				      252, 253, 254, -1, 255, 256, 257, -1,
				      258, 259, 260, -1, 261, 262, 263, -1,
				      264, 265, 266, -1, 267, 268, 269, -1,
				      270, 271, 272, -1, 273, 274, 275, -1,
				      276, 277, 278, -1, 279, 280, 281, -1 ]
		}
	    }
	}
	Separator {
	    Material {
		diffuseColor	0.8 0 0.46
	    }
	    Separator {
		Normal {
		    vector	[ 0.463654 0 -0.886016,
				      0.807524 0 -0.589835,
				      0.807524 0 -0.589835,
				      0.463654 0 -0.886016,
				      0.807524 0 -0.589835,
				      0.463654 0 -0.886016,
				      0.807524 0 -0.589835,
				      0.996079 0 -0.088473,
				      0.996079 0 -0.088473,
				      0.807524 0 -0.589835,
				      0.996079 0 -0.088473,
				      0.807524 0 -0.589835,
				      0.996079 0 -0.088473,
				      0.928432 0 0.371502,
				      0.928432 0 0.371502,
				      0.996079 0 -0.088473,
				      0.928432 0 0.371502,
				      0.996079 0 -0.088473,
				      0.928432 0 0.371502,
				      0.760249 0 0.649631,
				      0.760249 0 0.649631,
				      0.928432 0 0.371502,
				      0.760249 0 0.649631,
				      0.928432 0 0.371502,
				      0.760249 0 0.649631,
				      0.59994 0 0.800045,
				      0.59994 0 0.800045,
				      0.760249 0 0.649631,
				      0.59994 0 0.800045,
				      0.760249 0 0.649631,
				      0.59994 0 0.800045,
				      0.472187 0 0.881499,
				      0.472187 0 0.881499,
				      0.59994 0 0.800045,
				      0.472187 0 0.881499,
				      0.59994 0 0.800045,
				      0.472187 0 0.881499,
				      0.377035 0 0.926199,
				      0.377035 0 0.926199,
				      0.472187 0 0.881499,
				      0.377035 0 0.926199,
				      0.472187 0 0.881499,
				      0.377035 0 0.926199,
				      0.306843 0 0.95176,
				      0.306843 0 0.95176,
				      0.377035 0 0.926199,
				      0.306843 0 0.95176,
				      0.377035 0 0.926199,
				      0.306843 0 0.95176,
				      0.253509 0 0.967333,
				      0.253509 0 0.967333,
				      0.306843 0 0.95176,
				      0.253509 0 0.967333,
				      0.306843 0 0.95176,
				      0.253509 0 0.967333,
				      0.209196 0 0.977874,
				      0.209196 0 0.977874,
				      0.253509 0 0.967333,
				      0.209196 0 0.977874,
				      0.253509 0 0.967333,
				      0.209196 0 0.977874,
				      0.167861 0 0.985811,
				      0.167861 0 0.985811,
				      0.209196 0 0.977874,
				      0.167861 0 0.985811,
				      0.209196 0 0.977874,
				      0.167861 0 0.985811,
				      0.12601 0 0.992029,
				      0.12601 0 0.992029,
				      0.167861 0 0.985811,
				      0.12601 0 0.992029,
				      0.167861 0 0.985811,
				      0.12601 0 0.992029,
				      0.084074 0 0.996459,
				      0.084074 0 0.996459,
				      0.12601 0 0.992029,
				      0.084074 0 0.996459,
				      0.12601 0 0.992029,
				      0.084074 0 0.996459,
				      0.048692 0 0.998814,
				      0.048692 0 0.998814,
				      0.084074 0 0.996459,
				      0.048692 0 0.998814,
				      0.084074 0 0.996459,
				      0.048692 0 0.998814,
				      0.023904 0 0.999714,
				      0.023904 0 0.999714,
				      0.048692 0 0.998814,
				      0.023904 0 0.999714,
				      0.048692 0 0.998814,
				      0.023904 0 0.999714,
				      0.008294 0 0.999966,
				      0.008294 0 0.999966,
				      0.023904 0 0.999714,
				      0.008294 0 0.999966,
				      0.023904 0 0.999714,
				      0.008294 0 0.999966,
				      0.000375 0 1,
				      0.000375 0 1,
				      0.008294 0 0.999966,
				      0.000375 0 1,
				      0.008294 0 0.999966,
				      0.000375 0 1,
				      -0.010979 0 0.99994,
				      -0.010979 0 0.99994,
				      0.000375 0 1,
				      -0.010979 0 0.99994,
				      0.000375 0 1,
				      -0.010979 0 0.99994,
				      -0.047483 0 0.998872,
				      -0.047483 0 0.998872,
				      -0.010979 0 0.99994,
				      -0.047483 0 0.998872,
				      -0.010979 0 0.99994,
				      -0.047483 0 0.998872,
				      -0.135325 0 0.990801,
				      -0.135325 0 0.990801,
				      -0.047483 0 0.998872,
				      -0.135325 0 0.990801,
				      -0.047483 0 0.998872,
				      -0.135325 0 0.990801,
				      -0.300648 0 0.953735,
				      -0.300648 0 0.953735,
				      -0.135325 0 0.990801,
				      -0.300648 0 0.953735,
				      -0.135325 0 0.990801,
				      -0.300648 0 0.953735,
				      -0.522992 0 0.852338,
				      -0.522992 0 0.852338,
				      -0.300648 0 0.953735,
				      -0.522992 0 0.852338,
				      -0.300648 0 0.953735,
				      -0.522992 0 0.852338,
				      -0.729134 0 0.684371,
				      -0.729134 0 0.684371,
				      -0.522992 0 0.852338,
				      -0.729134 0 0.684371,
				      -0.522992 0 0.852338,
				      -0.729134 0 0.684371,
				      -0.868993 0 0.494825,
				      -0.868993 0 0.494825,
				      -0.729134 0 0.684371,
				      -0.868993 0 0.494825,
				      -0.729134 0 0.684371,
				      -0.868993 0 0.494825,
				      -0.94362 0 0.33103,
				      -0.94362 0 0.33103,
				      -0.868993 0 0.494825,
				      -0.94362 0 0.33103,
				      -0.868993 0 0.494825,
				      -0.94362 0 0.33103,
				      -0.979002 0 0.203851,
				      -0.979002 0 0.203851,
				      -0.94362 0 0.33103,
				      -0.979002 0 0.203851,
				      -0.94362 0 0.33103,
				      -0.979002 0 0.203851,
				      -0.995964 0 0.089754,
				      -0.995964 0 0.089754,
				      -0.979002 0 0.203851,
				      -0.995964 0 0.089754,
				      -0.979002 0 0.203851,
				      -0.995964 0 0.089754,
				      -0.999649 0 -0.026496,
				      -0.999649 0 -0.026496,
				      -0.995964 0 0.089754,
				      -0.999649 0 -0.026496,
				      -0.995964 0 0.089754,
				      -0.999649 0 -0.026496,
				      -0.98991 0 -0.141696,
				      -0.98991 0 -0.141696,
				      -0.999649 0 -0.026496,
				      -0.98991 0 -0.141696,
				      -0.999649 0 -0.026496,
				      -0.98991 0 -0.141696,
				      -0.966047 0 -0.258368,
				      -0.966047 0 -0.258368,
				      -0.98991 0 -0.141696,
				      -0.966047 0 -0.258368,
				      -0.98991 0 -0.141696,
				      -0.966047 0 -0.258368,
				      -0.916381 0 -0.400308,
				      -0.916381 0 -0.400308,
				      -0.966047 0 -0.258368,
				      -0.916381 0 -0.400308,
				      -0.966047 0 -0.258368,
				      -0.916381 0 -0.400308,
				      -0.814481 0 -0.580191,
				      -0.814481 0 -0.580191,
				      -0.916381 0 -0.400308,
				      -0.814481 0 -0.580191,
				      -0.916381 0 -0.400308,
				      -0.814481 0 -0.580191,
				      -0.642084 0 -0.766634,
				      -0.642084 0 -0.766634,
				      -0.814481 0 -0.580191,
				      -0.642084 0 -0.766634,
				      -0.814481 0 -0.580191,
				      -0.642084 0 -0.766634,
				      -0.416654 0 -0.909065,
				      -0.416654 0 -0.909065,
				      -0.642084 0 -0.766634,
				      -0.416654 0 -0.909065,
				      -0.642084 0 -0.766634,
				      -0.416654 0 -0.909065,
				      -0.205332 0 -0.978692,
				      -0.205332 0 -0.978692,
				      -0.416654 0 -0.909065,
				      -0.205332 0 -0.978692,
				      -0.416654 0 -0.909065,
				      -0.205332 0 -0.978692,
				      -0.074284 0 -0.997237,
				      -0.074284 0 -0.997237,
				      -0.205332 0 -0.978692,
				      -0.074284 0 -0.997237,
				      -0.205332 0 -0.978692,
				      -0.074284 0 -0.997237,
				      -0.019678 0 -0.999806,
				      -0.019678 0 -0.999806,
				      -0.074284 0 -0.997237,
				      -0.019678 0 -0.999806,
				      -0.074284 0 -0.997237,
				      -0.019678 0 -0.999806,
				      -0.002967 0 -0.999996,
				      -0.002967 0 -0.999996,
				      -0.019678 0 -0.999806,
				      -0.002967 0 -0.999996,
				      -0.019678 0 -0.999806,
				      -0.002967 0 -0.999996,
				      -6.5e-05 0 -1,
				      -6.5e-05 0 -1,
				      -0.002967 0 -0.999996,
				      -6.5e-05 0 -1,
				      -0.002967 0 -0.999996,
				      -6.5e-05 0 -1,
				      0 0 -1,
				      0 0 -1,
				      -6.5e-05 0 -1,
				      0 0 -1,
				      -6.5e-05 0 -1,
				      0 0 -1,
				      0 0 -1,
				      0 0 -1,
				      0 0 -1,
				      0 0 -1,
				      0 0 -1,
				      0 0 -1,
				      1.3e-05 0 -1,
				      1.3e-05 0 -1,
				      0 0 -1,
				      1.3e-05 0 -1,
				      0 0 -1,
				      1.3e-05 0 -1,
				      0.001876 0 -0.999998,
				      0.001876 0 -0.999998,
				      1.3e-05 0 -1,
				      0.001876 0 -0.999998,
				      1.3e-05 0 -1,
				      0.001876 0 -0.999998,
				      0.014912 0 -0.999889,
				      0.014912 0 -0.999889,
				      0.001876 0 -0.999998,
				      0.014912 0 -0.999889,
				      0.001876 0 -0.999998,
				      0.014912 0 -0.999889,
				      0.062359 0 -0.998054,
				      0.062359 0 -0.998054,
				      0.014912 0 -0.999889,
				      0.062359 0 -0.998054,
				      0.014912 0 -0.999889,
				      0.062359 0 -0.998054,
				      0.194787 0 -0.980846,
				      0.194787 0 -0.980846,
				      0.062359 0 -0.998054,
				      0.194787 0 -0.980846,
				      0.062359 0 -0.998054,
				      0.194787 0 -0.980846,
				      0.463654 0 -0.886016,
				      0.463654 0 -0.886016,
				      0.194787 0 -0.980846,
				      0.463654 0 -0.886016,
				      0.194787 0 -0.980846 ]
		}
		IndexedFaceSet {
		    coordIndex	[ 2092, 2093, 2094, -1, 2092, 2094, 2095, -1,
				      2093, 2108, 2109, -1, 2093, 2109, 2094, -1,
				      2108, 2118, 2119, -1, 2108, 2119, 2109, -1,
				      2118, 2128, 2129, -1, 2118, 2129, 2119, -1,
				      2128, 2138, 2139, -1, 2128, 2139, 2129, -1,
				      2138, 2148, 2149, -1, 2138, 2149, 2139, -1,
				      2148, 2158, 2159, -1, 2148, 2159, 2149, -1,
				      2158, 2168, 2169, -1, 2158, 2169, 2159, -1,
				      2168, 2178, 2179, -1, 2168, 2179, 2169, -1,
				      2178, 2188, 2189, -1, 2178, 2189, 2179, -1,
				      2188, 2198, 2199, -1, 2188, 2199, 2189, -1,
				      2198, 2208, 2209, -1, 2198, 2209, 2199, -1,
				      2208, 2218, 2219, -1, 2208, 2219, 2209, -1,
				      2218, 2228, 2229, -1, 2218, 2229, 2219, -1,
				      2228, 2238, 2239, -1, 2228, 2239, 2229, -1,
				      2238, 2248, 2249, -1, 2238, 2249, 2239, -1,
				      2248, 2258, 2259, -1, 2248, 2259, 2249, -1,
				      2258, 2268, 2269, -1, 2258, 2269, 2259, -1,
				      2268, 2278, 2279, -1, 2268, 2279, 2269, -1,
				      2278, 2288, 2289, -1, 2278, 2289, 2279, -1,
				      2288, 2298, 2299, -1, 2288, 2299, 2289, -1,
				      2298, 2308, 2309, -1, 2298, 2309, 2299, -1,
				      2308, 2318, 2319, -1, 2308, 2319, 2309, -1,
				      2318, 2328, 2329, -1, 2318, 2329, 2319, -1,
				      2328, 2338, 2339, -1, 2328, 2339, 2329, -1,
				      2338, 2348, 2349, -1, 2338, 2349, 2339, -1,
				      2348, 2358, 2359, -1, 2348, 2359, 2349, -1,
				      2358, 2368, 2369, -1, 2358, 2369, 2359, -1,
				      2368, 2378, 2379, -1, 2368, 2379, 2369, -1,
				      2378, 2388, 2389, -1, 2378, 2389, 2379, -1,
				      2388, 2398, 2399, -1, 2388, 2399, 2389, -1,
				      2398, 2408, 2409, -1, 2398, 2409, 2399, -1,
				      2408, 2418, 2419, -1, 2408, 2419, 2409, -1,
				      2418, 2428, 2429, -1, 2418, 2429, 2419, -1,
				      2428, 2438, 2439, -1, 2428, 2439, 2429, -1,
				      2438, 2448, 2449, -1, 2438, 2449, 2439, -1,
				      2448, 2458, 2459, -1, 2448, 2459, 2449, -1,
				      2458, 2468, 2469, -1, 2458, 2469, 2459, -1,
				      2468, 2478, 2479, -1, 2468, 2479, 2469, -1,
				      2478, 2488, 2489, -1, 2478, 2489, 2479, -1,
				      2488, 2498, 2499, -1, 2488, 2499, 2489, -1,
				      2498, 2508, 2509, -1, 2498, 2509, 2499, -1,
				      2508, 2518, 2519, -1, 2508, 2519, 2509, -1,
				      2518, 2528, 2529, -1, 2518, 2529, 2519, -1,
				      2528, 2538, 2539, -1, 2528, 2539, 2529, -1,
				      2538, 2548, 2549, -1, 2538, 2549, 2539, -1,
				      2548, 2092, 2095, -1, 2548, 2095, 2549, -1 ]
		    normalIndex	[ 0, 1, 2, -1, 3, 4, 5, -1,
				      6, 7, 8, -1, 9, 10, 11, -1,
				      12, 13, 14, -1, 15, 16, 17, -1,
				      18, 19, 20, -1, 21, 22, 23, -1,
				      24, 25, 26, -1, 27, 28, 29, -1,
				      30, 31, 32, -1, 33, 34, 35, -1,
				      36, 37, 38, -1, 39, 40, 41, -1,
				      42, 43, 44, -1, 45, 46, 47, -1,
				      48, 49, 50, -1, 51, 52, 53, -1,
				      54, 55, 56, -1, 57, 58, 59, -1,
				      60, 61, 62, -1, 63, 64, 65, -1,
				      66, 67, 68, -1, 69, 70, 71, -1,
				      72, 73, 74, -1, 75, 76, 77, -1,
				      78, 79, 80, -1, 81, 82, 83, -1,
				      84, 85, 86, -1, 87, 88, 89, -1,
				      90, 91, 92, -1, 93, 94, 95, -1,
				      96, 97, 98, -1, 99, 100, 101, -1,
				      102, 103, 104, -1, 105, 106, 107, -1,
				      108, 109, 110, -1, 111, 112, 113, -1,
				      114, 115, 116, -1, 117, 118, 119, -1,
				      120, 121, 122, -1, 123, 124, 125, -1,
				      126, 127, 128, -1, 129, 130, 131, -1,
				      132, 133, 134, -1, 135, 136, 137, -1,
				      138, 139, 140, -1, 141, 142, 143, -1,
				      144, 145, 146, -1, 147, 148, 149, -1,
				      150, 151, 152, -1, 153, 154, 155, -1,
				      156, 157, 158, -1, 159, 160, 161, -1,
				      162, 163, 164, -1, 165, 166, 167, -1,
				      168, 169, 170, -1, 171, 172, 173, -1,
				      174, 175, 176, -1, 177, 178, 179, -1,
				      180, 181, 182, -1, 183, 184, 185, -1,
				      186, 187, 188, -1, 189, 190, 191, -1,
				      192, 193, 194, -1, 195, 196, 197, -1,
				      198, 199, 200, -1, 201, 202, 203, -1,
				      204, 205, 206, -1, 207, 208, 209, -1,
				      210, 211, 212, -1, 213, 214, 215, -1,
				      216, 217, 218, -1, 219, 220, 221, -1,
				      222, 223, 224, -1, 225, 226, 227, -1,
				      228, 229, 230, -1, 231, 232, 233, -1,
				      234, 235, 236, -1, 237, 238, 239, -1,
				      240, 241, 242, -1, 243, 244, 245, -1,
				      246, 247, 248, -1, 249, 250, 251, -1,
				      252, 253, 254, -1, 255, 256, 257, -1,
				      258, 259, 260, -1, 261, 262, 263, -1,
				      264, 265, 266, -1, 267, 268, 269, -1,
				      270, 271, 272, -1, 273, 274, 275, -1,
				      276, 277, 278, -1, 279, 280, 281, -1 ]
		}
	    }
	}
	Separator {
	    Material {
		diffuseColor	0.8 0 0.43
	    }
	    Separator {
		Normal {
		    vector	[ 0.433775 0.353177 -0.828918,
				      0.755484 0.353177 -0.551824,
				      0.755484 0.353178 -0.551824,
				      0.433775 0.353177 -0.828918,
				      0.755484 0.353178 -0.551824,
				      0.433775 0.353178 -0.828918,
				      0.755484 0.353177 -0.551824,
				      0.931888 0.353177 -0.082771,
				      0.931888 0.353178 -0.082771,
				      0.755484 0.353177 -0.551824,
				      0.931888 0.353178 -0.082771,
				      0.755484 0.353178 -0.551824,
				      0.931888 0.353177 -0.082771,
				      0.8686 0.353177 0.347561,
				      0.8686 0.353178 0.347561,
				      0.931888 0.353177 -0.082771,
				      0.8686 0.353178 0.347561,
				      0.931888 0.353178 -0.082771,
				      0.8686 0.353177 0.347561,
				      0.711256 0.353177 0.607767,
				      0.711256 0.353178 0.607767,
				      0.8686 0.353177 0.347561,
				      0.711256 0.353178 0.607767,
				      0.8686 0.353178 0.347561,
				      0.711256 0.353177 0.607767,
				      0.561277 0.353177 0.748488,
				      0.561277 0.353178 0.748487,
				      0.711256 0.353177 0.607767,
				      0.561277 0.353178 0.748487,
				      0.711256 0.353178 0.607767,
				      0.561277 0.353177 0.748488,
				      0.441757 0.353177 0.824692,
				      0.441757 0.353178 0.824692,
				      0.561277 0.353177 0.748488,
				      0.441757 0.353178 0.824692,
				      0.561277 0.353178 0.748487,
				      0.441757 0.353177 0.824692,
				      0.352738 0.353177 0.866511,
				      0.352738 0.353178 0.866511,
				      0.441757 0.353177 0.824692,
				      0.352738 0.353178 0.866511,
				      0.441757 0.353178 0.824692,
				      0.352738 0.353177 0.866511,
				      0.287069 0.353177 0.890425,
				      0.287069 0.353178 0.890425,
				      0.352738 0.353177 0.866511,
				      0.287069 0.353178 0.890425,
				      0.352738 0.353178 0.866511,
				      0.287069 0.353177 0.890425,
				      0.237172 0.353177 0.904995,
				      0.237172 0.353178 0.904995,
				      0.287069 0.353177 0.890425,
				      0.237172 0.353178 0.904995,
				      0.287069 0.353178 0.890425,
				      0.237172 0.353177 0.904995,
				      0.195715 0.353177 0.914856,
				      0.195715 0.353178 0.914856,
				      0.237172 0.353177 0.904995,
				      0.195715 0.353178 0.914856,
				      0.237172 0.353178 0.904995,
				      0.195715 0.353177 0.914856,
				      0.157043 0.353177 0.922281,
				      0.157043 0.353178 0.922281,
				      0.195715 0.353177 0.914856,
				      0.157043 0.353178 0.922281,
				      0.195715 0.353178 0.914856,
				      0.157043 0.353177 0.922281,
				      0.117889 0.353177 0.928099,
				      0.117889 0.353178 0.928099,
				      0.157043 0.353177 0.922281,
				      0.117889 0.353178 0.928099,
				      0.157043 0.353178 0.922281,
				      0.117889 0.353177 0.928099,
				      0.078656 0.353177 0.932244,
				      0.078656 0.353178 0.932244,
				      0.117889 0.353177 0.928099,
				      0.078656 0.353178 0.932244,
				      0.117889 0.353178 0.928099,
				      0.078656 0.353177 0.932244,
				      0.045554 0.353177 0.934447,
				      0.045554 0.353178 0.934447,
				      0.078656 0.353177 0.932244,
				      0.045554 0.353178 0.934447,
				      0.078656 0.353178 0.932244,
				      0.045554 0.353177 0.934447,
				      0.022364 0.353177 0.935289,
				      0.022364 0.353178 0.935289,
				      0.045554 0.353177 0.934447,
				      0.022364 0.353178 0.935289,
				      0.045554 0.353178 0.934447,
				      0.022364 0.353177 0.935289,
				      0.00776 0.353177 0.935524,
				      0.00776 0.353178 0.935524,
				      0.022364 0.353177 0.935289,
				      0.00776 0.353178 0.935524,
				      0.022364 0.353178 0.935289,
				      0.00776 0.353177 0.935524,
				      0.000351 0.353177 0.935556,
				      0.000351 0.353178 0.935556,
				      0.00776 0.353177 0.935524,
				      0.000351 0.353178 0.935556,
				      0.00776 0.353178 0.935524,
				      0.000351 0.353177 0.935556,
				      -0.010271 0.353177 0.9355,
				      -0.010271 0.353178 0.9355,
				      0.000351 0.353177 0.935556,
				      -0.010271 0.353178 0.9355,
				      0.000351 0.353178 0.935556,
				      -0.010271 0.353177 0.9355,
				      -0.044423 0.353177 0.934501,
				      -0.044423 0.353178 0.934501,
				      -0.010271 0.353177 0.9355,
				      -0.044423 0.353178 0.934501,
				      -0.010271 0.353178 0.9355,
				      -0.044423 0.353177 0.934501,
				      -0.126604 0.353177 0.92695,
				      -0.126604 0.353178 0.92695,
				      -0.044423 0.353177 0.934501,
				      -0.126604 0.353178 0.92695,
				      -0.044423 0.353178 0.934501,
				      -0.126604 0.353177 0.92695,
				      -0.281273 0.353177 0.892273,
				      -0.281273 0.353178 0.892273,
				      -0.126604 0.353177 0.92695,
				      -0.281273 0.353178 0.892273,
				      -0.126604 0.353178 0.92695,
				      -0.281273 0.353177 0.892273,
				      -0.489288 0.353177 0.79741,
				      -0.489288 0.353177 0.79741,
				      -0.281273 0.353177 0.892273,
				      -0.489288 0.353177 0.79741,
				      -0.281273 0.353178 0.892273,
				      -0.489288 0.353177 0.79741,
				      -0.682146 0.353177 0.640268,
				      -0.682146 0.353177 0.640268,
				      -0.489288 0.353177 0.79741,
				      -0.682146 0.353177 0.640268,
				      -0.489288 0.353177 0.79741,
				      -0.682146 0.353177 0.640268,
				      -0.812992 0.353177 0.462937,
				      -0.812992 0.353178 0.462937,
				      -0.682146 0.353177 0.640268,
				      -0.812992 0.353178 0.462937,
				      -0.682146 0.353177 0.640268,
				      -0.812992 0.353177 0.462937,
				      -0.88281 0.353177 0.309697,
				      -0.88281 0.353178 0.309697,
				      -0.812992 0.353177 0.462937,
				      -0.88281 0.353178 0.309697,
				      -0.812992 0.353178 0.462937,
				      -0.88281 0.353177 0.309697,
				      -0.915912 0.353177 0.190714,
				      -0.915911 0.353178 0.190714,
				      -0.88281 0.353177 0.309697,
				      -0.915911 0.353178 0.190714,
				      -0.88281 0.353178 0.309697,
				      -0.915912 0.353177 0.190714,
				      -0.93178 0.353177 0.08397,
				      -0.93178 0.353177 0.08397,
				      -0.915912 0.353177 0.190714,
				      -0.93178 0.353177 0.08397,
				      -0.915911 0.353178 0.190714,
				      -0.93178 0.353177 0.08397,
				      -0.935228 0.353177 -0.024789,
				      -0.935228 0.353178 -0.024789,
				      -0.93178 0.353177 0.08397,
				      -0.935228 0.353178 -0.024789,
				      -0.93178 0.353177 0.08397,
				      -0.935228 0.353177 -0.024789,
				      -0.926117 0.353177 -0.132565,
				      -0.926117 0.353178 -0.132565,
				      -0.935228 0.353177 -0.024789,
				      -0.926117 0.353178 -0.132565,
				      -0.935228 0.353178 -0.024789,
				      -0.926117 0.353177 -0.132565,
				      -0.903791 0.353177 -0.241718,
				      -0.903791 0.353178 -0.241718,
				      -0.926117 0.353177 -0.132565,
				      -0.903791 0.353178 -0.241718,
				      -0.926117 0.353178 -0.132565,
				      -0.903791 0.353177 -0.241718,
				      -0.857326 0.353177 -0.374511,
				      -0.857326 0.353177 -0.374511,
				      -0.903791 0.353177 -0.241718,
				      -0.857326 0.353177 -0.374511,
				      -0.903791 0.353178 -0.241718,
				      -0.857326 0.353177 -0.374511,
				      -0.761993 0.353177 -0.542801,
				      -0.761992 0.353177 -0.542801,
				      -0.857326 0.353177 -0.374511,
				      -0.761992 0.353177 -0.542801,
				      -0.857326 0.353177 -0.374511,
				      -0.761993 0.353177 -0.542801,
				      -0.600706 0.353177 -0.71723,
				      -0.600706 0.353177 -0.71723,
				      -0.761993 0.353177 -0.542801,
				      -0.600706 0.353177 -0.71723,
				      -0.761992 0.353177 -0.542801,
				      -0.600706 0.353177 -0.71723,
				      -0.389804 0.353177 -0.850482,
				      -0.389804 0.353178 -0.850481,
				      -0.600706 0.353177 -0.71723,
				      -0.389804 0.353178 -0.850481,
				      -0.600706 0.353177 -0.71723,
				      -0.389804 0.353177 -0.850482,
				      -0.1921 0.353177 -0.915622,
				      -0.1921 0.353177 -0.915622,
				      -0.389804 0.353177 -0.850482,
				      -0.1921 0.353177 -0.915622,
				      -0.389804 0.353178 -0.850481,
				      -0.1921 0.353177 -0.915622,
				      -0.069497 0.353177 -0.932972,
				      -0.069497 0.353177 -0.932971,
				      -0.1921 0.353177 -0.915622,
				      -0.069497 0.353177 -0.932971,
				      -0.1921 0.353177 -0.915622,
				      -0.069497 0.353177 -0.932972,
				      -0.01841 0.353177 -0.935375,
				      -0.01841 0.353177 -0.935375,
				      -0.069497 0.353177 -0.932972,
				      -0.01841 0.353177 -0.935375,
				      -0.069497 0.353177 -0.932971,
				      -0.01841 0.353177 -0.935375,
				      -0.002775 0.353177 -0.935552,
				      -0.002775 0.353177 -0.935552,
				      -0.01841 0.353177 -0.935375,
				      -0.002775 0.353177 -0.935552,
				      -0.01841 0.353177 -0.935375,
				      -0.002775 0.353177 -0.935552,
				      -6.1e-05 0.353177 -0.935556,
				      -6.1e-05 0.353177 -0.935556,
				      -0.002775 0.353177 -0.935552,
				      -6.1e-05 0.353177 -0.935556,
				      -0.002775 0.353177 -0.935552,
				      -6.1e-05 0.353177 -0.935556,
				      0 0.353177 -0.935556,
				      0 0.353177 -0.935556,
				      -6.1e-05 0.353177 -0.935556,
				      0 0.353177 -0.935556,
				      -6.1e-05 0.353177 -0.935556,
				      0 0.353177 -0.935556,
				      0 0.353177 -0.935556,
				      0 0.353177 -0.935556,
				      0 0.353177 -0.935556,
				      0 0.353177 -0.935556,
				      0 0.353177 -0.935556,
				      0 0.353177 -0.935556,
				      1.3e-05 0.353177 -0.935556,
				      1.3e-05 0.353178 -0.935556,
				      0 0.353177 -0.935556,
				      1.3e-05 0.353178 -0.935556,
				      0 0.353177 -0.935556,
				      1.3e-05 0.353177 -0.935556,
				      0.001755 0.353177 -0.935555,
				      0.001755 0.353178 -0.935555,
				      1.3e-05 0.353177 -0.935556,
				      0.001755 0.353178 -0.935555,
				      1.3e-05 0.353178 -0.935556,
				      0.001755 0.353177 -0.935555,
				      0.013951 0.353177 -0.935452,
				      0.013951 0.353178 -0.935452,
				      0.001755 0.353177 -0.935555,
				      0.013951 0.353178 -0.935452,
				      0.001755 0.353178 -0.935555,
				      0.013951 0.353177 -0.935452,
				      0.05834 0.353177 -0.933736,
				      0.05834 0.353178 -0.933735,
				      0.013951 0.353177 -0.935452,
				      0.05834 0.353178 -0.933735,
				      0.013951 0.353178 -0.935452,
				      0.05834 0.353177 -0.933736,
				      0.182234 0.353177 -0.917636,
				      0.182234 0.353178 -0.917636,
				      0.05834 0.353177 -0.933736,
				      0.182234 0.353178 -0.917636,
				      0.05834 0.353178 -0.933735,
				      0.182234 0.353177 -0.917636,
				      0.433775 0.353177 -0.828918,
				      0.433775 0.353178 -0.828918,
				      0.182234 0.353177 -0.917636,
				      0.433775 0.353178 -0.828918,
				      0.182234 0.353178 -0.917636 ]
		}
		IndexedFaceSet {
		    coordIndex	[ 2096, 2097, 2098, -1, 2096, 2098, 2099, -1,
				      2097, 2110, 2111, -1, 2097, 2111, 2098, -1,
				      2110, 2120, 2121, -1, 2110, 2121, 2111, -1,
				      2120, 2130, 2131, -1, 2120, 2131, 2121, -1,
				      2130, 2140, 2141, -1, 2130, 2141, 2131, -1,
				      2140, 2150, 2151, -1, 2140, 2151, 2141, -1,
				      2150, 2160, 2161, -1, 2150, 2161, 2151, -1,
				      2160, 2170, 2171, -1, 2160, 2171, 2161, -1,
				      2170, 2180, 2181, -1, 2170, 2181, 2171, -1,
				      2180, 2190, 2191, -1, 2180, 2191, 2181, -1,
				      2190, 2200, 2201, -1, 2190, 2201, 2191, -1,
				      2200, 2210, 2211, -1, 2200, 2211, 2201, -1,
				      2210, 2220, 2221, -1, 2210, 2221, 2211, -1,
				      2220, 2230, 2231, -1, 2220, 2231, 2221, -1,
				      2230, 2240, 2241, -1, 2230, 2241, 2231, -1,
				      2240, 2250, 2251, -1, 2240, 2251, 2241, -1,
				      2250, 2260, 2261, -1, 2250, 2261, 2251, -1,
				      2260, 2270, 2271, -1, 2260, 2271, 2261, -1,
				      2270, 2280, 2281, -1, 2270, 2281, 2271, -1,
				      2280, 2290, 2291, -1, 2280, 2291, 2281, -1,
				      2290, 2300, 2301, -1, 2290, 2301, 2291, -1,
				      2300, 2310, 2311, -1, 2300, 2311, 2301, -1,
				      2310, 2320, 2321, -1, 2310, 2321, 2311, -1,
				      2320, 2330, 2331, -1, 2320, 2331, 2321, -1,
				      2330, 2340, 2341, -1, 2330, 2341, 2331, -1,
				      2340, 2350, 2351, -1, 2340, 2351, 2341, -1,
				      2350, 2360, 2361, -1, 2350, 2361, 2351, -1,
				      2360, 2370, 2371, -1, 2360, 2371, 2361, -1,
				      2370, 2380, 2381, -1, 2370, 2381, 2371, -1,
				      2380, 2390, 2391, -1, 2380, 2391, 2381, -1,
				      2390, 2400, 2401, -1, 2390, 2401, 2391, -1,
				      2400, 2410, 2411, -1, 2400, 2411, 2401, -1,
				      2410, 2420, 2421, -1, 2410, 2421, 2411, -1,
				      2420, 2430, 2431, -1, 2420, 2431, 2421, -1,
				      2430, 2440, 2441, -1, 2430, 2441, 2431, -1,
				      2440, 2450, 2451, -1, 2440, 2451, 2441, -1,
				      2450, 2460, 2461, -1, 2450, 2461, 2451, -1,
				      2460, 2470, 2471, -1, 2460, 2471, 2461, -1,
				      2470, 2480, 2481, -1, 2470, 2481, 2471, -1,
				      2480, 2490, 2491, -1, 2480, 2491, 2481, -1,
				      2490, 2500, 2501, -1, 2490, 2501, 2491, -1,
				      2500, 2510, 2511, -1, 2500, 2511, 2501, -1,
				      2510, 2520, 2521, -1, 2510, 2521, 2511, -1,
				      2520, 2530, 2531, -1, 2520, 2531, 2521, -1,
				      2530, 2540, 2541, -1, 2530, 2541, 2531, -1,
				      2540, 2550, 2551, -1, 2540, 2551, 2541, -1,
				      2550, 2096, 2099, -1, 2550, 2099, 2551, -1 ]
		    normalIndex	[ 0, 1, 2, -1, 3, 4, 5, -1,
				      6, 7, 8, -1, 9, 10, 11, -1,
				      12, 13, 14, -1, 15, 16, 17, -1,
				      18, 19, 20, -1, 21, 22, 23, -1,
				      24, 25, 26, -1, 27, 28, 29, -1,
				      30, 31, 32, -1, 33, 34, 35, -1,
				      36, 37, 38, -1, 39, 40, 41, -1,
				      42, 43, 44, -1, 45, 46, 47, -1,
				      48, 49, 50, -1, 51, 52, 53, -1,
				      54, 55, 56, -1, 57, 58, 59, -1,
				      60, 61, 62, -1, 63, 64, 65, -1,
				      66, 67, 68, -1, 69, 70, 71, -1,
				      72, 73, 74, -1, 75, 76, 77, -1,
				      78, 79, 80, -1, 81, 82, 83, -1,
				      84, 85, 86, -1, 87, 88, 89, -1,
				      90, 91, 92, -1, 93, 94, 95, -1,
				      96, 97, 98, -1, 99, 100, 101, -1,
				      102, 103, 104, -1, 105, 106, 107, -1,
				      108, 109, 110, -1, 111, 112, 113, -1,
				      114, 115, 116, -1, 117, 118, 119, -1,
				      120, 121, 122, -1, 123, 124, 125, -1,
				      126, 127, 128, -1, 129, 130, 131, -1,
				      132, 133, 134, -1, 135, 136, 137, -1,
				      138, 139, 140, -1, 141, 142, 143, -1,
				      144, 145, 146, -1, 147, 148, 149, -1,
				      150, 151, 152, -1, 153, 154, 155, -1,
				      156, 157, 158, -1, 159, 160, 161, -1,
				      162, 163, 164, -1, 165, 166, 167, -1,
				      168, 169, 170, -1, 171, 172, 173, -1,
				      174, 175, 176, -1, 177, 178, 179, -1,
				      180, 181, 182, -1, 183, 184, 185, -1,
				      186, 187, 188, -1, 189, 190, 191, -1,
				      192, 193, 194, -1, 195, 196, 197, -1,
				      198, 199, 200, -1, 201, 202, 203, -1,
				      204, 205, 206, -1, 207, 208, 209, -1,
				      210, 211, 212, -1, 213, 214, 215, -1,
				      216, 217, 218, -1, 219, 220, 221, -1,
				      222, 223, 224, -1, 225, 226, 227, -1,
				      228, 229, 230, -1, 231, 232, 233, -1,
				      234, 235, 236, -1, 237, 238, 239, -1,
				      240, 241, 242, -1, 243, 244, 245, -1,
				      246, 247, 248, -1, 249, 250, 251, -1,
				      252, 253, 254, -1, 255, 256, 257, -1,
				      258, 259, 260, -1, 261, 262, 263, -1,
				      264, 265, 266, -1, 267, 268, 269, -1,
				      270, 271, 272, -1, 273, 274, 275, -1,
				      276, 277, 278, -1, 279, 280, 281, -1 ]
		}
	    }
	}
	Separator {
	    Separator {
		Normal {
		    vector	[ 0.107424 0.97279 -0.205281,
				      0.187095 0.97279 -0.136659,
				      0.187095 0.97279 -0.136659,
				      0.107424 0.97279 -0.205281,
				      0.187095 0.97279 -0.136659,
				      0.107424 0.97279 -0.205281,
				      0.187095 0.97279 -0.136659,
				      0.230781 0.97279 -0.020498,
				      0.230781 0.97279 -0.020498,
				      0.187095 0.97279 -0.136659,
				      0.230781 0.97279 -0.020498,
				      0.187095 0.97279 -0.136659,
				      0.230781 0.97279 -0.020498,
				      0.215108 0.97279 0.086073,
				      0.215108 0.97279 0.086073,
				      0.230781 0.97279 -0.020498,
				      0.215108 0.97279 0.086073,
				      0.230781 0.97279 -0.020498,
				      0.215108 0.97279 0.086073,
				      0.176142 0.97279 0.150513,
				      0.176142 0.97279 0.150513,
				      0.215108 0.97279 0.086073,
				      0.176142 0.97279 0.150513,
				      0.215108 0.97279 0.086073,
				      0.176142 0.97279 0.150513,
				      0.139 0.97279 0.185362,
				      0.139 0.97279 0.185362,
				      0.176142 0.97279 0.150513,
				      0.139 0.97279 0.185362,
				      0.176142 0.97279 0.150513,
				      0.139 0.97279 0.185362,
				      0.109401 0.97279 0.204234,
				      0.109401 0.97279 0.204234,
				      0.139 0.97279 0.185362,
				      0.109401 0.97279 0.204234,
				      0.139 0.97279 0.185362,
				      0.109401 0.97279 0.204234,
				      0.087355 0.97279 0.214591,
				      0.087355 0.97279 0.214591,
				      0.109401 0.97279 0.204234,
				      0.087355 0.97279 0.214591,
				      0.109401 0.97279 0.204234,
				      0.087355 0.97279 0.214591,
				      0.071092 0.97279 0.220513,
				      0.071092 0.97279 0.220513,
				      0.087355 0.97279 0.214591,
				      0.071092 0.97279 0.220513,
				      0.087355 0.97279 0.214591,
				      0.071092 0.97279 0.220513,
				      0.058735 0.97279 0.224121,
				      0.058735 0.97279 0.224121,
				      0.071092 0.97279 0.220513,
				      0.058735 0.97279 0.224121,
				      0.071092 0.97279 0.220513,
				      0.058735 0.97279 0.224121,
				      0.048469 0.97279 0.226563,
				      0.048469 0.97279 0.226563,
				      0.058735 0.97279 0.224121,
				      0.048469 0.97279 0.226563,
				      0.058735 0.97279 0.224121,
				      0.048469 0.97279 0.226563,
				      0.038892 0.97279 0.228402,
				      0.038892 0.97279 0.228402,
				      0.048469 0.97279 0.226563,
				      0.038892 0.97279 0.228402,
				      0.048469 0.97279 0.226563,
				      0.038892 0.97279 0.228402,
				      0.029195 0.97279 0.229843,
				      0.029195 0.97279 0.229843,
				      0.038892 0.97279 0.228402,
				      0.029195 0.97279 0.229843,
				      0.038892 0.97279 0.228402,
				      0.029195 0.97279 0.229843,
				      0.019479 0.97279 0.230869,
				      0.019479 0.97279 0.230869,
				      0.029195 0.97279 0.229843,
				      0.019479 0.97279 0.230869,
				      0.029195 0.97279 0.229843,
				      0.019479 0.97279 0.230869,
				      0.011281 0.97279 0.231415,
				      0.011281 0.97279 0.231415,
				      0.019479 0.97279 0.230869,
				      0.011281 0.97279 0.231415,
				      0.019479 0.97279 0.230869,
				      0.011281 0.97279 0.231415,
				      0.005538 0.97279 0.231623,
				      0.005538 0.97279 0.231623,
				      0.011281 0.97279 0.231415,
				      0.005538 0.97279 0.231623,
				      0.011281 0.97279 0.231415,
				      0.005538 0.97279 0.231623,
				      0.001922 0.97279 0.231682,
				      0.001922 0.97279 0.231682,
				      0.005538 0.97279 0.231623,
				      0.001922 0.97279 0.231682,
				      0.005538 0.97279 0.231623,
				      0.001922 0.97279 0.231682,
				      8.7e-05 0.97279 0.23169,
				      8.7e-05 0.97279 0.23169,
				      0.001922 0.97279 0.231682,
				      8.7e-05 0.97279 0.23169,
				      0.001922 0.97279 0.231682,
				      8.7e-05 0.97279 0.23169,
				      -0.002544 0.97279 0.231676,
				      -0.002544 0.97279 0.231676,
				      8.7e-05 0.97279 0.23169,
				      -0.002544 0.97279 0.231676,
				      8.7e-05 0.97279 0.23169,
				      -0.002544 0.97279 0.231676,
				      -0.011001 0.97279 0.231428,
				      -0.011001 0.97279 0.231428,
				      -0.002544 0.97279 0.231676,
				      -0.011001 0.97279 0.231428,
				      -0.002544 0.97279 0.231676,
				      -0.011001 0.97279 0.231428,
				      -0.031353 0.97279 0.229558,
				      -0.031353 0.97279 0.229558,
				      -0.011001 0.97279 0.231428,
				      -0.031353 0.97279 0.229558,
				      -0.011001 0.97279 0.231428,
				      -0.031353 0.97279 0.229558,
				      -0.069657 0.97279 0.220971,
				      -0.069657 0.97279 0.220971,
				      -0.031353 0.97279 0.229558,
				      -0.069657 0.97279 0.220971,
				      -0.031353 0.97279 0.229558,
				      -0.069657 0.97279 0.220971,
				      -0.121172 0.97279 0.197478,
				      -0.121172 0.97279 0.197478,
				      -0.069657 0.97279 0.220971,
				      -0.121172 0.97279 0.197478,
				      -0.069657 0.97279 0.220971,
				      -0.121172 0.97279 0.197478,
				      -0.168933 0.97279 0.158562,
				      -0.168933 0.97279 0.158562,
				      -0.121172 0.97279 0.197478,
				      -0.168933 0.97279 0.158562,
				      -0.121172 0.97279 0.197478,
				      -0.168933 0.97279 0.158562,
				      -0.201337 0.97279 0.114646,
				      -0.201337 0.97279 0.114646,
				      -0.168933 0.97279 0.158562,
				      -0.201337 0.97279 0.114646,
				      -0.168933 0.97279 0.158562,
				      -0.201337 0.97279 0.114646,
				      -0.218627 0.97279 0.076696,
				      -0.218627 0.97279 0.076696,
				      -0.201337 0.97279 0.114646,
				      -0.218627 0.97279 0.076696,
				      -0.201337 0.97279 0.114646,
				      -0.218627 0.97279 0.076696,
				      -0.226825 0.97279 0.04723,
				      -0.226825 0.97279 0.04723,
				      -0.218627 0.97279 0.076696,
				      -0.226825 0.97279 0.04723,
				      -0.218627 0.97279 0.076696,
				      -0.226825 0.97279 0.04723,
				      -0.230755 0.97279 0.020795,
				      -0.230755 0.97279 0.020795,
				      -0.226825 0.97279 0.04723,
				      -0.230755 0.97279 0.020795,
				      -0.226825 0.97279 0.04723,
				      -0.230755 0.97279 0.020795,
				      -0.231608 0.97279 -0.006139,
				      -0.231608 0.97279 -0.006139,
				      -0.230755 0.97279 0.020795,
				      -0.231608 0.97279 -0.006139,
				      -0.230755 0.97279 0.020795,
				      -0.231608 0.97279 -0.006139,
				      -0.229352 0.97279 -0.03283,
				      -0.229352 0.97279 -0.03283,
				      -0.231608 0.97279 -0.006139,
				      -0.229352 0.97279 -0.03283,
				      -0.231608 0.97279 -0.006139,
				      -0.229352 0.97279 -0.03283,
				      -0.223823 0.97279 -0.059861,
				      -0.223823 0.97279 -0.059861,
				      -0.229352 0.97279 -0.03283,
				      -0.223823 0.97279 -0.059861,
				      -0.229352 0.97279 -0.03283,
				      -0.223823 0.97279 -0.059861,
				      -0.212316 0.97279 -0.092747,
				      -0.212316 0.97279 -0.092747,
				      -0.223823 0.97279 -0.059861,
				      -0.212316 0.97279 -0.092747,
				      -0.223823 0.97279 -0.059861,
				      -0.212316 0.97279 -0.092747,
				      -0.188707 0.97279 -0.134424,
				      -0.188707 0.97279 -0.134424,
				      -0.212316 0.97279 -0.092747,
				      -0.188707 0.97279 -0.134424,
				      -0.212316 0.97279 -0.092747,
				      -0.188707 0.97279 -0.134424,
				      -0.148764 0.97279 -0.177621,
				      -0.148764 0.97279 -0.177621,
				      -0.188707 0.97279 -0.134424,
				      -0.148764 0.97279 -0.177621,
				      -0.188707 0.97279 -0.134424,
				      -0.148764 0.97279 -0.177621,
				      -0.096535 0.97279 -0.210621,
				      -0.096535 0.97279 -0.210621,
				      -0.148764 0.97279 -0.177621,
				      -0.096535 0.97279 -0.210621,
				      -0.148764 0.97279 -0.177621,
				      -0.096535 0.97279 -0.210621,
				      -0.047573 0.97279 -0.226753,
				      -0.047573 0.97279 -0.226753,
				      -0.096535 0.97279 -0.210621,
				      -0.047573 0.97279 -0.226753,
				      -0.096535 0.97279 -0.210621,
				      -0.047573 0.97279 -0.226753,
				      -0.017211 0.97279 -0.23105,
				      -0.017211 0.97279 -0.23105,
				      -0.047573 0.97279 -0.226753,
				      -0.017211 0.97279 -0.23105,
				      -0.047573 0.97279 -0.226753,
				      -0.017211 0.97279 -0.23105,
				      -0.004559 0.97279 -0.231645,
				      -0.004559 0.97279 -0.231645,
				      -0.017211 0.97279 -0.23105,
				      -0.004559 0.97279 -0.231645,
				      -0.017211 0.97279 -0.23105,
				      -0.004559 0.97279 -0.231645,
				      -0.000687 0.97279 -0.231689,
				      -0.000687 0.97279 -0.231689,
				      -0.004559 0.97279 -0.231645,
				      -0.000687 0.97279 -0.231689,
				      -0.004559 0.97279 -0.231645,
				      -0.000687 0.97279 -0.231689,
				      -1.5e-05 0.97279 -0.23169,
				      -1.5e-05 0.97279 -0.23169,
				      -0.000687 0.97279 -0.231689,
				      -1.5e-05 0.97279 -0.23169,
				      -0.000687 0.97279 -0.231689,
				      -1.5e-05 0.97279 -0.23169,
				      0 0.97279 -0.23169,
				      0 0.97279 -0.23169,
				      -1.5e-05 0.97279 -0.23169,
				      0 0.97279 -0.23169,
				      -1.5e-05 0.97279 -0.23169,
				      0 0.97279 -0.23169,
				      0 0.97279 -0.23169,
				      0 0.97279 -0.23169,
				      0 0.97279 -0.23169,
				      0 0.97279 -0.23169,
				      0 0.97279 -0.23169,
				      0 0.97279 -0.23169,
				      3e-06 0.97279 -0.23169,
				      3e-06 0.97279 -0.23169,
				      0 0.97279 -0.23169,
				      3e-06 0.97279 -0.23169,
				      0 0.97279 -0.23169,
				      3e-06 0.97279 -0.23169,
				      0.000435 0.97279 -0.231689,
				      0.000435 0.97279 -0.231689,
				      3e-06 0.97279 -0.23169,
				      0.000435 0.97279 -0.231689,
				      3e-06 0.97279 -0.23169,
				      0.000435 0.97279 -0.231689,
				      0.003455 0.97279 -0.231664,
				      0.003455 0.97279 -0.231664,
				      0.000435 0.97279 -0.231689,
				      0.003455 0.97279 -0.231664,
				      0.000435 0.97279 -0.231689,
				      0.003455 0.97279 -0.231664,
				      0.014448 0.97279 -0.231239,
				      0.014448 0.97279 -0.231239,
				      0.003455 0.97279 -0.231664,
				      0.014448 0.97279 -0.231239,
				      0.003455 0.97279 -0.231664,
				      0.014448 0.97279 -0.231239,
				      0.04513 0.97279 -0.227252,
				      0.04513 0.97279 -0.227252,
				      0.014448 0.97279 -0.231239,
				      0.04513 0.97279 -0.227252,
				      0.014448 0.97279 -0.231239,
				      0.04513 0.97279 -0.227252,
				      0.107424 0.97279 -0.205281,
				      0.107424 0.97279 -0.205281,
				      0.04513 0.97279 -0.227252,
				      0.107424 0.97279 -0.205281,
				      0.04513 0.97279 -0.227252 ]
		}
		IndexedFaceSet {
		    coordIndex	[ 2100, 2101, 2102, -1, 2100, 2102, 2103, -1,
				      2101, 2112, 2113, -1, 2101, 2113, 2102, -1,
				      2112, 2122, 2123, -1, 2112, 2123, 2113, -1,
				      2122, 2132, 2133, -1, 2122, 2133, 2123, -1,
				      2132, 2142, 2143, -1, 2132, 2143, 2133, -1,
				      2142, 2152, 2153, -1, 2142, 2153, 2143, -1,
				      2152, 2162, 2163, -1, 2152, 2163, 2153, -1,
				      2162, 2172, 2173, -1, 2162, 2173, 2163, -1,
				      2172, 2182, 2183, -1, 2172, 2183, 2173, -1,
				      2182, 2192, 2193, -1, 2182, 2193, 2183, -1,
				      2192, 2202, 2203, -1, 2192, 2203, 2193, -1,
				      2202, 2212, 2213, -1, 2202, 2213, 2203, -1,
				      2212, 2222, 2223, -1, 2212, 2223, 2213, -1,
				      2222, 2232, 2233, -1, 2222, 2233, 2223, -1,
				      2232, 2242, 2243, -1, 2232, 2243, 2233, -1,
				      2242, 2252, 2253, -1, 2242, 2253, 2243, -1,
				      2252, 2262, 2263, -1, 2252, 2263, 2253, -1,
				      2262, 2272, 2273, -1, 2262, 2273, 2263, -1,
				      2272, 2282, 2283, -1, 2272, 2283, 2273, -1,
				      2282, 2292, 2293, -1, 2282, 2293, 2283, -1,
				      2292, 2302, 2303, -1, 2292, 2303, 2293, -1,
				      2302, 2312, 2313, -1, 2302, 2313, 2303, -1,
				      2312, 2322, 2323, -1, 2312, 2323, 2313, -1,
				      2322, 2332, 2333, -1, 2322, 2333, 2323, -1,
				      2332, 2342, 2343, -1, 2332, 2343, 2333, -1,
				      2342, 2352, 2353, -1, 2342, 2353, 2343, -1,
				      2352, 2362, 2363, -1, 2352, 2363, 2353, -1,
				      2362, 2372, 2373, -1, 2362, 2373, 2363, -1,
				      2372, 2382, 2383, -1, 2372, 2383, 2373, -1,
				      2382, 2392, 2393, -1, 2382, 2393, 2383, -1,
				      2392, 2402, 2403, -1, 2392, 2403, 2393, -1,
				      2402, 2412, 2413, -1, 2402, 2413, 2403, -1,
				      2412, 2422, 2423, -1, 2412, 2423, 2413, -1,
				      2422, 2432, 2433, -1, 2422, 2433, 2423, -1,
				      2432, 2442, 2443, -1, 2432, 2443, 2433, -1,
				      2442, 2452, 2453, -1, 2442, 2453, 2443, -1,
				      2452, 2462, 2463, -1, 2452, 2463, 2453, -1,
				      2462, 2472, 2473, -1, 2462, 2473, 2463, -1,
				      2472, 2482, 2483, -1, 2472, 2483, 2473, -1,
				      2482, 2492, 2493, -1, 2482, 2493, 2483, -1,
				      2492, 2502, 2503, -1, 2492, 2503, 2493, -1,
				      2502, 2512, 2513, -1, 2502, 2513, 2503, -1,
				      2512, 2522, 2523, -1, 2512, 2523, 2513, -1,
				      2522, 2532, 2533, -1, 2522, 2533, 2523, -1,
				      2532, 2542, 2543, -1, 2532, 2543, 2533, -1,
				      2542, 2552, 2553, -1, 2542, 2553, 2543, -1,
				      2552, 2100, 2103, -1, 2552, 2103, 2553, -1 ]
		    normalIndex	[ 0, 1, 2, -1, 3, 4, 5, -1,
				      6, 7, 8, -1, 9, 10, 11, -1,
				      12, 13, 14, -1, 15, 16, 17, -1,
				      18, 19, 20, -1, 21, 22, 23, -1,
				      24, 25, 26, -1, 27, 28, 29, -1,
				      30, 31, 32, -1, 33, 34, 35, -1,
				      36, 37, 38, -1, 39, 40, 41, -1,
				      42, 43, 44, -1, 45, 46, 47, -1,
				      48, 49, 50, -1, 51, 52, 53, -1,
				      54, 55, 56, -1, 57, 58, 59, -1,
				      60, 61, 62, -1, 63, 64, 65, -1,
				      66, 67, 68, -1, 69, 70, 71, -1,
				      72, 73, 74, -1, 75, 76, 77, -1,
				      78, 79, 80, -1, 81, 82, 83, -1,
				      84, 85, 86, -1, 87, 88, 89, -1,
				      90, 91, 92, -1, 93, 94, 95, -1,
				      96, 97, 98, -1, 99, 100, 101, -1,
				      102, 103, 104, -1, 105, 106, 107, -1,
				      108, 109, 110, -1, 111, 112, 113, -1,
				      114, 115, 116, -1, 117, 118, 119, -1,
				      120, 121, 122, -1, 123, 124, 125, -1,
				      126, 127, 128, -1, 129, 130, 131, -1,
				      132, 133, 134, -1, 135, 136, 137, -1,
				      138, 139, 140, -1, 141, 142, 143, -1,
				      144, 145, 146, -1, 147, 148, 149, -1,
				      150, 151, 152, -1, 153, 154, 155, -1,
				      156, 157, 158, -1, 159, 160, 161, -1,
				      162, 163, 164, -1, 165, 166, 167, -1,
				      168, 169, 170, -1, 171, 172, 173, -1,
				      174, 175, 176, -1, 177, 178, 179, -1,
				      180, 181, 182, -1, 183, 184, 185, -1,
				      186, 187, 188, -1, 189, 190, 191, -1,
				      192, 193, 194, -1, 195, 196, 197, -1,
				      198, 199, 200, -1, 201, 202, 203, -1,
				      204, 205, 206, -1, 207, 208, 209, -1,
				      210, 211, 212, -1, 213, 214, 215, -1,
				      216, 217, 218, -1, 219, 220, 221, -1,
				      222, 223, 224, -1, 225, 226, 227, -1,
				      228, 229, 230, -1, 231, 232, 233, -1,
				      234, 235, 236, -1, 237, 238, 239, -1,
				      240, 241, 242, -1, 243, 244, 245, -1,
				      246, 247, 248, -1, 249, 250, 251, -1,
				      252, 253, 254, -1, 255, 256, 257, -1,
				      258, 259, 260, -1, 261, 262, 263, -1,
				      264, 265, 266, -1, 267, 268, 269, -1,
				      270, 271, 272, -1, 273, 274, 275, -1,
				      276, 277, 278, -1, 279, 280, 281, -1 ]
		}
	    }
	}
	Separator {
	    Material {
		diffuseColor	0.8 0 0.44
	    }
	    Separator {
		Normal {
		    vector	[ 0 1 0,
				      0 1 0,
				      0 1 0,
				      0 1 0,
				      0 1 0,
				      0 1 0,
				      0 1 0,
				      0 1 0,
				      0 1 0,
				      0 1 0,
				      0 1 0,
				      0 1 0,
				      0 1 0,
				      0 1 0,
				      0 1 0,
				      0 1 0,
				      0 1 0,
				      0 1 0,
				      0 1 0,
				      0 1 0,
				      0 1 0,
				      0 1 0,
				      0 1 0,
				      0 1 0,
				      0 1 0,
				      0 1 0,
				      0 1 0,
				      0 1 0,
				      0 1 0,
				      0 1 0,
				      0 1 0,
				      0 1 0,
				      0 1 0,
				      0 1 0,
				      0 1 0,
				      0 1 0,
				      0 1 0,
				      0 1 0,
				      0 1 0,
				      0 1 0,
				      0 1 0,
				      0 1 0,
				      0 1 0,
				      0 1 0,
				      0 1 0,
				      0 1 0,
				      0 1 0,
				      0 1 0,
				      0 1 0,
				      0 1 0,
				      0 1 0,
				      0 1 0,
				      0 1 0,
				      0 1 0,
				      0 1 0,
				      0 1 0,
				      0 1 0,
				      0 1 0,
				      0 1 0,
				      0 1 0,
				      0 1 0,
				      0 1 0,
				      0 1 0,
				      0 1 0,
				      0 1 0,
				      0 1 0,
				      0 1 0,
				      0 1 0,
				      0 1 0,
				      0 1 0,
				      0 1 0,
				      0 1 0,
				      0 1 0,
				      0 1 0,
				      0 1 0,
				      0 1 0,
				      0 1 0,
				      0 1 0,
				      0 1 0,
				      0 1 0,
				      0 1 0,
				      0 1 0,
				      0 1 0,
				      0 1 0,
				      0 1 0,
				      0 1 0,
				      0 1 0,
				      0 1 0,
				      0 1 0,
				      0 1 0,
				      0 1 0,
				      0 1 0,
				      0 1 0,
				      0 1 0,
				      0 1 0,
				      0 1 0,
				      0 1 0,
				      0 1 0,
				      0 1 0,
				      0 1 0,
				      0 1 0,
				      0 1 0,
				      0 1 0,
				      0 1 0,
				      0 1 0,
				      0 1 0,
				      0 1 0,
				      0 1 0,
				      0 1 0,
				      0 1 0,
				      0 1 0,
				      0 1 0,
				      0 1 0,
				      0 1 0,
				      0 1 0,
				      0 1 0,
				      0 1 0,
				      0 1 0,
				      0 1 0,
				      0 1 0,
				      0 1 0,
				      0 1 0,
				      0 1 0,
				      0 1 0,
				      0 1 0,
				      0 1 0,
				      0 1 0,
				      0 1 0,
				      0 1 0,
				      0 1 0,
				      0 1 0,
				      0 1 0,
				      0 1 0,
				      0 1 0,
				      0 1 0,
				      0 1 0,
				      0 1 0,
				      0 1 0,
				      0 1 0,
				      0 1 0,
				      0 1 0,
				      0 1 0,
				      0 1 0,
				      0 1 0 ]
		}
		IndexedFaceSet {
		    coordIndex	[ 2554, 2555, 2556, -1, 2554, 2556, 2557, -1,
				      2555, 2558, 2559, -1, 2555, 2559, 2556, -1,
				      2558, 2560, 2561, -1, 2558, 2561, 2559, -1,
				      2560, 2562, 2563, -1, 2560, 2563, 2561, -1,
				      2562, 2564, 2565, -1, 2562, 2565, 2563, -1,
				      2564, 2566, 2567, -1, 2564, 2567, 2565, -1,
				      2566, 2568, 2569, -1, 2566, 2569, 2567, -1,
				      2568, 2570, 2571, -1, 2568, 2571, 2569, -1,
				      2570, 2572, 2573, -1, 2570, 2573, 2571, -1,
				      2572, 2574, 2575, -1, 2572, 2575, 2573, -1,
				      2574, 2576, 2577, -1, 2574, 2577, 2575, -1,
				      2576, 2578, 2579, -1, 2576, 2579, 2577, -1,
				      2578, 2580, 2581, -1, 2578, 2581, 2579, -1,
				      2580, 2582, 2583, -1, 2580, 2583, 2581, -1,
				      2582, 2584, 2585, -1, 2582, 2585, 2583, -1,
				      2584, 2586, 2587, -1, 2584, 2587, 2585, -1,
				      2586, 2588, 2589, -1, 2586, 2589, 2587, -1,
				      2588, 2590, 2591, -1, 2588, 2591, 2589, -1,
				      2590, 2592, 2593, -1, 2590, 2593, 2591, -1,
				      2592, 2594, 2595, -1, 2592, 2595, 2593, -1,
				      2594, 2596, 2597, -1, 2594, 2597, 2595, -1,
				      2596, 2598, 2599, -1, 2596, 2599, 2597, -1,
				      2598, 2600, 2601, -1, 2598, 2601, 2599, -1,
				      2600, 2602, 2603, -1, 2600, 2603, 2601, -1 ]
		    normalIndex	[ 0, 1, 2, -1, 3, 4, 5, -1,
				      6, 7, 8, -1, 9, 10, 11, -1,
				      12, 13, 14, -1, 15, 16, 17, -1,
				      18, 19, 20, -1, 21, 22, 23, -1,
				      24, 25, 26, -1, 27, 28, 29, -1,
				      30, 31, 32, -1, 33, 34, 35, -1,
				      36, 37, 38, -1, 39, 40, 41, -1,
				      42, 43, 44, -1, 45, 46, 47, -1,
				      48, 49, 50, -1, 51, 52, 53, -1,
				      54, 55, 56, -1, 57, 58, 59, -1,
				      60, 61, 62, -1, 63, 64, 65, -1,
				      66, 67, 68, -1, 69, 70, 71, -1,
				      72, 73, 74, -1, 75, 76, 77, -1,
				      78, 79, 80, -1, 81, 82, 83, -1,
				      84, 85, 86, -1, 87, 88, 89, -1,
				      90, 91, 92, -1, 93, 94, 95, -1,
				      96, 97, 98, -1, 99, 100, 101, -1,
				      102, 103, 104, -1, 105, 106, 107, -1,
				      108, 109, 110, -1, 111, 112, 113, -1,
				      114, 115, 116, -1, 117, 118, 119, -1,
				      120, 121, 122, -1, 123, 124, 125, -1,
				      126, 127, 128, -1, 129, 130, 131, -1,
				      132, 133, 134, -1, 135, 136, 137, -1,
				      138, 139, 140, -1, 141, 142, 143, -1 ]
		}
	    }
	}
	Separator {
	    Separator {
		Normal {
		    vector	[ 0 -1 0,
				      0 -1 0,
				      0 -1 0,
				      0 -1 0,
				      0 -1 0,
				      0 -1 0,
				      0 -1 0,
				      0 -1 0,
				      0 -1 0,
				      0 -1 0,
				      0 -1 0,
				      0 -1 0,
				      0 -1 0,
				      0 -1 0,
				      0 -1 0,
				      0 -1 0,
				      0 -1 0,
				      0 -1 0,
				      0 -1 0,
				      0 -1 0,
				      0 -1 0,
				      0 -1 0,
				      0 -1 0,
				      0 -1 0,
				      0 -1 0,
				      0 -1 0,
				      0 -1 0,
				      0 -1 0,
				      0 -1 0,
				      0 -1 0,
				      0 -1 0,
				      0 -1 0,
				      0 -1 0,
				      0 -1 0,
				      0 -1 0,
				      0 -1 0,
				      0 -1 0,
				      0 -1 0,
				      0 -1 0,
				      0 -1 0,
				      0 -1 0,
				      0 -1 0,
				      0 -1 0,
				      0 -1 0,
				      0 -1 0,
				      0 -1 0,
				      0 -1 0,
				      0 -1 0,
				      0 -1 0,
				      0 -1 0,
				      0 -1 0,
				      0 -1 0,
				      0 -1 0,
				      0 -1 0,
				      0 -1 0,
				      0 -1 0,
				      0 -1 0,
				      0 -1 0,
				      0 -1 0,
				      0 -1 0,
				      0 -1 0,
				      0 -1 0,
				      0 -1 0,
				      0 -1 0,
				      0 -1 0,
				      0 -1 0,
				      0 -1 0,
				      0 -1 0,
				      0 -1 0,
				      0 -1 0,
				      0 -1 0,
				      0 -1 0,
				      0 -1 0,
				      0 -1 0,
				      0 -1 0,
				      0 -1 0,
				      0 -1 0,
				      0 -1 0,
				      0 -1 0,
				      0 -1 0,
				      0 -1 0,
				      0 -1 0,
				      0 -1 0,
				      0 -1 0,
				      0 -1 0,
				      0 -1 0,
				      0 -1 0,
				      0 -1 0,
				      0 -1 0,
				      0 -1 0,
				      0 -1 0,
				      0 -1 0,
				      0 -1 0,
				      0 -1 0,
				      0 -1 0,
				      0 -1 0,
				      0 -1 0,
				      0 -1 0,
				      0 -1 0,
				      0 -1 0,
				      0 -1 0,
				      0 -1 0,
				      0 -1 0,
				      0 -1 0,
				      0 -1 0,
				      0 -1 0,
				      0 -1 0,
				      0 -1 0,
				      0 -1 0,
				      0 -1 0,
				      0 -1 0,
				      0 -1 0,
				      0 -1 0,
				      0 -1 0,
				      0 -1 0,
				      0 -1 0,
				      0 -1 0,
				      0 -1 0,
				      0 -1 0,
				      0 -1 0,
				      0 -1 0,
				      0 -1 0,
				      0 -1 0,
				      0 -1 0,
				      0 -1 0,
				      0 -1 0,
				      0 -1 0,
				      0 -1 0,
				      0 -1 0,
				      0 -1 0,
				      0 -1 0,
				      0 -1 0,
				      0 -1 0,
				      0 -1 0,
				      0 -1 0,
				      0 -1 0,
				      0 -1 0,
				      0 -1 0,
				      0 -1 0,
				      0 -1 0,
				      0 -1 0,
				      0 -1 0,
				      0 -1 0,
				      0 -1 0 ]
		}
		IndexedFaceSet {
		    coordIndex	[ 2604, 2605, 2606, -1, 2604, 2606, 2607, -1,
				      2605, 2608, 2609, -1, 2605, 2609, 2606, -1,
				      2608, 2610, 2611, -1, 2608, 2611, 2609, -1,
				      2610, 2612, 2613, -1, 2610, 2613, 2611, -1,
				      2612, 2614, 2615, -1, 2612, 2615, 2613, -1,
				      2614, 2616, 2617, -1, 2614, 2617, 2615, -1,
				      2616, 2618, 2619, -1, 2616, 2619, 2617, -1,
				      2618, 2620, 2621, -1, 2618, 2621, 2619, -1,
				      2620, 2622, 2623, -1, 2620, 2623, 2621, -1,
				      2622, 2624, 2625, -1, 2622, 2625, 2623, -1,
				      2624, 2626, 2627, -1, 2624, 2627, 2625, -1,
				      2626, 2628, 2629, -1, 2626, 2629, 2627, -1,
				      2628, 2630, 2631, -1, 2628, 2631, 2629, -1,
				      2630, 2632, 2633, -1, 2630, 2633, 2631, -1,
				      2632, 2634, 2635, -1, 2632, 2635, 2633, -1,
				      2634, 2636, 2637, -1, 2634, 2637, 2635, -1,
				      2636, 2638, 2639, -1, 2636, 2639, 2637, -1,
				      2638, 2640, 2641, -1, 2638, 2641, 2639, -1,
				      2640, 2642, 2643, -1, 2640, 2643, 2641, -1,
				      2642, 2644, 2645, -1, 2642, 2645, 2643, -1,
				      2644, 2646, 2647, -1, 2644, 2647, 2645, -1,
				      2646, 2648, 2649, -1, 2646, 2649, 2647, -1,
				      2648, 2650, 2651, -1, 2648, 2651, 2649, -1,
				      2650, 2652, 2653, -1, 2650, 2653, 2651, -1 ]
		    normalIndex	[ 0, 1, 2, -1, 3, 4, 5, -1,
				      6, 7, 8, -1, 9, 10, 11, -1,
				      12, 13, 14, -1, 15, 16, 17, -1,
				      18, 19, 20, -1, 21, 22, 23, -1,
				      24, 25, 26, -1, 27, 28, 29, -1,
				      30, 31, 32, -1, 33, 34, 35, -1,
				      36, 37, 38, -1, 39, 40, 41, -1,
				      42, 43, 44, -1, 45, 46, 47, -1,
				      48, 49, 50, -1, 51, 52, 53, -1,
				      54, 55, 56, -1, 57, 58, 59, -1,
				      60, 61, 62, -1, 63, 64, 65, -1,
				      66, 67, 68, -1, 69, 70, 71, -1,
				      72, 73, 74, -1, 75, 76, 77, -1,
				      78, 79, 80, -1, 81, 82, 83, -1,
				      84, 85, 86, -1, 87, 88, 89, -1,
				      90, 91, 92, -1, 93, 94, 95, -1,
				      96, 97, 98, -1, 99, 100, 101, -1,
				      102, 103, 104, -1, 105, 106, 107, -1,
				      108, 109, 110, -1, 111, 112, 113, -1,
				      114, 115, 116, -1, 117, 118, 119, -1,
				      120, 121, 122, -1, 123, 124, 125, -1,
				      126, 127, 128, -1, 129, 130, 131, -1,
				      132, 133, 134, -1, 135, 136, 137, -1,
				      138, 139, 140, -1, 141, 142, 143, -1 ]
		}
	    }
	}
	Separator {
	    Separator {
		Normal {
		    vector	[ 0.107424 0.97279 0.205281,
				      0.187095 0.97279 0.136659,
				      0.187095 0.97279 0.136659,
				      0.107424 0.97279 0.205281,
				      0.187095 0.97279 0.136659,
				      0.107424 0.97279 0.205281,
				      0.187095 0.97279 0.136659,
				      0.230782 0.97279 0.020498,
				      0.230782 0.97279 0.020498,
				      0.187095 0.97279 0.136659,
				      0.230782 0.97279 0.020498,
				      0.187095 0.97279 0.136659,
				      0.230782 0.97279 0.020498,
				      0.215109 0.97279 -0.086073,
				      0.215109 0.97279 -0.086073,
				      0.230782 0.97279 0.020498,
				      0.215109 0.97279 -0.086073,
				      0.230782 0.97279 0.020498,
				      0.215109 0.97279 -0.086073,
				      0.176142 0.97279 -0.150513,
				      0.176142 0.97279 -0.150513,
				      0.215109 0.97279 -0.086073,
				      0.176142 0.97279 -0.150513,
				      0.215109 0.97279 -0.086073,
				      0.176142 0.97279 -0.150513,
				      0.139 0.97279 -0.185363,
				      0.139 0.97279 -0.185363,
				      0.176142 0.97279 -0.150513,
				      0.139 0.97279 -0.185363,
				      0.176142 0.97279 -0.150513,
				      0.139 0.97279 -0.185363,
				      0.109401 0.97279 -0.204235,
				      0.109401 0.97279 -0.204235,
				      0.139 0.97279 -0.185363,
				      0.109401 0.97279 -0.204235,
				      0.139 0.97279 -0.185363,
				      0.109401 0.97279 -0.204235,
				      0.087355 0.97279 -0.214591,
				      0.087355 0.97279 -0.214591,
				      0.109401 0.97279 -0.204235,
				      0.087355 0.97279 -0.214591,
				      0.109401 0.97279 -0.204235,
				      0.087355 0.97279 -0.214591,
				      0.071093 0.97279 -0.220513,
				      0.071093 0.97279 -0.220514,
				      0.087355 0.97279 -0.214591,
				      0.071093 0.97279 -0.220514,
				      0.087355 0.97279 -0.214591,
				      0.071093 0.97279 -0.220513,
				      0.058735 0.97279 -0.224122,
				      0.058735 0.97279 -0.224122,
				      0.071093 0.97279 -0.220513,
				      0.058735 0.97279 -0.224122,
				      0.071093 0.97279 -0.220514,
				      0.058735 0.97279 -0.224122,
				      0.048469 0.97279 -0.226564,
				      0.048469 0.97279 -0.226564,
				      0.058735 0.97279 -0.224122,
				      0.048469 0.97279 -0.226564,
				      0.058735 0.97279 -0.224122,
				      0.048469 0.97279 -0.226564,
				      0.038892 0.97279 -0.228403,
				      0.038892 0.97279 -0.228403,
				      0.048469 0.97279 -0.226564,
				      0.038892 0.97279 -0.228403,
				      0.048469 0.97279 -0.226564,
				      0.038892 0.97279 -0.228403,
				      0.029195 0.97279 -0.229843,
				      0.029195 0.97279 -0.229843,
				      0.038892 0.97279 -0.228403,
				      0.029195 0.97279 -0.229843,
				      0.038892 0.97279 -0.228403,
				      0.029195 0.97279 -0.229843,
				      0.019479 0.97279 -0.23087,
				      0.019479 0.97279 -0.23087,
				      0.029195 0.97279 -0.229843,
				      0.019479 0.97279 -0.23087,
				      0.029195 0.97279 -0.229843,
				      0.019479 0.97279 -0.23087,
				      0.011281 0.97279 -0.231415,
				      0.011281 0.97279 -0.231415,
				      0.019479 0.97279 -0.23087,
				      0.011281 0.97279 -0.231415,
				      0.019479 0.97279 -0.23087,
				      0.011281 0.97279 -0.231415,
				      0.005538 0.97279 -0.231624,
				      0.005538 0.97279 -0.231624,
				      0.011281 0.97279 -0.231415,
				      0.005538 0.97279 -0.231624,
				      0.011281 0.97279 -0.231415,
				      0.005538 0.97279 -0.231624,
				      0.001922 0.97279 -0.231682,
				      0.001922 0.97279 -0.231682,
				      0.005538 0.97279 -0.231624,
				      0.001922 0.97279 -0.231682,
				      0.005538 0.97279 -0.231624,
				      0.001922 0.97279 -0.231682,
				      8.7e-05 0.97279 -0.23169,
				      8.7e-05 0.97279 -0.23169,
				      0.001922 0.97279 -0.231682,
				      8.7e-05 0.97279 -0.23169,
				      0.001922 0.97279 -0.231682,
				      8.7e-05 0.97279 -0.23169,
				      -0.002544 0.97279 -0.231676,
				      -0.002544 0.97279 -0.231676,
				      8.7e-05 0.97279 -0.23169,
				      -0.002544 0.97279 -0.231676,
				      8.7e-05 0.97279 -0.23169,
				      -0.002544 0.97279 -0.231676,
				      -0.011001 0.97279 -0.231429,
				      -0.011001 0.97279 -0.231429,
				      -0.002544 0.97279 -0.231676,
				      -0.011001 0.97279 -0.231429,
				      -0.002544 0.97279 -0.231676,
				      -0.011001 0.97279 -0.231429,
				      -0.031354 0.97279 -0.229559,
				      -0.031354 0.97279 -0.229559,
				      -0.011001 0.97279 -0.231429,
				      -0.031354 0.97279 -0.229559,
				      -0.011001 0.97279 -0.231429,
				      -0.031354 0.97279 -0.229559,
				      -0.069657 0.97279 -0.220971,
				      -0.069657 0.97279 -0.220971,
				      -0.031354 0.97279 -0.229559,
				      -0.069657 0.97279 -0.220971,
				      -0.031354 0.97279 -0.229559,
				      -0.069657 0.97279 -0.220971,
				      -0.121172 0.97279 -0.197478,
				      -0.121172 0.97279 -0.197478,
				      -0.069657 0.97279 -0.220971,
				      -0.121172 0.97279 -0.197478,
				      -0.069657 0.97279 -0.220971,
				      -0.121172 0.97279 -0.197478,
				      -0.168933 0.97279 -0.158562,
				      -0.168933 0.97279 -0.158562,
				      -0.121172 0.97279 -0.197478,
				      -0.168933 0.97279 -0.158562,
				      -0.121172 0.97279 -0.197478,
				      -0.168933 0.97279 -0.158562,
				      -0.201337 0.97279 -0.114646,
				      -0.201337 0.97279 -0.114646,
				      -0.168933 0.97279 -0.158562,
				      -0.201337 0.97279 -0.114646,
				      -0.168933 0.97279 -0.158562,
				      -0.201337 0.97279 -0.114646,
				      -0.218628 0.97279 -0.076696,
				      -0.218628 0.97279 -0.076696,
				      -0.201337 0.97279 -0.114646,
				      -0.218628 0.97279 -0.076696,
				      -0.201337 0.97279 -0.114646,
				      -0.218628 0.97279 -0.076696,
				      -0.226825 0.97279 -0.04723,
				      -0.226825 0.97279 -0.04723,
				      -0.218628 0.97279 -0.076696,
				      -0.226825 0.97279 -0.04723,
				      -0.218628 0.97279 -0.076696,
				      -0.226825 0.97279 -0.04723,
				      -0.230755 0.97279 -0.020795,
				      -0.230755 0.97279 -0.020795,
				      -0.226825 0.97279 -0.04723,
				      -0.230755 0.97279 -0.020795,
				      -0.226825 0.97279 -0.04723,
				      -0.230755 0.97279 -0.020795,
				      -0.231609 0.97279 0.006139,
				      -0.231609 0.97279 0.006139,
				      -0.230755 0.97279 -0.020795,
				      -0.231609 0.97279 0.006139,
				      -0.230755 0.97279 -0.020795,
				      -0.231609 0.97279 0.006139,
				      -0.229353 0.97279 0.03283,
				      -0.229353 0.97279 0.03283,
				      -0.231609 0.97279 0.006139,
				      -0.229353 0.97279 0.03283,
				      -0.231609 0.97279 0.006139,
				      -0.229353 0.97279 0.03283,
				      -0.223824 0.97279 0.059861,
				      -0.223824 0.97279 0.059861,
				      -0.229353 0.97279 0.03283,
				      -0.223824 0.97279 0.059861,
				      -0.229353 0.97279 0.03283,
				      -0.223824 0.97279 0.059861,
				      -0.212316 0.97279 0.092747,
				      -0.212316 0.97279 0.092747,
				      -0.223824 0.97279 0.059861,
				      -0.212316 0.97279 0.092747,
				      -0.223824 0.97279 0.059861,
				      -0.212316 0.97279 0.092747,
				      -0.188707 0.97279 0.134424,
				      -0.188707 0.97279 0.134424,
				      -0.212316 0.97279 0.092747,
				      -0.188707 0.97279 0.134424,
				      -0.212316 0.97279 0.092747,
				      -0.188707 0.97279 0.134424,
				      -0.148765 0.97279 0.177622,
				      -0.148765 0.97279 0.177622,
				      -0.188707 0.97279 0.134424,
				      -0.148765 0.97279 0.177622,
				      -0.188707 0.97279 0.134424,
				      -0.148765 0.97279 0.177622,
				      -0.096535 0.97279 0.210621,
				      -0.096535 0.97279 0.210621,
				      -0.148765 0.97279 0.177622,
				      -0.096535 0.97279 0.210621,
				      -0.148765 0.97279 0.177622,
				      -0.096535 0.97279 0.210621,
				      -0.047574 0.97279 0.226753,
				      -0.047574 0.97279 0.226753,
				      -0.096535 0.97279 0.210621,
				      -0.047574 0.97279 0.226753,
				      -0.096535 0.97279 0.210621,
				      -0.047574 0.97279 0.226753,
				      -0.017211 0.97279 0.23105,
				      -0.017211 0.97279 0.23105,
				      -0.047574 0.97279 0.226753,
				      -0.017211 0.97279 0.23105,
				      -0.047574 0.97279 0.226753,
				      -0.017211 0.97279 0.23105,
				      -0.004559 0.97279 0.231645,
				      -0.004559 0.97279 0.231645,
				      -0.017211 0.97279 0.23105,
				      -0.004559 0.97279 0.231645,
				      -0.017211 0.97279 0.23105,
				      -0.004559 0.97279 0.231645,
				      -0.000687 0.97279 0.231689,
				      -0.000687 0.97279 0.231689,
				      -0.004559 0.97279 0.231645,
				      -0.000687 0.97279 0.231689,
				      -0.004559 0.97279 0.231645,
				      -0.000687 0.97279 0.231689,
				      -1.5e-05 0.97279 0.23169,
				      -1.5e-05 0.97279 0.23169,
				      -0.000687 0.97279 0.231689,
				      -1.5e-05 0.97279 0.23169,
				      -0.000687 0.97279 0.231689,
				      -1.5e-05 0.97279 0.23169,
				      0 0.97279 0.23169,
				      0 0.97279 0.23169,
				      -1.5e-05 0.97279 0.23169,
				      0 0.97279 0.23169,
				      -1.5e-05 0.97279 0.23169,
				      0 0.97279 0.23169,
				      0 0.97279 0.23169,
				      0 0.97279 0.23169,
				      0 0.97279 0.23169,
				      0 0.97279 0.23169,
				      0 0.97279 0.23169,
				      0 0.97279 0.23169,
				      3e-06 0.97279 0.23169,
				      3e-06 0.97279 0.23169,
				      0 0.97279 0.23169,
				      3e-06 0.97279 0.23169,
				      0 0.97279 0.23169,
				      3e-06 0.97279 0.23169,
				      0.000435 0.97279 0.23169,
				      0.000435 0.97279 0.23169,
				      3e-06 0.97279 0.23169,
				      0.000435 0.97279 0.23169,
				      3e-06 0.97279 0.23169,
				      0.000435 0.97279 0.23169,
				      0.003455 0.97279 0.231664,
				      0.003455 0.97279 0.231664,
				      0.000435 0.97279 0.23169,
				      0.003455 0.97279 0.231664,
				      0.000435 0.97279 0.23169,
				      0.003455 0.97279 0.231664,
				      0.014448 0.97279 0.231239,
				      0.014448 0.97279 0.231239,
				      0.003455 0.97279 0.231664,
				      0.014448 0.97279 0.231239,
				      0.003455 0.97279 0.231664,
				      0.014448 0.97279 0.231239,
				      0.04513 0.97279 0.227252,
				      0.04513 0.97279 0.227252,
				      0.014448 0.97279 0.231239,
				      0.04513 0.97279 0.227252,
				      0.014448 0.97279 0.231239,
				      0.04513 0.97279 0.227252,
				      0.107424 0.97279 0.205281,
				      0.107424 0.97279 0.205281,
				      0.04513 0.97279 0.227252,
				      0.107424 0.97279 0.205281,
				      0.04513 0.97279 0.227252 ]
		}
		IndexedFaceSet {
		    coordIndex	[ 2654, 2655, 2656, -1, 2654, 2656, 2657, -1,
				      2655, 2674, 2675, -1, 2655, 2675, 2656, -1,
				      2674, 2684, 2685, -1, 2674, 2685, 2675, -1,
				      2684, 2694, 2695, -1, 2684, 2695, 2685, -1,
				      2694, 2704, 2705, -1, 2694, 2705, 2695, -1,
				      2704, 2714, 2715, -1, 2704, 2715, 2705, -1,
				      2714, 2724, 2725, -1, 2714, 2725, 2715, -1,
				      2724, 2734, 2735, -1, 2724, 2735, 2725, -1,
				      2734, 2744, 2745, -1, 2734, 2745, 2735, -1,
				      2744, 2754, 2755, -1, 2744, 2755, 2745, -1,
				      2754, 2764, 2765, -1, 2754, 2765, 2755, -1,
				      2764, 2774, 2775, -1, 2764, 2775, 2765, -1,
				      2774, 2784, 2785, -1, 2774, 2785, 2775, -1,
				      2784, 2794, 2795, -1, 2784, 2795, 2785, -1,
				      2794, 2804, 2805, -1, 2794, 2805, 2795, -1,
				      2804, 2814, 2815, -1, 2804, 2815, 2805, -1,
				      2814, 2824, 2825, -1, 2814, 2825, 2815, -1,
				      2824, 2834, 2835, -1, 2824, 2835, 2825, -1,
				      2834, 2844, 2845, -1, 2834, 2845, 2835, -1,
				      2844, 2854, 2855, -1, 2844, 2855, 2845, -1,
				      2854, 2864, 2865, -1, 2854, 2865, 2855, -1,
				      2864, 2874, 2875, -1, 2864, 2875, 2865, -1,
				      2874, 2884, 2885, -1, 2874, 2885, 2875, -1,
				      2884, 2894, 2895, -1, 2884, 2895, 2885, -1,
				      2894, 2904, 2905, -1, 2894, 2905, 2895, -1,
				      2904, 2914, 2915, -1, 2904, 2915, 2905, -1,
				      2914, 2924, 2925, -1, 2914, 2925, 2915, -1,
				      2924, 2934, 2935, -1, 2924, 2935, 2925, -1,
				      2934, 2944, 2945, -1, 2934, 2945, 2935, -1,
				      2944, 2954, 2955, -1, 2944, 2955, 2945, -1,
				      2954, 2964, 2965, -1, 2954, 2965, 2955, -1,
				      2964, 2974, 2975, -1, 2964, 2975, 2965, -1,
				      2974, 2984, 2985, -1, 2974, 2985, 2975, -1,
				      2984, 2994, 2995, -1, 2984, 2995, 2985, -1,
				      2994, 3004, 3005, -1, 2994, 3005, 2995, -1,
				      3004, 3014, 3015, -1, 3004, 3015, 3005, -1,
				      3014, 3024, 3025, -1, 3014, 3025, 3015, -1,
				      3024, 3034, 3035, -1, 3024, 3035, 3025, -1,
				      3034, 3044, 3045, -1, 3034, 3045, 3035, -1,
				      3044, 3054, 3055, -1, 3044, 3055, 3045, -1,
				      3054, 3064, 3065, -1, 3054, 3065, 3055, -1,
				      3064, 3074, 3075, -1, 3064, 3075, 3065, -1,
				      3074, 3084, 3085, -1, 3074, 3085, 3075, -1,
				      3084, 3094, 3095, -1, 3084, 3095, 3085, -1,
				      3094, 3104, 3105, -1, 3094, 3105, 3095, -1,
				      3104, 3114, 3115, -1, 3104, 3115, 3105, -1,
				      3114, 2654, 2657, -1, 3114, 2657, 3115, -1 ]
		    normalIndex	[ 0, 1, 2, -1, 3, 4, 5, -1,
				      6, 7, 8, -1, 9, 10, 11, -1,
				      12, 13, 14, -1, 15, 16, 17, -1,
				      18, 19, 20, -1, 21, 22, 23, -1,
				      24, 25, 26, -1, 27, 28, 29, -1,
				      30, 31, 32, -1, 33, 34, 35, -1,
				      36, 37, 38, -1, 39, 40, 41, -1,
				      42, 43, 44, -1, 45, 46, 47, -1,
				      48, 49, 50, -1, 51, 52, 53, -1,
				      54, 55, 56, -1, 57, 58, 59, -1,
				      60, 61, 62, -1, 63, 64, 65, -1,
				      66, 67, 68, -1, 69, 70, 71, -1,
				      72, 73, 74, -1, 75, 76, 77, -1,
				      78, 79, 80, -1, 81, 82, 83, -1,
				      84, 85, 86, -1, 87, 88, 89, -1,
				      90, 91, 92, -1, 93, 94, 95, -1,
				      96, 97, 98, -1, 99, 100, 101, -1,
				      102, 103, 104, -1, 105, 106, 107, -1,
				      108, 109, 110, -1, 111, 112, 113, -1,
				      114, 115, 116, -1, 117, 118, 119, -1,
				      120, 121, 122, -1, 123, 124, 125, -1,
				      126, 127, 128, -1, 129, 130, 131, -1,
				      132, 133, 134, -1, 135, 136, 137, -1,
				      138, 139, 140, -1, 141, 142, 143, -1,
				      144, 145, 146, -1, 147, 148, 149, -1,
				      150, 151, 152, -1, 153, 154, 155, -1,
				      156, 157, 158, -1, 159, 160, 161, -1,
				      162, 163, 164, -1, 165, 166, 167, -1,
				      168, 169, 170, -1, 171, 172, 173, -1,
				      174, 175, 176, -1, 177, 178, 179, -1,
				      180, 181, 182, -1, 183, 184, 185, -1,
				      186, 187, 188, -1, 189, 190, 191, -1,
				      192, 193, 194, -1, 195, 196, 197, -1,
				      198, 199, 200, -1, 201, 202, 203, -1,
				      204, 205, 206, -1, 207, 208, 209, -1,
				      210, 211, 212, -1, 213, 214, 215, -1,
				      216, 217, 218, -1, 219, 220, 221, -1,
				      222, 223, 224, -1, 225, 226, 227, -1,
				      228, 229, 230, -1, 231, 232, 233, -1,
				      234, 235, 236, -1, 237, 238, 239, -1,
				      240, 241, 242, -1, 243, 244, 245, -1,
				      246, 247, 248, -1, 249, 250, 251, -1,
				      252, 253, 254, -1, 255, 256, 257, -1,
				      258, 259, 260, -1, 261, 262, 263, -1,
				      264, 265, 266, -1, 267, 268, 269, -1,
				      270, 271, 272, -1, 273, 274, 275, -1,
				      276, 277, 278, -1, 279, 280, 281, -1 ]
		}
	    }
	}
	Separator {
	    Material {
		diffuseColor	0 0.8 0.8
	    }
	    Separator {
		Normal {
		    vector	[ 0.433775 0.353178 0.828918,
				      0.755484 0.353178 0.551824,
				      0.755484 0.353178 0.551824,
				      0.433775 0.353178 0.828918,
				      0.755484 0.353178 0.551824,
				      0.433775 0.353178 0.828918,
				      0.755484 0.353178 0.551824,
				      0.931888 0.353178 0.082771,
				      0.931888 0.353178 0.082771,
				      0.755484 0.353178 0.551824,
				      0.931888 0.353178 0.082771,
				      0.755484 0.353178 0.551824,
				      0.931888 0.353178 0.082771,
				      0.8686 0.353178 -0.347561,
				      0.8686 0.353178 -0.347561,
				      0.931888 0.353178 0.082771,
				      0.8686 0.353178 -0.347561,
				      0.931888 0.353178 0.082771,
				      0.8686 0.353178 -0.347561,
				      0.711256 0.353178 -0.607767,
				      0.711256 0.353178 -0.607767,
				      0.8686 0.353178 -0.347561,
				      0.711256 0.353178 -0.607767,
				      0.8686 0.353178 -0.347561,
				      0.711256 0.353178 -0.607767,
				      0.561277 0.353178 -0.748487,
				      0.561277 0.353178 -0.748487,
				      0.711256 0.353178 -0.607767,
				      0.561277 0.353178 -0.748487,
				      0.711256 0.353178 -0.607767,
				      0.561277 0.353178 -0.748487,
				      0.441757 0.353178 -0.824692,
				      0.441757 0.353178 -0.824691,
				      0.561277 0.353178 -0.748487,
				      0.441757 0.353178 -0.824691,
				      0.561277 0.353178 -0.748487,
				      0.441757 0.353178 -0.824692,
				      0.352738 0.353178 -0.866511,
				      0.352738 0.353178 -0.866511,
				      0.441757 0.353178 -0.824692,
				      0.352738 0.353178 -0.866511,
				      0.441757 0.353178 -0.824691,
				      0.352738 0.353178 -0.866511,
				      0.287069 0.353178 -0.890425,
				      0.287069 0.353178 -0.890425,
				      0.352738 0.353178 -0.866511,
				      0.287069 0.353178 -0.890425,
				      0.352738 0.353178 -0.866511,
				      0.287069 0.353178 -0.890425,
				      0.237172 0.353178 -0.904995,
				      0.237172 0.353178 -0.904995,
				      0.287069 0.353178 -0.890425,
				      0.237172 0.353178 -0.904995,
				      0.287069 0.353178 -0.890425,
				      0.237172 0.353178 -0.904995,
				      0.195715 0.353178 -0.914856,
				      0.195715 0.353178 -0.914856,
				      0.237172 0.353178 -0.904995,
				      0.195715 0.353178 -0.914856,
				      0.237172 0.353178 -0.904995,
				      0.195715 0.353178 -0.914856,
				      0.157043 0.353178 -0.922281,
				      0.157043 0.353178 -0.922281,
				      0.195715 0.353178 -0.914856,
				      0.157043 0.353178 -0.922281,
				      0.195715 0.353178 -0.914856,
				      0.157043 0.353178 -0.922281,
				      0.117889 0.353178 -0.928099,
				      0.117889 0.353178 -0.928099,
				      0.157043 0.353178 -0.922281,
				      0.117889 0.353178 -0.928099,
				      0.157043 0.353178 -0.922281,
				      0.117889 0.353178 -0.928099,
				      0.078656 0.353178 -0.932244,
				      0.078656 0.353178 -0.932244,
				      0.117889 0.353178 -0.928099,
				      0.078656 0.353178 -0.932244,
				      0.117889 0.353178 -0.928099,
				      0.078656 0.353178 -0.932244,
				      0.045554 0.353178 -0.934447,
				      0.045554 0.353178 -0.934447,
				      0.078656 0.353178 -0.932244,
				      0.045554 0.353178 -0.934447,
				      0.078656 0.353178 -0.932244,
				      0.045554 0.353178 -0.934447,
				      0.022364 0.353178 -0.935289,
				      0.022364 0.353178 -0.935289,
				      0.045554 0.353178 -0.934447,
				      0.022364 0.353178 -0.935289,
				      0.045554 0.353178 -0.934447,
				      0.022364 0.353178 -0.935289,
				      0.00776 0.353178 -0.935524,
				      0.00776 0.353178 -0.935524,
				      0.022364 0.353178 -0.935289,
				      0.00776 0.353178 -0.935524,
				      0.022364 0.353178 -0.935289,
				      0.00776 0.353178 -0.935524,
				      0.000351 0.353178 -0.935556,
				      0.000351 0.353178 -0.935556,
				      0.00776 0.353178 -0.935524,
				      0.000351 0.353178 -0.935556,
				      0.00776 0.353178 -0.935524,
				      0.000351 0.353178 -0.935556,
				      -0.010271 0.353178 -0.9355,
				      -0.010271 0.353178 -0.9355,
				      0.000351 0.353178 -0.935556,
				      -0.010271 0.353178 -0.9355,
				      0.000351 0.353178 -0.935556,
				      -0.010271 0.353178 -0.9355,
				      -0.044423 0.353178 -0.934501,
				      -0.044423 0.353178 -0.934501,
				      -0.010271 0.353178 -0.9355,
				      -0.044423 0.353178 -0.934501,
				      -0.010271 0.353178 -0.9355,
				      -0.044423 0.353178 -0.934501,
				      -0.126604 0.353178 -0.92695,
				      -0.126604 0.353178 -0.92695,
				      -0.044423 0.353178 -0.934501,
				      -0.126604 0.353178 -0.92695,
				      -0.044423 0.353178 -0.934501,
				      -0.126604 0.353178 -0.92695,
				      -0.281273 0.353178 -0.892273,
				      -0.281273 0.353178 -0.892273,
				      -0.126604 0.353178 -0.92695,
				      -0.281273 0.353178 -0.892273,
				      -0.126604 0.353178 -0.92695,
				      -0.281273 0.353178 -0.892273,
				      -0.489288 0.353178 -0.79741,
				      -0.489288 0.353178 -0.79741,
				      -0.281273 0.353178 -0.892273,
				      -0.489288 0.353178 -0.79741,
				      -0.281273 0.353178 -0.892273,
				      -0.489288 0.353178 -0.79741,
				      -0.682146 0.353178 -0.640268,
				      -0.682146 0.353178 -0.640268,
				      -0.489288 0.353178 -0.79741,
				      -0.682146 0.353178 -0.640268,
				      -0.489288 0.353178 -0.79741,
				      -0.682146 0.353178 -0.640268,
				      -0.812992 0.353178 -0.462936,
				      -0.812992 0.353178 -0.462936,
				      -0.682146 0.353178 -0.640268,
				      -0.812992 0.353178 -0.462936,
				      -0.682146 0.353178 -0.640268,
				      -0.812992 0.353178 -0.462936,
				      -0.88281 0.353177 -0.309697,
				      -0.88281 0.353178 -0.309697,
				      -0.812992 0.353178 -0.462936,
				      -0.88281 0.353178 -0.309697,
				      -0.812992 0.353178 -0.462936,
				      -0.88281 0.353177 -0.309697,
				      -0.915911 0.353177 -0.190714,
				      -0.915911 0.353178 -0.190714,
				      -0.88281 0.353177 -0.309697,
				      -0.915911 0.353178 -0.190714,
				      -0.88281 0.353178 -0.309697,
				      -0.915911 0.353177 -0.190714,
				      -0.93178 0.353177 -0.08397,
				      -0.93178 0.353178 -0.08397,
				      -0.915911 0.353177 -0.190714,
				      -0.93178 0.353178 -0.08397,
				      -0.915911 0.353178 -0.190714,
				      -0.93178 0.353177 -0.08397,
				      -0.935228 0.353177 0.024789,
				      -0.935228 0.353178 0.024789,
				      -0.93178 0.353177 -0.08397,
				      -0.935228 0.353178 0.024789,
				      -0.93178 0.353178 -0.08397,
				      -0.935228 0.353177 0.024789,
				      -0.926117 0.353178 0.132565,
				      -0.926117 0.353178 0.132565,
				      -0.935228 0.353177 0.024789,
				      -0.926117 0.353178 0.132565,
				      -0.935228 0.353178 0.024789,
				      -0.926117 0.353178 0.132565,
				      -0.903791 0.353177 0.241718,
				      -0.903791 0.353178 0.241718,
				      -0.926117 0.353178 0.132565,
				      -0.903791 0.353178 0.241718,
				      -0.926117 0.353178 0.132565,
				      -0.903791 0.353177 0.241718,
				      -0.857326 0.353178 0.374511,
				      -0.857326 0.353178 0.374511,
				      -0.903791 0.353177 0.241718,
				      -0.857326 0.353178 0.374511,
				      -0.903791 0.353178 0.241718,
				      -0.857326 0.353178 0.374511,
				      -0.761992 0.353178 0.542801,
				      -0.761992 0.353178 0.542801,
				      -0.857326 0.353178 0.374511,
				      -0.761992 0.353178 0.542801,
				      -0.857326 0.353178 0.374511,
				      -0.761992 0.353178 0.542801,
				      -0.600706 0.353178 0.71723,
				      -0.600706 0.353178 0.71723,
				      -0.761992 0.353178 0.542801,
				      -0.600706 0.353178 0.71723,
				      -0.761992 0.353178 0.542801,
				      -0.600706 0.353178 0.71723,
				      -0.389804 0.353178 0.850481,
				      -0.389804 0.353178 0.850481,
				      -0.600706 0.353178 0.71723,
				      -0.389804 0.353178 0.850481,
				      -0.600706 0.353178 0.71723,
				      -0.389804 0.353178 0.850481,
				      -0.1921 0.353178 0.915622,
				      -0.1921 0.353178 0.915622,
				      -0.389804 0.353178 0.850481,
				      -0.1921 0.353178 0.915622,
				      -0.389804 0.353178 0.850481,
				      -0.1921 0.353178 0.915622,
				      -0.069497 0.353178 0.932971,
				      -0.069497 0.353178 0.932971,
				      -0.1921 0.353178 0.915622,
				      -0.069497 0.353178 0.932971,
				      -0.1921 0.353178 0.915622,
				      -0.069497 0.353178 0.932971,
				      -0.01841 0.353178 0.935375,
				      -0.01841 0.353178 0.935375,
				      -0.069497 0.353178 0.932971,
				      -0.01841 0.353178 0.935375,
				      -0.069497 0.353178 0.932971,
				      -0.01841 0.353178 0.935375,
				      -0.002775 0.353178 0.935552,
				      -0.002775 0.353178 0.935552,
				      -0.01841 0.353178 0.935375,
				      -0.002775 0.353178 0.935552,
				      -0.01841 0.353178 0.935375,
				      -0.002775 0.353178 0.935552,
				      -6.1e-05 0.353178 0.935556,
				      -6.1e-05 0.353178 0.935556,
				      -0.002775 0.353178 0.935552,
				      -6.1e-05 0.353178 0.935556,
				      -0.002775 0.353178 0.935552,
				      -6.1e-05 0.353178 0.935556,
				      0 0.353178 0.935556,
				      0 0.353178 0.935556,
				      -6.1e-05 0.353178 0.935556,
				      0 0.353178 0.935556,
				      -6.1e-05 0.353178 0.935556,
				      0 0.353178 0.935556,
				      0 0.353178 0.935556,
				      0 0.353178 0.935556,
				      0 0.353178 0.935556,
				      0 0.353178 0.935556,
				      0 0.353178 0.935556,
				      0 0.353178 0.935556,
				      1.3e-05 0.353178 0.935556,
				      1.3e-05 0.353178 0.935556,
				      0 0.353178 0.935556,
				      1.3e-05 0.353178 0.935556,
				      0 0.353178 0.935556,
				      1.3e-05 0.353178 0.935556,
				      0.001755 0.353178 0.935555,
				      0.001755 0.353178 0.935555,
				      1.3e-05 0.353178 0.935556,
				      0.001755 0.353178 0.935555,
				      1.3e-05 0.353178 0.935556,
				      0.001755 0.353178 0.935555,
				      0.013951 0.353178 0.935452,
				      0.013951 0.353178 0.935452,
				      0.001755 0.353178 0.935555,
				      0.013951 0.353178 0.935452,
				      0.001755 0.353178 0.935555,
				      0.013951 0.353178 0.935452,
				      0.05834 0.353178 0.933735,
				      0.05834 0.353178 0.933735,
				      0.013951 0.353178 0.935452,
				      0.05834 0.353178 0.933735,
				      0.013951 0.353178 0.935452,
				      0.05834 0.353178 0.933735,
				      0.182234 0.353178 0.917636,
				      0.182234 0.353178 0.917636,
				      0.05834 0.353178 0.933735,
				      0.182234 0.353178 0.917636,
				      0.05834 0.353178 0.933735,
				      0.182234 0.353178 0.917636,
				      0.433775 0.353178 0.828918,
				      0.433775 0.353178 0.828918,
				      0.182234 0.353178 0.917636,
				      0.433775 0.353178 0.828918,
				      0.182234 0.353178 0.917636 ]
		}
		IndexedFaceSet {
		    coordIndex	[ 2658, 2659, 2660, -1, 2658, 2660, 2661, -1,
				      2659, 2676, 2677, -1, 2659, 2677, 2660, -1,
				      2676, 2686, 2687, -1, 2676, 2687, 2677, -1,
				      2686, 2696, 2697, -1, 2686, 2697, 2687, -1,
				      2696, 2706, 2707, -1, 2696, 2707, 2697, -1,
				      2706, 2716, 2717, -1, 2706, 2717, 2707, -1,
				      2716, 2726, 2727, -1, 2716, 2727, 2717, -1,
				      2726, 2736, 2737, -1, 2726, 2737, 2727, -1,
				      2736, 2746, 2747, -1, 2736, 2747, 2737, -1,
				      2746, 2756, 2757, -1, 2746, 2757, 2747, -1,
				      2756, 2766, 2767, -1, 2756, 2767, 2757, -1,
				      2766, 2776, 2777, -1, 2766, 2777, 2767, -1,
				      2776, 2786, 2787, -1, 2776, 2787, 2777, -1,
				      2786, 2796, 2797, -1, 2786, 2797, 2787, -1,
				      2796, 2806, 2807, -1, 2796, 2807, 2797, -1,
				      2806, 2816, 2817, -1, 2806, 2817, 2807, -1,
				      2816, 2826, 2827, -1, 2816, 2827, 2817, -1,
				      2826, 2836, 2837, -1, 2826, 2837, 2827, -1,
				      2836, 2846, 2847, -1, 2836, 2847, 2837, -1,
				      2846, 2856, 2857, -1, 2846, 2857, 2847, -1,
				      2856, 2866, 2867, -1, 2856, 2867, 2857, -1,
				      2866, 2876, 2877, -1, 2866, 2877, 2867, -1,
				      2876, 2886, 2887, -1, 2876, 2887, 2877, -1,
				      2886, 2896, 2897, -1, 2886, 2897, 2887, -1,
				      2896, 2906, 2907, -1, 2896, 2907, 2897, -1,
				      2906, 2916, 2917, -1, 2906, 2917, 2907, -1,
				      2916, 2926, 2927, -1, 2916, 2927, 2917, -1,
				      2926, 2936, 2937, -1, 2926, 2937, 2927, -1,
				      2936, 2946, 2947, -1, 2936, 2947, 2937, -1,
				      2946, 2956, 2957, -1, 2946, 2957, 2947, -1,
				      2956, 2966, 2967, -1, 2956, 2967, 2957, -1,
				      2966, 2976, 2977, -1, 2966, 2977, 2967, -1,
				      2976, 2986, 2987, -1, 2976, 2987, 2977, -1,
				      2986, 2996, 2997, -1, 2986, 2997, 2987, -1,
				      2996, 3006, 3007, -1, 2996, 3007, 2997, -1,
				      3006, 3016, 3017, -1, 3006, 3017, 3007, -1,
				      3016, 3026, 3027, -1, 3016, 3027, 3017, -1,
				      3026, 3036, 3037, -1, 3026, 3037, 3027, -1,
				      3036, 3046, 3047, -1, 3036, 3047, 3037, -1,
				      3046, 3056, 3057, -1, 3046, 3057, 3047, -1,
				      3056, 3066, 3067, -1, 3056, 3067, 3057, -1,
				      3066, 3076, 3077, -1, 3066, 3077, 3067, -1,
				      3076, 3086, 3087, -1, 3076, 3087, 3077, -1,
				      3086, 3096, 3097, -1, 3086, 3097, 3087, -1,
				      3096, 3106, 3107, -1, 3096, 3107, 3097, -1,
				      3106, 3116, 3117, -1, 3106, 3117, 3107, -1,
				      3116, 2658, 2661, -1, 3116, 2661, 3117, -1 ]
		    normalIndex	[ 0, 1, 2, -1, 3, 4, 5, -1,
				      6, 7, 8, -1, 9, 10, 11, -1,
				      12, 13, 14, -1, 15, 16, 17, -1,
				      18, 19, 20, -1, 21, 22, 23, -1,
				      24, 25, 26, -1, 27, 28, 29, -1,
				      30, 31, 32, -1, 33, 34, 35, -1,
				      36, 37, 38, -1, 39, 40, 41, -1,
				      42, 43, 44, -1, 45, 46, 47, -1,
				      48, 49, 50, -1, 51, 52, 53, -1,
				      54, 55, 56, -1, 57, 58, 59, -1,
				      60, 61, 62, -1, 63, 64, 65, -1,
				      66, 67, 68, -1, 69, 70, 71, -1,
				      72, 73, 74, -1, 75, 76, 77, -1,
				      78, 79, 80, -1, 81, 82, 83, -1,
				      84, 85, 86, -1, 87, 88, 89, -1,
				      90, 91, 92, -1, 93, 94, 95, -1,
				      96, 97, 98, -1, 99, 100, 101, -1,
				      102, 103, 104, -1, 105, 106, 107, -1,
				      108, 109, 110, -1, 111, 112, 113, -1,
				      114, 115, 116, -1, 117, 118, 119, -1,
				      120, 121, 122, -1, 123, 124, 125, -1,
				      126, 127, 128, -1, 129, 130, 131, -1,
				      132, 133, 134, -1, 135, 136, 137, -1,
				      138, 139, 140, -1, 141, 142, 143, -1,
				      144, 145, 146, -1, 147, 148, 149, -1,
				      150, 151, 152, -1, 153, 154, 155, -1,
				      156, 157, 158, -1, 159, 160, 161, -1,
				      162, 163, 164, -1, 165, 166, 167, -1,
				      168, 169, 170, -1, 171, 172, 173, -1,
				      174, 175, 176, -1, 177, 178, 179, -1,
				      180, 181, 182, -1, 183, 184, 185, -1,
				      186, 187, 188, -1, 189, 190, 191, -1,
				      192, 193, 194, -1, 195, 196, 197, -1,
				      198, 199, 200, -1, 201, 202, 203, -1,
				      204, 205, 206, -1, 207, 208, 209, -1,
				      210, 211, 212, -1, 213, 214, 215, -1,
				      216, 217, 218, -1, 219, 220, 221, -1,
				      222, 223, 224, -1, 225, 226, 227, -1,
				      228, 229, 230, -1, 231, 232, 233, -1,
				      234, 235, 236, -1, 237, 238, 239, -1,
				      240, 241, 242, -1, 243, 244, 245, -1,
				      246, 247, 248, -1, 249, 250, 251, -1,
				      252, 253, 254, -1, 255, 256, 257, -1,
				      258, 259, 260, -1, 261, 262, 263, -1,
				      264, 265, 266, -1, 267, 268, 269, -1,
				      270, 271, 272, -1, 273, 274, 275, -1,
				      276, 277, 278, -1, 279, 280, 281, -1 ]
		}
	    }
	}
	Separator {
	    Material {
		diffuseColor	0 0.8 0.8
	    }
	    Separator {
		Normal {
		    vector	[ 0.463654 0 0.886016,
				      0.807524 0 0.589835,
				      0.807524 0 0.589835,
				      0.463654 0 0.886016,
				      0.807524 0 0.589835,
				      0.463654 0 0.886016,
				      0.807524 0 0.589835,
				      0.996079 0 0.088473,
				      0.996079 0 0.088473,
				      0.807524 0 0.589835,
				      0.996079 0 0.088473,
				      0.807524 0 0.589835,
				      0.996079 0 0.088473,
				      0.928432 0 -0.371502,
				      0.928432 0 -0.371502,
				      0.996079 0 0.088473,
				      0.928432 0 -0.371502,
				      0.996079 0 0.088473,
				      0.928432 0 -0.371502,
				      0.760249 0 -0.649631,
				      0.760249 0 -0.649631,
				      0.928432 0 -0.371502,
				      0.760249 0 -0.649631,
				      0.928432 0 -0.371502,
				      0.760249 0 -0.649631,
				      0.59994 0 -0.800045,
				      0.59994 0 -0.800045,
				      0.760249 0 -0.649631,
				      0.59994 0 -0.800045,
				      0.760249 0 -0.649631,
				      0.59994 0 -0.800045,
				      0.472187 0 -0.881499,
				      0.472187 0 -0.881499,
				      0.59994 0 -0.800045,
				      0.472187 0 -0.881499,
				      0.59994 0 -0.800045,
				      0.472187 0 -0.881499,
				      0.377035 0 -0.926199,
				      0.377035 0 -0.926199,
				      0.472187 0 -0.881499,
				      0.377035 0 -0.926199,
				      0.472187 0 -0.881499,
				      0.377035 0 -0.926199,
				      0.306843 0 -0.95176,
				      0.306843 0 -0.95176,
				      0.377035 0 -0.926199,
				      0.306843 0 -0.95176,
				      0.377035 0 -0.926199,
				      0.306843 0 -0.95176,
				      0.253509 0 -0.967333,
				      0.253509 0 -0.967333,
				      0.306843 0 -0.95176,
				      0.253509 0 -0.967333,
				      0.306843 0 -0.95176,
				      0.253509 0 -0.967333,
				      0.209196 0 -0.977874,
				      0.209196 0 -0.977874,
				      0.253509 0 -0.967333,
				      0.209196 0 -0.977874,
				      0.253509 0 -0.967333,
				      0.209196 0 -0.977874,
				      0.167861 0 -0.985811,
				      0.167861 0 -0.985811,
				      0.209196 0 -0.977874,
				      0.167861 0 -0.985811,
				      0.209196 0 -0.977874,
				      0.167861 0 -0.985811,
				      0.12601 0 -0.992029,
				      0.12601 0 -0.992029,
				      0.167861 0 -0.985811,
				      0.12601 0 -0.992029,
				      0.167861 0 -0.985811,
				      0.12601 0 -0.992029,
				      0.084074 0 -0.996459,
				      0.084074 0 -0.996459,
				      0.12601 0 -0.992029,
				      0.084074 0 -0.996459,
				      0.12601 0 -0.992029,
				      0.084074 0 -0.996459,
				      0.048692 0 -0.998814,
				      0.048692 0 -0.998814,
				      0.084074 0 -0.996459,
				      0.048692 0 -0.998814,
				      0.084074 0 -0.996459,
				      0.048692 0 -0.998814,
				      0.023904 0 -0.999714,
				      0.023904 0 -0.999714,
				      0.048692 0 -0.998814,
				      0.023904 0 -0.999714,
				      0.048692 0 -0.998814,
				      0.023904 0 -0.999714,
				      0.008294 0 -0.999966,
				      0.008294 0 -0.999966,
				      0.023904 0 -0.999714,
				      0.008294 0 -0.999966,
				      0.023904 0 -0.999714,
				      0.008294 0 -0.999966,
				      0.000375 0 -1,
				      0.000375 0 -1,
				      0.008294 0 -0.999966,
				      0.000375 0 -1,
				      0.008294 0 -0.999966,
				      0.000375 0 -1,
				      -0.010979 0 -0.99994,
				      -0.010979 0 -0.99994,
				      0.000375 0 -1,
				      -0.010979 0 -0.99994,
				      0.000375 0 -1,
				      -0.010979 0 -0.99994,
				      -0.047483 0 -0.998872,
				      -0.047483 0 -0.998872,
				      -0.010979 0 -0.99994,
				      -0.047483 0 -0.998872,
				      -0.010979 0 -0.99994,
				      -0.047483 0 -0.998872,
				      -0.135325 0 -0.990801,
				      -0.135325 0 -0.990801,
				      -0.047483 0 -0.998872,
				      -0.135325 0 -0.990801,
				      -0.047483 0 -0.998872,
				      -0.135325 0 -0.990801,
				      -0.300648 0 -0.953735,
				      -0.300648 0 -0.953735,
				      -0.135325 0 -0.990801,
				      -0.300648 0 -0.953735,
				      -0.135325 0 -0.990801,
				      -0.300648 0 -0.953735,
				      -0.522992 0 -0.852338,
				      -0.522992 0 -0.852338,
				      -0.300648 0 -0.953735,
				      -0.522992 0 -0.852338,
				      -0.300648 0 -0.953735,
				      -0.522992 0 -0.852338,
				      -0.729134 0 -0.684371,
				      -0.729134 0 -0.684371,
				      -0.522992 0 -0.852338,
				      -0.729134 0 -0.684371,
				      -0.522992 0 -0.852338,
				      -0.729134 0 -0.684371,
				      -0.868993 0 -0.494825,
				      -0.868993 0 -0.494825,
				      -0.729134 0 -0.684371,
				      -0.868993 0 -0.494825,
				      -0.729134 0 -0.684371,
				      -0.868993 0 -0.494825,
				      -0.94362 0 -0.33103,
				      -0.94362 0 -0.33103,
				      -0.868993 0 -0.494825,
				      -0.94362 0 -0.33103,
				      -0.868993 0 -0.494825,
				      -0.94362 0 -0.33103,
				      -0.979002 0 -0.203851,
				      -0.979002 0 -0.203851,
				      -0.94362 0 -0.33103,
				      -0.979002 0 -0.203851,
				      -0.94362 0 -0.33103,
				      -0.979002 0 -0.203851,
				      -0.995964 0 -0.089754,
				      -0.995964 0 -0.089754,
				      -0.979002 0 -0.203851,
				      -0.995964 0 -0.089754,
				      -0.979002 0 -0.203851,
				      -0.995964 0 -0.089754,
				      -0.999649 0 0.026496,
				      -0.999649 0 0.026496,
				      -0.995964 0 -0.089754,
				      -0.999649 0 0.026496,
				      -0.995964 0 -0.089754,
				      -0.999649 0 0.026496,
				      -0.98991 0 0.141696,
				      -0.98991 0 0.141696,
				      -0.999649 0 0.026496,
				      -0.98991 0 0.141696,
				      -0.999649 0 0.026496,
				      -0.98991 0 0.141696,
				      -0.966047 0 0.258368,
				      -0.966047 0 0.258368,
				      -0.98991 0 0.141696,
				      -0.966047 0 0.258368,
				      -0.98991 0 0.141696,
				      -0.966047 0 0.258368,
				      -0.916381 0 0.400308,
				      -0.916381 0 0.400308,
				      -0.966047 0 0.258368,
				      -0.916381 0 0.400308,
				      -0.966047 0 0.258368,
				      -0.916381 0 0.400308,
				      -0.814481 0 0.580191,
				      -0.814481 0 0.580191,
				      -0.916381 0 0.400308,
				      -0.814481 0 0.580191,
				      -0.916381 0 0.400308,
				      -0.814481 0 0.580191,
				      -0.642084 0 0.766634,
				      -0.642084 0 0.766634,
				      -0.814481 0 0.580191,
				      -0.642084 0 0.766634,
				      -0.814481 0 0.580191,
				      -0.642084 0 0.766634,
				      -0.416654 0 0.909065,
				      -0.416654 0 0.909065,
				      -0.642084 0 0.766634,
				      -0.416654 0 0.909065,
				      -0.642084 0 0.766634,
				      -0.416654 0 0.909065,
				      -0.205332 0 0.978692,
				      -0.205332 0 0.978692,
				      -0.416654 0 0.909065,
				      -0.205332 0 0.978692,
				      -0.416654 0 0.909065,
				      -0.205332 0 0.978692,
				      -0.074284 0 0.997237,
				      -0.074284 0 0.997237,
				      -0.205332 0 0.978692,
				      -0.074284 0 0.997237,
				      -0.205332 0 0.978692,
				      -0.074284 0 0.997237,
				      -0.019678 0 0.999806,
				      -0.019678 0 0.999806,
				      -0.074284 0 0.997237,
				      -0.019678 0 0.999806,
				      -0.074284 0 0.997237,
				      -0.019678 0 0.999806,
				      -0.002967 0 0.999996,
				      -0.002967 0 0.999996,
				      -0.019678 0 0.999806,
				      -0.002967 0 0.999996,
				      -0.019678 0 0.999806,
				      -0.002967 0 0.999996,
				      -6.5e-05 0 1,
				      -6.5e-05 0 1,
				      -0.002967 0 0.999996,
				      -6.5e-05 0 1,
				      -0.002967 0 0.999996,
				      -6.5e-05 0 1,
				      0 0 1,
				      0 0 1,
				      -6.5e-05 0 1,
				      0 0 1,
				      -6.5e-05 0 1,
				      0 0 1,
				      0 0 1,
				      0 0 1,
				      0 0 1,
				      0 0 1,
				      0 0 1,
				      0 0 1,
				      1.3e-05 0 1,
				      1.3e-05 0 1,
				      0 0 1,
				      1.3e-05 0 1,
				      0 0 1,
				      1.3e-05 0 1,
				      0.001876 0 0.999998,
				      0.001876 0 0.999998,
				      1.3e-05 0 1,
				      0.001876 0 0.999998,
				      1.3e-05 0 1,
				      0.001876 0 0.999998,
				      0.014912 0 0.999889,
				      0.014912 0 0.999889,
				      0.001876 0 0.999998,
				      0.014912 0 0.999889,
				      0.001876 0 0.999998,
				      0.014912 0 0.999889,
				      0.062359 0 0.998054,
				      0.062359 0 0.998054,
				      0.014912 0 0.999889,
				      0.062359 0 0.998054,
				      0.014912 0 0.999889,
				      0.062359 0 0.998054,
				      0.194787 0 0.980846,
				      0.194787 0 0.980846,
				      0.062359 0 0.998054,
				      0.194787 0 0.980846,
				      0.062359 0 0.998054,
				      0.194787 0 0.980846,
				      0.463654 0 0.886016,
				      0.463654 0 0.886016,
				      0.194787 0 0.980846,
				      0.463654 0 0.886016,
				      0.194787 0 0.980846 ]
		}
		IndexedFaceSet {
		    coordIndex	[ 2662, 2663, 2664, -1, 2662, 2664, 2665, -1,
				      2663, 2678, 2679, -1, 2663, 2679, 2664, -1,
				      2678, 2688, 2689, -1, 2678, 2689, 2679, -1,
				      2688, 2698, 2699, -1, 2688, 2699, 2689, -1,
				      2698, 2708, 2709, -1, 2698, 2709, 2699, -1,
				      2708, 2718, 2719, -1, 2708, 2719, 2709, -1,
				      2718, 2728, 2729, -1, 2718, 2729, 2719, -1,
				      2728, 2738, 2739, -1, 2728, 2739, 2729, -1,
				      2738, 2748, 2749, -1, 2738, 2749, 2739, -1,
				      2748, 2758, 2759, -1, 2748, 2759, 2749, -1,
				      2758, 2768, 2769, -1, 2758, 2769, 2759, -1,
				      2768, 2778, 2779, -1, 2768, 2779, 2769, -1,
				      2778, 2788, 2789, -1, 2778, 2789, 2779, -1,
				      2788, 2798, 2799, -1, 2788, 2799, 2789, -1,
				      2798, 2808, 2809, -1, 2798, 2809, 2799, -1,
				      2808, 2818, 2819, -1, 2808, 2819, 2809, -1,
				      2818, 2828, 2829, -1, 2818, 2829, 2819, -1,
				      2828, 2838, 2839, -1, 2828, 2839, 2829, -1,
				      2838, 2848, 2849, -1, 2838, 2849, 2839, -1,
				      2848, 2858, 2859, -1, 2848, 2859, 2849, -1,
				      2858, 2868, 2869, -1, 2858, 2869, 2859, -1,
				      2868, 2878, 2879, -1, 2868, 2879, 2869, -1,
				      2878, 2888, 2889, -1, 2878, 2889, 2879, -1,
				      2888, 2898, 2899, -1, 2888, 2899, 2889, -1,
				      2898, 2908, 2909, -1, 2898, 2909, 2899, -1,
				      2908, 2918, 2919, -1, 2908, 2919, 2909, -1,
				      2918, 2928, 2929, -1, 2918, 2929, 2919, -1,
				      2928, 2938, 2939, -1, 2928, 2939, 2929, -1,
				      2938, 2948, 2949, -1, 2938, 2949, 2939, -1,
				      2948, 2958, 2959, -1, 2948, 2959, 2949, -1,
				      2958, 2968, 2969, -1, 2958, 2969, 2959, -1,
				      2968, 2978, 2979, -1, 2968, 2979, 2969, -1,
				      2978, 2988, 2989, -1, 2978, 2989, 2979, -1,
				      2988, 2998, 2999, -1, 2988, 2999, 2989, -1,
				      2998, 3008, 3009, -1, 2998, 3009, 2999, -1,
				      3008, 3018, 3019, -1, 3008, 3019, 3009, -1,
				      3018, 3028, 3029, -1, 3018, 3029, 3019, -1,
				      3028, 3038, 3039, -1, 3028, 3039, 3029, -1,
				      3038, 3048, 3049, -1, 3038, 3049, 3039, -1,
				      3048, 3058, 3059, -1, 3048, 3059, 3049, -1,
				      3058, 3068, 3069, -1, 3058, 3069, 3059, -1,
				      3068, 3078, 3079, -1, 3068, 3079, 3069, -1,
				      3078, 3088, 3089, -1, 3078, 3089, 3079, -1,
				      3088, 3098, 3099, -1, 3088, 3099, 3089, -1,
				      3098, 3108, 3109, -1, 3098, 3109, 3099, -1,
				      3108, 3118, 3119, -1, 3108, 3119, 3109, -1,
				      3118, 2662, 2665, -1, 3118, 2665, 3119, -1 ]
		    normalIndex	[ 0, 1, 2, -1, 3, 4, 5, -1,
				      6, 7, 8, -1, 9, 10, 11, -1,
				      12, 13, 14, -1, 15, 16, 17, -1,
				      18, 19, 20, -1, 21, 22, 23, -1,
				      24, 25, 26, -1, 27, 28, 29, -1,
				      30, 31, 32, -1, 33, 34, 35, -1,
				      36, 37, 38, -1, 39, 40, 41, -1,
				      42, 43, 44, -1, 45, 46, 47, -1,
				      48, 49, 50, -1, 51, 52, 53, -1,
				      54, 55, 56, -1, 57, 58, 59, -1,
				      60, 61, 62, -1, 63, 64, 65, -1,
				      66, 67, 68, -1, 69, 70, 71, -1,
				      72, 73, 74, -1, 75, 76, 77, -1,
				      78, 79, 80, -1, 81, 82, 83, -1,
				      84, 85, 86, -1, 87, 88, 89, -1,
				      90, 91, 92, -1, 93, 94, 95, -1,
				      96, 97, 98, -1, 99, 100, 101, -1,
				      102, 103, 104, -1, 105, 106, 107, -1,
				      108, 109, 110, -1, 111, 112, 113, -1,
				      114, 115, 116, -1, 117, 118, 119, -1,
				      120, 121, 122, -1, 123, 124, 125, -1,
				      126, 127, 128, -1, 129, 130, 131, -1,
				      132, 133, 134, -1, 135, 136, 137, -1,
				      138, 139, 140, -1, 141, 142, 143, -1,
				      144, 145, 146, -1, 147, 148, 149, -1,
				      150, 151, 152, -1, 153, 154, 155, -1,
				      156, 157, 158, -1, 159, 160, 161, -1,
				      162, 163, 164, -1, 165, 166, 167, -1,
				      168, 169, 170, -1, 171, 172, 173, -1,
				      174, 175, 176, -1, 177, 178, 179, -1,
				      180, 181, 182, -1, 183, 184, 185, -1,
				      186, 187, 188, -1, 189, 190, 191, -1,
				      192, 193, 194, -1, 195, 196, 197, -1,
				      198, 199, 200, -1, 201, 202, 203, -1,
				      204, 205, 206, -1, 207, 208, 209, -1,
				      210, 211, 212, -1, 213, 214, 215, -1,
				      216, 217, 218, -1, 219, 220, 221, -1,
				      222, 223, 224, -1, 225, 226, 227, -1,
				      228, 229, 230, -1, 231, 232, 233, -1,
				      234, 235, 236, -1, 237, 238, 239, -1,
				      240, 241, 242, -1, 243, 244, 245, -1,
				      246, 247, 248, -1, 249, 250, 251, -1,
				      252, 253, 254, -1, 255, 256, 257, -1,
				      258, 259, 260, -1, 261, 262, 263, -1,
				      264, 265, 266, -1, 267, 268, 269, -1,
				      270, 271, 272, -1, 273, 274, 275, -1,
				      276, 277, 278, -1, 279, 280, 281, -1 ]
		}
	    }
	}
	Separator {
	    Separator {
		Normal {
		    vector	[ 0.433775 -0.353177 0.828918,
				      0.755484 -0.353177 0.551824,
				      0.755484 -0.353178 0.551824,
				      0.433775 -0.353177 0.828918,
				      0.755484 -0.353178 0.551824,
				      0.433775 -0.353178 0.828918,
				      0.755484 -0.353177 0.551824,
				      0.931888 -0.353177 0.082771,
				      0.931888 -0.353177 0.082771,
				      0.755484 -0.353177 0.551824,
				      0.931888 -0.353177 0.082771,
				      0.755484 -0.353178 0.551824,
				      0.931888 -0.353177 0.082771,
				      0.868601 -0.353177 -0.347561,
				      0.8686 -0.353177 -0.347561,
				      0.931888 -0.353177 0.082771,
				      0.8686 -0.353177 -0.347561,
				      0.931888 -0.353177 0.082771,
				      0.868601 -0.353177 -0.347561,
				      0.711256 -0.353177 -0.607767,
				      0.711256 -0.353178 -0.607767,
				      0.868601 -0.353177 -0.347561,
				      0.711256 -0.353178 -0.607767,
				      0.8686 -0.353177 -0.347561,
				      0.711256 -0.353177 -0.607767,
				      0.561277 -0.353177 -0.748488,
				      0.561277 -0.353178 -0.748487,
				      0.711256 -0.353177 -0.607767,
				      0.561277 -0.353178 -0.748487,
				      0.711256 -0.353178 -0.607767,
				      0.561277 -0.353177 -0.748488,
				      0.441757 -0.353177 -0.824692,
				      0.441757 -0.353178 -0.824692,
				      0.561277 -0.353177 -0.748488,
				      0.441757 -0.353178 -0.824692,
				      0.561277 -0.353178 -0.748487,
				      0.441757 -0.353177 -0.824692,
				      0.352738 -0.353177 -0.866511,
				      0.352738 -0.353178 -0.866511,
				      0.441757 -0.353177 -0.824692,
				      0.352738 -0.353178 -0.866511,
				      0.441757 -0.353178 -0.824692,
				      0.352738 -0.353177 -0.866511,
				      0.287069 -0.353177 -0.890425,
				      0.287069 -0.353178 -0.890425,
				      0.352738 -0.353177 -0.866511,
				      0.287069 -0.353178 -0.890425,
				      0.352738 -0.353178 -0.866511,
				      0.287069 -0.353177 -0.890425,
				      0.237172 -0.353177 -0.904995,
				      0.237172 -0.353178 -0.904995,
				      0.287069 -0.353177 -0.890425,
				      0.237172 -0.353178 -0.904995,
				      0.287069 -0.353178 -0.890425,
				      0.237172 -0.353177 -0.904995,
				      0.195715 -0.353177 -0.914856,
				      0.195715 -0.353178 -0.914856,
				      0.237172 -0.353177 -0.904995,
				      0.195715 -0.353178 -0.914856,
				      0.237172 -0.353178 -0.904995,
				      0.195715 -0.353177 -0.914856,
				      0.157043 -0.353177 -0.922281,
				      0.157043 -0.353178 -0.922281,
				      0.195715 -0.353177 -0.914856,
				      0.157043 -0.353178 -0.922281,
				      0.195715 -0.353178 -0.914856,
				      0.157043 -0.353177 -0.922281,
				      0.117889 -0.353177 -0.928099,
				      0.117889 -0.353178 -0.928099,
				      0.157043 -0.353177 -0.922281,
				      0.117889 -0.353178 -0.928099,
				      0.157043 -0.353178 -0.922281,
				      0.117889 -0.353177 -0.928099,
				      0.078656 -0.353177 -0.932244,
				      0.078656 -0.353178 -0.932244,
				      0.117889 -0.353177 -0.928099,
				      0.078656 -0.353178 -0.932244,
				      0.117889 -0.353178 -0.928099,
				      0.078656 -0.353177 -0.932244,
				      0.045554 -0.353177 -0.934447,
				      0.045554 -0.353178 -0.934447,
				      0.078656 -0.353177 -0.932244,
				      0.045554 -0.353178 -0.934447,
				      0.078656 -0.353178 -0.932244,
				      0.045554 -0.353177 -0.934447,
				      0.022364 -0.353177 -0.935289,
				      0.022364 -0.353178 -0.935289,
				      0.045554 -0.353177 -0.934447,
				      0.022364 -0.353178 -0.935289,
				      0.045554 -0.353178 -0.934447,
				      0.022364 -0.353177 -0.935289,
				      0.00776 -0.353177 -0.935524,
				      0.00776 -0.353178 -0.935524,
				      0.022364 -0.353177 -0.935289,
				      0.00776 -0.353178 -0.935524,
				      0.022364 -0.353178 -0.935289,
				      0.00776 -0.353177 -0.935524,
				      0.000351 -0.353177 -0.935556,
				      0.000351 -0.353178 -0.935556,
				      0.00776 -0.353177 -0.935524,
				      0.000351 -0.353178 -0.935556,
				      0.00776 -0.353178 -0.935524,
				      0.000351 -0.353177 -0.935556,
				      -0.010271 -0.353177 -0.9355,
				      -0.010271 -0.353178 -0.9355,
				      0.000351 -0.353177 -0.935556,
				      -0.010271 -0.353178 -0.9355,
				      0.000351 -0.353178 -0.935556,
				      -0.010271 -0.353177 -0.9355,
				      -0.044423 -0.353177 -0.934501,
				      -0.044423 -0.353178 -0.934501,
				      -0.010271 -0.353177 -0.9355,
				      -0.044423 -0.353178 -0.934501,
				      -0.010271 -0.353178 -0.9355,
				      -0.044423 -0.353177 -0.934501,
				      -0.126604 -0.353177 -0.92695,
				      -0.126604 -0.353178 -0.92695,
				      -0.044423 -0.353177 -0.934501,
				      -0.126604 -0.353178 -0.92695,
				      -0.044423 -0.353178 -0.934501,
				      -0.126604 -0.353177 -0.92695,
				      -0.281273 -0.353177 -0.892273,
				      -0.281273 -0.353178 -0.892273,
				      -0.126604 -0.353177 -0.92695,
				      -0.281273 -0.353178 -0.892273,
				      -0.126604 -0.353178 -0.92695,
				      -0.281273 -0.353177 -0.892273,
				      -0.489288 -0.353177 -0.79741,
				      -0.489288 -0.353178 -0.79741,
				      -0.281273 -0.353177 -0.892273,
				      -0.489288 -0.353178 -0.79741,
				      -0.281273 -0.353178 -0.892273,
				      -0.489288 -0.353177 -0.79741,
				      -0.682146 -0.353177 -0.640268,
				      -0.682146 -0.353178 -0.640268,
				      -0.489288 -0.353177 -0.79741,
				      -0.682146 -0.353178 -0.640268,
				      -0.489288 -0.353178 -0.79741,
				      -0.682146 -0.353177 -0.640268,
				      -0.812992 -0.353177 -0.462937,
				      -0.812992 -0.353178 -0.462937,
				      -0.682146 -0.353177 -0.640268,
				      -0.812992 -0.353178 -0.462937,
				      -0.682146 -0.353178 -0.640268,
				      -0.812992 -0.353177 -0.462937,
				      -0.88281 -0.353178 -0.309697,
				      -0.88281 -0.353178 -0.309697,
				      -0.812992 -0.353177 -0.462937,
				      -0.88281 -0.353178 -0.309697,
				      -0.812992 -0.353178 -0.462937,
				      -0.88281 -0.353178 -0.309697,
				      -0.915911 -0.353177 -0.190714,
				      -0.915911 -0.353178 -0.190714,
				      -0.88281 -0.353178 -0.309697,
				      -0.915911 -0.353178 -0.190714,
				      -0.88281 -0.353178 -0.309697,
				      -0.915911 -0.353177 -0.190714,
				      -0.93178 -0.353177 -0.08397,
				      -0.93178 -0.353178 -0.08397,
				      -0.915911 -0.353177 -0.190714,
				      -0.93178 -0.353178 -0.08397,
				      -0.915911 -0.353178 -0.190714,
				      -0.93178 -0.353177 -0.08397,
				      -0.935228 -0.353178 0.024789,
				      -0.935228 -0.353178 0.024789,
				      -0.93178 -0.353177 -0.08397,
				      -0.935228 -0.353178 0.024789,
				      -0.93178 -0.353178 -0.08397,
				      -0.935228 -0.353178 0.024789,
				      -0.926117 -0.353178 0.132565,
				      -0.926117 -0.353178 0.132565,
				      -0.935228 -0.353178 0.024789,
				      -0.926117 -0.353178 0.132565,
				      -0.935228 -0.353178 0.024789,
				      -0.926117 -0.353178 0.132565,
				      -0.903791 -0.353177 0.241718,
				      -0.903791 -0.353178 0.241718,
				      -0.926117 -0.353178 0.132565,
				      -0.903791 -0.353178 0.241718,
				      -0.926117 -0.353178 0.132565,
				      -0.903791 -0.353177 0.241718,
				      -0.857326 -0.353177 0.374511,
				      -0.857326 -0.353178 0.374511,
				      -0.903791 -0.353177 0.241718,
				      -0.857326 -0.353178 0.374511,
				      -0.903791 -0.353178 0.241718,
				      -0.857326 -0.353177 0.374511,
				      -0.761993 -0.353177 0.542801,
				      -0.761992 -0.353178 0.542801,
				      -0.857326 -0.353177 0.374511,
				      -0.761992 -0.353178 0.542801,
				      -0.857326 -0.353178 0.374511,
				      -0.761993 -0.353177 0.542801,
				      -0.600706 -0.353177 0.71723,
				      -0.600706 -0.353178 0.71723,
				      -0.761993 -0.353177 0.542801,
				      -0.600706 -0.353178 0.71723,
				      -0.761992 -0.353178 0.542801,
				      -0.600706 -0.353177 0.71723,
				      -0.389804 -0.353177 0.850482,
				      -0.389804 -0.353178 0.850482,
				      -0.600706 -0.353177 0.71723,
				      -0.389804 -0.353178 0.850482,
				      -0.600706 -0.353178 0.71723,
				      -0.389804 -0.353177 0.850482,
				      -0.1921 -0.353177 0.915622,
				      -0.1921 -0.353177 0.915622,
				      -0.389804 -0.353177 0.850482,
				      -0.1921 -0.353177 0.915622,
				      -0.389804 -0.353178 0.850482,
				      -0.1921 -0.353177 0.915622,
				      -0.069497 -0.353177 0.932972,
				      -0.069497 -0.353178 0.932972,
				      -0.1921 -0.353177 0.915622,
				      -0.069497 -0.353178 0.932972,
				      -0.1921 -0.353177 0.915622,
				      -0.069497 -0.353177 0.932972,
				      -0.01841 -0.353177 0.935375,
				      -0.01841 -0.353177 0.935375,
				      -0.069497 -0.353177 0.932972,
				      -0.01841 -0.353177 0.935375,
				      -0.069497 -0.353178 0.932972,
				      -0.01841 -0.353177 0.935375,
				      -0.002775 -0.353177 0.935552,
				      -0.002775 -0.353177 0.935552,
				      -0.01841 -0.353177 0.935375,
				      -0.002775 -0.353177 0.935552,
				      -0.01841 -0.353177 0.935375,
				      -0.002775 -0.353177 0.935552,
				      -6.1e-05 -0.353177 0.935556,
				      -6.1e-05 -0.353177 0.935556,
				      -0.002775 -0.353177 0.935552,
				      -6.1e-05 -0.353177 0.935556,
				      -0.002775 -0.353177 0.935552,
				      -6.1e-05 -0.353177 0.935556,
				      0 -0.353177 0.935556,
				      0 -0.353177 0.935556,
				      -6.1e-05 -0.353177 0.935556,
				      0 -0.353177 0.935556,
				      -6.1e-05 -0.353177 0.935556,
				      0 -0.353177 0.935556,
				      0 -0.353177 0.935556,
				      0 -0.353177 0.935556,
				      0 -0.353177 0.935556,
				      0 -0.353177 0.935556,
				      0 -0.353177 0.935556,
				      0 -0.353177 0.935556,
				      1.3e-05 -0.353177 0.935556,
				      1.3e-05 -0.353178 0.935556,
				      0 -0.353177 0.935556,
				      1.3e-05 -0.353178 0.935556,
				      0 -0.353177 0.935556,
				      1.3e-05 -0.353177 0.935556,
				      0.001755 -0.353177 0.935555,
				      0.001755 -0.353178 0.935555,
				      1.3e-05 -0.353177 0.935556,
				      0.001755 -0.353178 0.935555,
				      1.3e-05 -0.353178 0.935556,
				      0.001755 -0.353177 0.935555,
				      0.013951 -0.353177 0.935452,
				      0.013951 -0.353178 0.935452,
				      0.001755 -0.353177 0.935555,
				      0.013951 -0.353178 0.935452,
				      0.001755 -0.353178 0.935555,
				      0.013951 -0.353177 0.935452,
				      0.05834 -0.353177 0.933736,
				      0.05834 -0.353178 0.933735,
				      0.013951 -0.353177 0.935452,
				      0.05834 -0.353178 0.933735,
				      0.013951 -0.353178 0.935452,
				      0.05834 -0.353177 0.933736,
				      0.182234 -0.353177 0.917636,
				      0.182234 -0.353178 0.917636,
				      0.05834 -0.353177 0.933736,
				      0.182234 -0.353178 0.917636,
				      0.05834 -0.353178 0.933735,
				      0.182234 -0.353177 0.917636,
				      0.433775 -0.353177 0.828918,
				      0.433775 -0.353178 0.828918,
				      0.182234 -0.353177 0.917636,
				      0.433775 -0.353178 0.828918,
				      0.182234 -0.353178 0.917636 ]
		}
		IndexedFaceSet {
		    coordIndex	[ 2666, 2667, 2668, -1, 2666, 2668, 2669, -1,
				      2667, 2680, 2681, -1, 2667, 2681, 2668, -1,
				      2680, 2690, 2691, -1, 2680, 2691, 2681, -1,
				      2690, 2700, 2701, -1, 2690, 2701, 2691, -1,
				      2700, 2710, 2711, -1, 2700, 2711, 2701, -1,
				      2710, 2720, 2721, -1, 2710, 2721, 2711, -1,
				      2720, 2730, 2731, -1, 2720, 2731, 2721, -1,
				      2730, 2740, 2741, -1, 2730, 2741, 2731, -1,
				      2740, 2750, 2751, -1, 2740, 2751, 2741, -1,
				      2750, 2760, 2761, -1, 2750, 2761, 2751, -1,
				      2760, 2770, 2771, -1, 2760, 2771, 2761, -1,
				      2770, 2780, 2781, -1, 2770, 2781, 2771, -1,
				      2780, 2790, 2791, -1, 2780, 2791, 2781, -1,
				      2790, 2800, 2801, -1, 2790, 2801, 2791, -1,
				      2800, 2810, 2811, -1, 2800, 2811, 2801, -1,
				      2810, 2820, 2821, -1, 2810, 2821, 2811, -1,
				      2820, 2830, 2831, -1, 2820, 2831, 2821, -1,
				      2830, 2840, 2841, -1, 2830, 2841, 2831, -1,
				      2840, 2850, 2851, -1, 2840, 2851, 2841, -1,
				      2850, 2860, 2861, -1, 2850, 2861, 2851, -1,
				      2860, 2870, 2871, -1, 2860, 2871, 2861, -1,
				      2870, 2880, 2881, -1, 2870, 2881, 2871, -1,
				      2880, 2890, 2891, -1, 2880, 2891, 2881, -1,
				      2890, 2900, 2901, -1, 2890, 2901, 2891, -1,
				      2900, 2910, 2911, -1, 2900, 2911, 2901, -1,
				      2910, 2920, 2921, -1, 2910, 2921, 2911, -1,
				      2920, 2930, 2931, -1, 2920, 2931, 2921, -1,
				      2930, 2940, 2941, -1, 2930, 2941, 2931, -1,
				      2940, 2950, 2951, -1, 2940, 2951, 2941, -1,
				      2950, 2960, 2961, -1, 2950, 2961, 2951, -1,
				      2960, 2970, 2971, -1, 2960, 2971, 2961, -1,
				      2970, 2980, 2981, -1, 2970, 2981, 2971, -1,
				      2980, 2990, 2991, -1, 2980, 2991, 2981, -1,
				      2990, 3000, 3001, -1, 2990, 3001, 2991, -1,
				      3000, 3010, 3011, -1, 3000, 3011, 3001, -1,
				      3010, 3020, 3021, -1, 3010, 3021, 3011, -1,
				      3020, 3030, 3031, -1, 3020, 3031, 3021, -1,
				      3030, 3040, 3041, -1, 3030, 3041, 3031, -1,
				      3040, 3050, 3051, -1, 3040, 3051, 3041, -1,
				      3050, 3060, 3061, -1, 3050, 3061, 3051, -1,
				      3060, 3070, 3071, -1, 3060, 3071, 3061, -1,
				      3070, 3080, 3081, -1, 3070, 3081, 3071, -1,
				      3080, 3090, 3091, -1, 3080, 3091, 3081, -1,
				      3090, 3100, 3101, -1, 3090, 3101, 3091, -1,
				      3100, 3110, 3111, -1, 3100, 3111, 3101, -1,
				      3110, 3120, 3121, -1, 3110, 3121, 3111, -1,
				      3120, 2666, 2669, -1, 3120, 2669, 3121, -1 ]
		    normalIndex	[ 0, 1, 2, -1, 3, 4, 5, -1,
				      6, 7, 8, -1, 9, 10, 11, -1,
				      12, 13, 14, -1, 15, 16, 17, -1,
				      18, 19, 20, -1, 21, 22, 23, -1,
				      24, 25, 26, -1, 27, 28, 29, -1,
				      30, 31, 32, -1, 33, 34, 35, -1,
				      36, 37, 38, -1, 39, 40, 41, -1,
				      42, 43, 44, -1, 45, 46, 47, -1,
				      48, 49, 50, -1, 51, 52, 53, -1,
				      54, 55, 56, -1, 57, 58, 59, -1,
				      60, 61, 62, -1, 63, 64, 65, -1,
				      66, 67, 68, -1, 69, 70, 71, -1,
				      72, 73, 74, -1, 75, 76, 77, -1,
				      78, 79, 80, -1, 81, 82, 83, -1,
				      84, 85, 86, -1, 87, 88, 89, -1,
				      90, 91, 92, -1, 93, 94, 95, -1,
				      96, 97, 98, -1, 99, 100, 101, -1,
				      102, 103, 104, -1, 105, 106, 107, -1,
				      108, 109, 110, -1, 111, 112, 113, -1,
				      114, 115, 116, -1, 117, 118, 119, -1,
				      120, 121, 122, -1, 123, 124, 125, -1,
				      126, 127, 128, -1, 129, 130, 131, -1,
				      132, 133, 134, -1, 135, 136, 137, -1,
				      138, 139, 140, -1, 141, 142, 143, -1,
				      144, 145, 146, -1, 147, 148, 149, -1,
				      150, 151, 152, -1, 153, 154, 155, -1,
				      156, 157, 158, -1, 159, 160, 161, -1,
				      162, 163, 164, -1, 165, 166, 167, -1,
				      168, 169, 170, -1, 171, 172, 173, -1,
				      174, 175, 176, -1, 177, 178, 179, -1,
				      180, 181, 182, -1, 183, 184, 185, -1,
				      186, 187, 188, -1, 189, 190, 191, -1,
				      192, 193, 194, -1, 195, 196, 197, -1,
				      198, 199, 200, -1, 201, 202, 203, -1,
				      204, 205, 206, -1, 207, 208, 209, -1,
				      210, 211, 212, -1, 213, 214, 215, -1,
				      216, 217, 218, -1, 219, 220, 221, -1,
				      222, 223, 224, -1, 225, 226, 227, -1,
				      228, 229, 230, -1, 231, 232, 233, -1,
				      234, 235, 236, -1, 237, 238, 239, -1,
				      240, 241, 242, -1, 243, 244, 245, -1,
				      246, 247, 248, -1, 249, 250, 251, -1,
				      252, 253, 254, -1, 255, 256, 257, -1,
				      258, 259, 260, -1, 261, 262, 263, -1,
				      264, 265, 266, -1, 267, 268, 269, -1,
				      270, 271, 272, -1, 273, 274, 275, -1,
				      276, 277, 278, -1, 279, 280, 281, -1 ]
		}
	    }
	}
	Separator {
	    Separator {
		Normal {
		    vector	[ 0.107424 -0.97279 0.205281,
				      0.187095 -0.97279 0.136659,
				      0.187095 -0.97279 0.136659,
				      0.107424 -0.97279 0.205281,
				      0.187095 -0.97279 0.136659,
				      0.107424 -0.97279 0.205281,
				      0.187095 -0.97279 0.136659,
				      0.230781 -0.97279 0.020498,
				      0.230781 -0.97279 0.020498,
				      0.187095 -0.97279 0.136659,
				      0.230781 -0.97279 0.020498,
				      0.187095 -0.97279 0.136659,
				      0.230781 -0.97279 0.020498,
				      0.215108 -0.97279 -0.086073,
				      0.215108 -0.97279 -0.086073,
				      0.230781 -0.97279 0.020498,
				      0.215108 -0.97279 -0.086073,
				      0.230781 -0.97279 0.020498,
				      0.215108 -0.97279 -0.086073,
				      0.176142 -0.97279 -0.150513,
				      0.176142 -0.97279 -0.150513,
				      0.215108 -0.97279 -0.086073,
				      0.176142 -0.97279 -0.150513,
				      0.215108 -0.97279 -0.086073,
				      0.176142 -0.97279 -0.150513,
				      0.139 -0.97279 -0.185362,
				      0.139 -0.97279 -0.185362,
				      0.176142 -0.97279 -0.150513,
				      0.139 -0.97279 -0.185362,
				      0.176142 -0.97279 -0.150513,
				      0.139 -0.97279 -0.185362,
				      0.109401 -0.97279 -0.204234,
				      0.109401 -0.97279 -0.204234,
				      0.139 -0.97279 -0.185362,
				      0.109401 -0.97279 -0.204234,
				      0.139 -0.97279 -0.185362,
				      0.109401 -0.97279 -0.204234,
				      0.087355 -0.97279 -0.214591,
				      0.087355 -0.97279 -0.214591,
				      0.109401 -0.97279 -0.204234,
				      0.087355 -0.97279 -0.214591,
				      0.109401 -0.97279 -0.204234,
				      0.087355 -0.97279 -0.214591,
				      0.071092 -0.97279 -0.220513,
				      0.071092 -0.97279 -0.220513,
				      0.087355 -0.97279 -0.214591,
				      0.071092 -0.97279 -0.220513,
				      0.087355 -0.97279 -0.214591,
				      0.071092 -0.97279 -0.220513,
				      0.058735 -0.97279 -0.224121,
				      0.058735 -0.97279 -0.224121,
				      0.071092 -0.97279 -0.220513,
				      0.058735 -0.97279 -0.224121,
				      0.071092 -0.97279 -0.220513,
				      0.058735 -0.97279 -0.224121,
				      0.048469 -0.97279 -0.226563,
				      0.048469 -0.97279 -0.226563,
				      0.058735 -0.97279 -0.224121,
				      0.048469 -0.97279 -0.226563,
				      0.058735 -0.97279 -0.224121,
				      0.048469 -0.97279 -0.226563,
				      0.038892 -0.97279 -0.228402,
				      0.038892 -0.97279 -0.228402,
				      0.048469 -0.97279 -0.226563,
				      0.038892 -0.97279 -0.228402,
				      0.048469 -0.97279 -0.226563,
				      0.038892 -0.97279 -0.228402,
				      0.029195 -0.97279 -0.229843,
				      0.029195 -0.97279 -0.229843,
				      0.038892 -0.97279 -0.228402,
				      0.029195 -0.97279 -0.229843,
				      0.038892 -0.97279 -0.228402,
				      0.029195 -0.97279 -0.229843,
				      0.019479 -0.97279 -0.230869,
				      0.019479 -0.97279 -0.230869,
				      0.029195 -0.97279 -0.229843,
				      0.019479 -0.97279 -0.230869,
				      0.029195 -0.97279 -0.229843,
				      0.019479 -0.97279 -0.230869,
				      0.011281 -0.97279 -0.231415,
				      0.011281 -0.97279 -0.231415,
				      0.019479 -0.97279 -0.230869,
				      0.011281 -0.97279 -0.231415,
				      0.019479 -0.97279 -0.230869,
				      0.011281 -0.97279 -0.231415,
				      0.005538 -0.97279 -0.231623,
				      0.005538 -0.97279 -0.231623,
				      0.011281 -0.97279 -0.231415,
				      0.005538 -0.97279 -0.231623,
				      0.011281 -0.97279 -0.231415,
				      0.005538 -0.97279 -0.231623,
				      0.001922 -0.97279 -0.231682,
				      0.001922 -0.97279 -0.231682,
				      0.005538 -0.97279 -0.231623,
				      0.001922 -0.97279 -0.231682,
				      0.005538 -0.97279 -0.231623,
				      0.001922 -0.97279 -0.231682,
				      8.7e-05 -0.97279 -0.23169,
				      8.7e-05 -0.97279 -0.23169,
				      0.001922 -0.97279 -0.231682,
				      8.7e-05 -0.97279 -0.23169,
				      0.001922 -0.97279 -0.231682,
				      8.7e-05 -0.97279 -0.23169,
				      -0.002544 -0.97279 -0.231676,
				      -0.002544 -0.97279 -0.231676,
				      8.7e-05 -0.97279 -0.23169,
				      -0.002544 -0.97279 -0.231676,
				      8.7e-05 -0.97279 -0.23169,
				      -0.002544 -0.97279 -0.231676,
				      -0.011001 -0.97279 -0.231428,
				      -0.011001 -0.97279 -0.231428,
				      -0.002544 -0.97279 -0.231676,
				      -0.011001 -0.97279 -0.231428,
				      -0.002544 -0.97279 -0.231676,
				      -0.011001 -0.97279 -0.231428,
				      -0.031353 -0.97279 -0.229558,
				      -0.031353 -0.97279 -0.229558,
				      -0.011001 -0.97279 -0.231428,
				      -0.031353 -0.97279 -0.229558,
				      -0.011001 -0.97279 -0.231428,
				      -0.031353 -0.97279 -0.229558,
				      -0.069657 -0.97279 -0.220971,
				      -0.069657 -0.97279 -0.220971,
				      -0.031353 -0.97279 -0.229558,
				      -0.069657 -0.97279 -0.220971,
				      -0.031353 -0.97279 -0.229558,
				      -0.069657 -0.97279 -0.220971,
				      -0.121172 -0.97279 -0.197478,
				      -0.121172 -0.97279 -0.197478,
				      -0.069657 -0.97279 -0.220971,
				      -0.121172 -0.97279 -0.197478,
				      -0.069657 -0.97279 -0.220971,
				      -0.121172 -0.97279 -0.197478,
				      -0.168933 -0.97279 -0.158562,
				      -0.168933 -0.97279 -0.158562,
				      -0.121172 -0.97279 -0.197478,
				      -0.168933 -0.97279 -0.158562,
				      -0.121172 -0.97279 -0.197478,
				      -0.168933 -0.97279 -0.158562,
				      -0.201337 -0.97279 -0.114646,
				      -0.201337 -0.97279 -0.114646,
				      -0.168933 -0.97279 -0.158562,
				      -0.201337 -0.97279 -0.114646,
				      -0.168933 -0.97279 -0.158562,
				      -0.201337 -0.97279 -0.114646,
				      -0.218627 -0.97279 -0.076696,
				      -0.218627 -0.97279 -0.076696,
				      -0.201337 -0.97279 -0.114646,
				      -0.218627 -0.97279 -0.076696,
				      -0.201337 -0.97279 -0.114646,
				      -0.218627 -0.97279 -0.076696,
				      -0.226825 -0.97279 -0.04723,
				      -0.226825 -0.97279 -0.04723,
				      -0.218627 -0.97279 -0.076696,
				      -0.226825 -0.97279 -0.04723,
				      -0.218627 -0.97279 -0.076696,
				      -0.226825 -0.97279 -0.04723,
				      -0.230754 -0.97279 -0.020795,
				      -0.230755 -0.97279 -0.020795,
				      -0.226825 -0.97279 -0.04723,
				      -0.230755 -0.97279 -0.020795,
				      -0.226825 -0.97279 -0.04723,
				      -0.230754 -0.97279 -0.020795,
				      -0.231608 -0.97279 0.006139,
				      -0.231608 -0.97279 0.006139,
				      -0.230754 -0.97279 -0.020795,
				      -0.231608 -0.97279 0.006139,
				      -0.230755 -0.97279 -0.020795,
				      -0.231608 -0.97279 0.006139,
				      -0.229352 -0.97279 0.03283,
				      -0.229352 -0.97279 0.03283,
				      -0.231608 -0.97279 0.006139,
				      -0.229352 -0.97279 0.03283,
				      -0.231608 -0.97279 0.006139,
				      -0.229352 -0.97279 0.03283,
				      -0.223823 -0.97279 0.059861,
				      -0.223823 -0.97279 0.059861,
				      -0.229352 -0.97279 0.03283,
				      -0.223823 -0.97279 0.059861,
				      -0.229352 -0.97279 0.03283,
				      -0.223823 -0.97279 0.059861,
				      -0.212316 -0.97279 0.092747,
				      -0.212316 -0.97279 0.092747,
				      -0.223823 -0.97279 0.059861,
				      -0.212316 -0.97279 0.092747,
				      -0.223823 -0.97279 0.059861,
				      -0.212316 -0.97279 0.092747,
				      -0.188707 -0.97279 0.134424,
				      -0.188707 -0.97279 0.134424,
				      -0.212316 -0.97279 0.092747,
				      -0.188707 -0.97279 0.134424,
				      -0.212316 -0.97279 0.092747,
				      -0.188707 -0.97279 0.134424,
				      -0.148764 -0.97279 0.177621,
				      -0.148764 -0.97279 0.177621,
				      -0.188707 -0.97279 0.134424,
				      -0.148764 -0.97279 0.177621,
				      -0.188707 -0.97279 0.134424,
				      -0.148764 -0.97279 0.177621,
				      -0.096534 -0.97279 0.210621,
				      -0.096534 -0.97279 0.210621,
				      -0.148764 -0.97279 0.177621,
				      -0.096534 -0.97279 0.210621,
				      -0.148764 -0.97279 0.177621,
				      -0.096534 -0.97279 0.210621,
				      -0.047573 -0.97279 0.226753,
				      -0.047573 -0.97279 0.226753,
				      -0.096534 -0.97279 0.210621,
				      -0.047573 -0.97279 0.226753,
				      -0.096534 -0.97279 0.210621,
				      -0.047573 -0.97279 0.226753,
				      -0.017211 -0.97279 0.23105,
				      -0.017211 -0.97279 0.23105,
				      -0.047573 -0.97279 0.226753,
				      -0.017211 -0.97279 0.23105,
				      -0.047573 -0.97279 0.226753,
				      -0.017211 -0.97279 0.23105,
				      -0.004559 -0.97279 0.231645,
				      -0.004559 -0.97279 0.231645,
				      -0.017211 -0.97279 0.23105,
				      -0.004559 -0.97279 0.231645,
				      -0.017211 -0.97279 0.23105,
				      -0.004559 -0.97279 0.231645,
				      -0.000687 -0.97279 0.231689,
				      -0.000687 -0.97279 0.231689,
				      -0.004559 -0.97279 0.231645,
				      -0.000687 -0.97279 0.231689,
				      -0.004559 -0.97279 0.231645,
				      -0.000687 -0.97279 0.231689,
				      -1.5e-05 -0.97279 0.23169,
				      -1.5e-05 -0.97279 0.23169,
				      -0.000687 -0.97279 0.231689,
				      -1.5e-05 -0.97279 0.23169,
				      -0.000687 -0.97279 0.231689,
				      -1.5e-05 -0.97279 0.23169,
				      0 -0.97279 0.23169,
				      0 -0.97279 0.23169,
				      -1.5e-05 -0.97279 0.23169,
				      0 -0.97279 0.23169,
				      -1.5e-05 -0.97279 0.23169,
				      0 -0.97279 0.23169,
				      0 -0.97279 0.23169,
				      0 -0.97279 0.23169,
				      0 -0.97279 0.23169,
				      0 -0.97279 0.23169,
				      0 -0.97279 0.23169,
				      0 -0.97279 0.23169,
				      3e-06 -0.97279 0.23169,
				      3e-06 -0.97279 0.23169,
				      0 -0.97279 0.23169,
				      3e-06 -0.97279 0.23169,
				      0 -0.97279 0.23169,
				      3e-06 -0.97279 0.23169,
				      0.000435 -0.97279 0.231689,
				      0.000435 -0.97279 0.231689,
				      3e-06 -0.97279 0.23169,
				      0.000435 -0.97279 0.231689,
				      3e-06 -0.97279 0.23169,
				      0.000435 -0.97279 0.231689,
				      0.003455 -0.97279 0.231664,
				      0.003455 -0.97279 0.231664,
				      0.000435 -0.97279 0.231689,
				      0.003455 -0.97279 0.231664,
				      0.000435 -0.97279 0.231689,
				      0.003455 -0.97279 0.231664,
				      0.014448 -0.97279 0.231239,
				      0.014448 -0.97279 0.231239,
				      0.003455 -0.97279 0.231664,
				      0.014448 -0.97279 0.231239,
				      0.003455 -0.97279 0.231664,
				      0.014448 -0.97279 0.231239,
				      0.04513 -0.97279 0.227252,
				      0.04513 -0.97279 0.227252,
				      0.014448 -0.97279 0.231239,
				      0.04513 -0.97279 0.227252,
				      0.014448 -0.97279 0.231239 ]
		}
		IndexedFaceSet {
		    coordIndex	[ 2670, 2671, 2672, -1, 2670, 2672, 2673, -1,
				      2671, 2682, 2683, -1, 2671, 2683, 2672, -1,
				      2682, 2692, 2693, -1, 2682, 2693, 2683, -1,
				      2692, 2702, 2703, -1, 2692, 2703, 2693, -1,
				      2702, 2712, 2713, -1, 2702, 2713, 2703, -1,
				      2712, 2722, 2723, -1, 2712, 2723, 2713, -1,
				      2722, 2732, 2733, -1, 2722, 2733, 2723, -1,
				      2732, 2742, 2743, -1, 2732, 2743, 2733, -1,
				      2742, 2752, 2753, -1, 2742, 2753, 2743, -1,
				      2752, 2762, 2763, -1, 2752, 2763, 2753, -1,
				      2762, 2772, 2773, -1, 2762, 2773, 2763, -1,
				      2772, 2782, 2783, -1, 2772, 2783, 2773, -1,
				      2782, 2792, 2793, -1, 2782, 2793, 2783, -1,
				      2792, 2802, 2803, -1, 2792, 2803, 2793, -1,
				      2802, 2812, 2813, -1, 2802, 2813, 2803, -1,
				      2812, 2822, 2823, -1, 2812, 2823, 2813, -1,
				      2822, 2832, 2833, -1, 2822, 2833, 2823, -1,
				      2832, 2842, 2843, -1, 2832, 2843, 2833, -1,
				      2842, 2852, 2853, -1, 2842, 2853, 2843, -1,
				      2852, 2862, 2863, -1, 2852, 2863, 2853, -1,
				      2862, 2872, 2873, -1, 2862, 2873, 2863, -1,
				      2872, 2882, 2883, -1, 2872, 2883, 2873, -1,
				      2882, 2892, 2893, -1, 2882, 2893, 2883, -1,
				      2892, 2902, 2903, -1, 2892, 2903, 2893, -1,
				      2902, 2912, 2913, -1, 2902, 2913, 2903, -1,
				      2912, 2922, 2923, -1, 2912, 2923, 2913, -1,
				      2922, 2932, 2933, -1, 2922, 2933, 2923, -1,
				      2932, 2942, 2943, -1, 2932, 2943, 2933, -1,
				      2942, 2952, 2953, -1, 2942, 2953, 2943, -1,
				      2952, 2962, 2963, -1, 2952, 2963, 2953, -1,
				      2962, 2972, 2973, -1, 2962, 2973, 2963, -1,
				      2972, 2982, 2983, -1, 2972, 2983, 2973, -1,
				      2982, 2992, 2993, -1, 2982, 2993, 2983, -1,
				      2992, 3002, 3003, -1, 2992, 3003, 2993, -1,
				      3002, 3012, 3013, -1, 3002, 3013, 3003, -1,
				      3012, 3022, 3023, -1, 3012, 3023, 3013, -1,
				      3022, 3032, 3033, -1, 3022, 3033, 3023, -1,
				      3032, 3042, 3043, -1, 3032, 3043, 3033, -1,
				      3042, 3052, 3053, -1, 3042, 3053, 3043, -1,
				      3052, 3062, 3063, -1, 3052, 3063, 3053, -1,
				      3062, 3072, 3073, -1, 3062, 3073, 3063, -1,
				      3072, 3082, 3083, -1, 3072, 3083, 3073, -1,
				      3082, 3092, 3093, -1, 3082, 3093, 3083, -1,
				      3092, 3102, 3103, -1, 3092, 3103, 3093, -1,
				      3102, 3112, 3113, -1, 3102, 3113, 3103, -1,
				      3112, 3122, 3123, -1, 3112, 3123, 3113, -1 ]
		    normalIndex	[ 0, 1, 2, -1, 3, 4, 5, -1,
				      6, 7, 8, -1, 9, 10, 11, -1,
				      12, 13, 14, -1, 15, 16, 17, -1,
				      18, 19, 20, -1, 21, 22, 23, -1,
				      24, 25, 26, -1, 27, 28, 29, -1,
				      30, 31, 32, -1, 33, 34, 35, -1,
				      36, 37, 38, -1, 39, 40, 41, -1,
				      42, 43, 44, -1, 45, 46, 47, -1,
				      48, 49, 50, -1, 51, 52, 53, -1,
				      54, 55, 56, -1, 57, 58, 59, -1,
				      60, 61, 62, -1, 63, 64, 65, -1,
				      66, 67, 68, -1, 69, 70, 71, -1,
				      72, 73, 74, -1, 75, 76, 77, -1,
				      78, 79, 80, -1, 81, 82, 83, -1,
				      84, 85, 86, -1, 87, 88, 89, -1,
				      90, 91, 92, -1, 93, 94, 95, -1,
				      96, 97, 98, -1, 99, 100, 101, -1,
				      102, 103, 104, -1, 105, 106, 107, -1,
				      108, 109, 110, -1, 111, 112, 113, -1,
				      114, 115, 116, -1, 117, 118, 119, -1,
				      120, 121, 122, -1, 123, 124, 125, -1,
				      126, 127, 128, -1, 129, 130, 131, -1,
				      132, 133, 134, -1, 135, 136, 137, -1,
				      138, 139, 140, -1, 141, 142, 143, -1,
				      144, 145, 146, -1, 147, 148, 149, -1,
				      150, 151, 152, -1, 153, 154, 155, -1,
				      156, 157, 158, -1, 159, 160, 161, -1,
				      162, 163, 164, -1, 165, 166, 167, -1,
				      168, 169, 170, -1, 171, 172, 173, -1,
				      174, 175, 176, -1, 177, 178, 179, -1,
				      180, 181, 182, -1, 183, 184, 185, -1,
				      186, 187, 188, -1, 189, 190, 191, -1,
				      192, 193, 194, -1, 195, 196, 197, -1,
				      198, 199, 200, -1, 201, 202, 203, -1,
				      204, 205, 206, -1, 207, 208, 209, -1,
				      210, 211, 212, -1, 213, 214, 215, -1,
				      216, 217, 218, -1, 219, 220, 221, -1,
				      222, 223, 224, -1, 225, 226, 227, -1,
				      228, 229, 230, -1, 231, 232, 233, -1,
				      234, 235, 236, -1, 237, 238, 239, -1,
				      240, 241, 242, -1, 243, 244, 245, -1,
				      246, 247, 248, -1, 249, 250, 251, -1,
				      252, 253, 254, -1, 255, 256, 257, -1,
				      258, 259, 260, -1, 261, 262, 263, -1,
				      264, 265, 266, -1, 267, 268, 269, -1,
				      270, 271, 272, -1, 273, 274, 275, -1 ]
		}
	    }
	}
	Separator {
	    Separator {
		Normal {
		    vector	[ 0 -1 0,
				      0 -1 0,
				      0 -1 0,
				      0 -1 0,
				      0 -1 0,
				      0 -1 0,
				      0 -1 0,
				      0 -1 0,
				      0 -1 0,
				      0 -1 0,
				      0 -1 0,
				      0 -1 0,
				      0 -1 0,
				      0 -1 0,
				      0 -1 0,
				      0 -1 0,
				      0 -1 0,
				      0 -1 0,
				      0 -1 0,
				      0 -1 0,
				      0 -1 0,
				      0 -1 0,
				      0 -1 0,
				      0 -1 0,
				      0 -1 0,
				      0 -1 0,
				      0 -1 0,
				      0 -1 0,
				      0 -1 0,
				      0 -1 0,
				      0 -1 0,
				      0 -1 0,
				      0 -1 0,
				      0 -1 0,
				      0 -1 0,
				      0 -1 0,
				      0 -1 0,
				      0 -1 0,
				      0 -1 0,
				      0 -1 0,
				      0 -1 0,
				      0 -1 0,
				      0 -1 0,
				      0 -1 0,
				      0 -1 0,
				      0 -1 0,
				      0 -1 0,
				      0 -1 0,
				      0 -1 0,
				      0 -1 0,
				      0 -1 0,
				      0 -1 0,
				      0 -1 0,
				      0 -1 0,
				      0 -1 0,
				      0 -1 0,
				      0 -1 0,
				      0 -1 0,
				      0 -1 0,
				      0 -1 0,
				      0 -1 0,
				      0 -1 0,
				      0 -1 0,
				      0 -1 0,
				      0 -1 0,
				      0 -1 0,
				      0 -1 0,
				      0 -1 0,
				      0 -1 0,
				      0 -1 0,
				      0 -1 0,
				      0 -1 0,
				      0 -1 0,
				      0 -1 0,
				      0 -1 0,
				      0 -1 0,
				      0 -1 0,
				      0 -1 0,
				      0 -1 0,
				      0 -1 0,
				      0 -1 0,
				      0 -1 0,
				      0 -1 0,
				      0 -1 0,
				      0 -1 0,
				      0 -1 0,
				      0 -1 0,
				      0 -1 0,
				      0 -1 0,
				      0 -1 0,
				      0 -1 0,
				      0 -1 0,
				      0 -1 0,
				      0 -1 0,
				      0 -1 0,
				      0 -1 0,
				      0 -1 0,
				      0 -1 0,
				      0 -1 0,
				      0 -1 0,
				      0 -1 0,
				      0 -1 0,
				      0 -1 0,
				      0 -1 0,
				      0 -1 0,
				      0 -1 0,
				      0 -1 0,
				      0 -1 0,
				      0 -1 0,
				      0 -1 0,
				      0 -1 0,
				      0 -1 0,
				      0 -1 0,
				      0 -1 0,
				      0 -1 0,
				      0 -1 0,
				      0 -1 0,
				      0 -1 0,
				      0 -1 0,
				      0 -1 0,
				      0 -1 0,
				      0 -1 0,
				      0 -1 0,
				      0 -1 0,
				      0 -1 0,
				      0 -1 0,
				      0 -1 0,
				      0 -1 0,
				      0 -1 0,
				      0 -1 0,
				      0 -1 0,
				      0 -1 0,
				      0 -1 0,
				      0 -1 0,
				      0 -1 0,
				      0 -1 0,
				      0 -1 0,
				      0 -1 0,
				      0 -1 0,
				      0 -1 0,
				      0 -1 0,
				      0 -1 0,
				      0 -1 0,
				      0 -1 0 ]
		}
		IndexedFaceSet {
		    coordIndex	[ 3124, 3125, 3126, -1, 3124, 3126, 3127, -1,
				      3125, 3128, 3129, -1, 3125, 3129, 3126, -1,
				      3128, 3130, 3131, -1, 3128, 3131, 3129, -1,
				      3130, 3132, 3133, -1, 3130, 3133, 3131, -1,
				      3132, 3134, 3135, -1, 3132, 3135, 3133, -1,
				      3134, 3136, 3137, -1, 3134, 3137, 3135, -1,
				      3136, 3138, 3139, -1, 3136, 3139, 3137, -1,
				      3138, 3140, 3141, -1, 3138, 3141, 3139, -1,
				      3140, 3142, 3143, -1, 3140, 3143, 3141, -1,
				      3142, 3144, 3145, -1, 3142, 3145, 3143, -1,
				      3144, 3146, 3147, -1, 3144, 3147, 3145, -1,
				      3146, 3148, 3149, -1, 3146, 3149, 3147, -1,
				      3148, 3150, 3151, -1, 3148, 3151, 3149, -1,
				      3150, 3152, 3153, -1, 3150, 3153, 3151, -1,
				      3152, 3154, 3155, -1, 3152, 3155, 3153, -1,
				      3154, 3156, 3157, -1, 3154, 3157, 3155, -1,
				      3156, 3158, 3159, -1, 3156, 3159, 3157, -1,
				      3158, 3160, 3161, -1, 3158, 3161, 3159, -1,
				      3160, 3162, 3163, -1, 3160, 3163, 3161, -1,
				      3162, 3164, 3165, -1, 3162, 3165, 3163, -1,
				      3164, 3166, 3167, -1, 3164, 3167, 3165, -1,
				      3166, 3168, 3169, -1, 3166, 3169, 3167, -1,
				      3168, 3170, 3171, -1, 3168, 3171, 3169, -1,
				      3170, 3172, 3173, -1, 3170, 3173, 3171, -1 ]
		    normalIndex	[ 0, 1, 2, -1, 3, 4, 5, -1,
				      6, 7, 8, -1, 9, 10, 11, -1,
				      12, 13, 14, -1, 15, 16, 17, -1,
				      18, 19, 20, -1, 21, 22, 23, -1,
				      24, 25, 26, -1, 27, 28, 29, -1,
				      30, 31, 32, -1, 33, 34, 35, -1,
				      36, 37, 38, -1, 39, 40, 41, -1,
				      42, 43, 44, -1, 45, 46, 47, -1,
				      48, 49, 50, -1, 51, 52, 53, -1,
				      54, 55, 56, -1, 57, 58, 59, -1,
				      60, 61, 62, -1, 63, 64, 65, -1,
				      66, 67, 68, -1, 69, 70, 71, -1,
				      72, 73, 74, -1, 75, 76, 77, -1,
				      78, 79, 80, -1, 81, 82, 83, -1,
				      84, 85, 86, -1, 87, 88, 89, -1,
				      90, 91, 92, -1, 93, 94, 95, -1,
				      96, 97, 98, -1, 99, 100, 101, -1,
				      102, 103, 104, -1, 105, 106, 107, -1,
				      108, 109, 110, -1, 111, 112, 113, -1,
				      114, 115, 116, -1, 117, 118, 119, -1,
				      120, 121, 122, -1, 123, 124, 125, -1,
				      126, 127, 128, -1, 129, 130, 131, -1,
				      132, 133, 134, -1, 135, 136, 137, -1,
				      138, 139, 140, -1, 141, 142, 143, -1 ]
		}
	    }
	}
	Separator {
	    Material {
		diffuseColor	0 0.8 0.95
	    }
	    Separator {
		Normal {
		    vector	[ 0 1 0,
				      0 1 0,
				      0 1 0,
				      0 1 0,
				      0 1 0,
				      0 1 0,
				      0 1 0,
				      0 1 0,
				      0 1 0,
				      0 1 0,
				      0 1 0,
				      0 1 0,
				      0 1 0,
				      0 1 0,
				      0 1 0,
				      0 1 0,
				      0 1 0,
				      0 1 0,
				      0 1 0,
				      0 1 0,
				      0 1 0,
				      0 1 0,
				      0 1 0,
				      0 1 0,
				      0 1 0,
				      0 1 0,
				      0 1 0,
				      0 1 0,
				      0 1 0,
				      0 1 0,
				      0 1 0,
				      0 1 0,
				      0 1 0,
				      0 1 0,
				      0 1 0,
				      0 1 0,
				      0 1 0,
				      0 1 0,
				      0 1 0,
				      0 1 0,
				      0 1 0,
				      0 1 0,
				      0 1 0,
				      0 1 0,
				      0 1 0,
				      0 1 0,
				      0 1 0,
				      0 1 0,
				      0 1 0,
				      0 1 0,
				      0 1 0,
				      0 1 0,
				      0 1 0,
				      0 1 0,
				      0 1 0,
				      0 1 0,
				      0 1 0,
				      0 1 0,
				      0 1 0,
				      0 1 0,
				      0 1 0,
				      0 1 0,
				      0 1 0,
				      0 1 0,
				      0 1 0,
				      0 1 0,
				      0 1 0,
				      0 1 0,
				      0 1 0,
				      0 1 0,
				      0 1 0,
				      0 1 0,
				      0 1 0,
				      0 1 0,
				      0 1 0,
				      0 1 0,
				      0 1 0,
				      0 1 0,
				      0 1 0,
				      0 1 0,
				      0 1 0,
				      0 1 0,
				      0 1 0,
				      0 1 0,
				      0 1 0,
				      0 1 0,
				      0 1 0,
				      0 1 0,
				      0 1 0,
				      0 1 0,
				      0 1 0,
				      0 1 0,
				      0 1 0,
				      0 1 0,
				      0 1 0,
				      0 1 0,
				      0 1 0,
				      0 1 0,
				      0 1 0,
				      0 1 0,
				      0 1 0,
				      0 1 0,
				      0 1 0,
				      0 1 0,
				      0 1 0,
				      0 1 0,
				      0 1 0,
				      0 1 0,
				      0 1 0,
				      0 1 0,
				      0 1 0,
				      0 1 0,
				      0 1 0,
				      0 1 0,
				      0 1 0,
				      0 1 0,
				      0 1 0,
				      0 1 0,
				      0 1 0,
				      0 1 0,
				      0 1 0,
				      0 1 0,
				      0 1 0,
				      0 1 0,
				      0 1 0,
				      0 1 0,
				      0 1 0,
				      0 1 0,
				      0 1 0,
				      0 1 0,
				      0 1 0,
				      0 1 0,
				      0 1 0,
				      0 1 0,
				      0 1 0,
				      0 1 0,
				      0 1 0,
				      0 1 0,
				      0 1 0,
				      0 1 0,
				      0 1 0,
				      0 1 0,
				      0 1 0,
				      0 1 0 ]
		}
		IndexedFaceSet {
		    coordIndex	[ 3174, 3175, 3176, -1, 3174, 3176, 3177, -1,
				      3175, 3178, 3179, -1, 3175, 3179, 3176, -1,
				      3178, 3180, 3181, -1, 3178, 3181, 3179, -1,
				      3180, 3182, 3183, -1, 3180, 3183, 3181, -1,
				      3182, 3184, 3185, -1, 3182, 3185, 3183, -1,
				      3184, 3186, 3187, -1, 3184, 3187, 3185, -1,
				      3186, 3188, 3189, -1, 3186, 3189, 3187, -1,
				      3188, 3190, 3191, -1, 3188, 3191, 3189, -1,
				      3190, 3192, 3193, -1, 3190, 3193, 3191, -1,
				      3192, 3194, 3195, -1, 3192, 3195, 3193, -1,
				      3194, 3196, 3197, -1, 3194, 3197, 3195, -1,
				      3196, 3198, 3199, -1, 3196, 3199, 3197, -1,
				      3198, 3200, 3201, -1, 3198, 3201, 3199, -1,
				      3200, 3202, 3203, -1, 3200, 3203, 3201, -1,
				      3202, 3204, 3205, -1, 3202, 3205, 3203, -1,
				      3204, 3206, 3207, -1, 3204, 3207, 3205, -1,
				      3206, 3208, 3209, -1, 3206, 3209, 3207, -1,
				      3208, 3210, 3211, -1, 3208, 3211, 3209, -1,
				      3210, 3212, 3213, -1, 3210, 3213, 3211, -1,
				      3212, 3214, 3215, -1, 3212, 3215, 3213, -1,
				      3214, 3216, 3217, -1, 3214, 3217, 3215, -1,
				      3216, 3218, 3219, -1, 3216, 3219, 3217, -1,
				      3218, 3220, 3221, -1, 3218, 3221, 3219, -1,
				      3220, 3222, 3223, -1, 3220, 3223, 3221, -1 ]
		    normalIndex	[ 0, 1, 2, -1, 3, 4, 5, -1,
				      6, 7, 8, -1, 9, 10, 11, -1,
				      12, 13, 14, -1, 15, 16, 17, -1,
				      18, 19, 20, -1, 21, 22, 23, -1,
				      24, 25, 26, -1, 27, 28, 29, -1,
				      30, 31, 32, -1, 33, 34, 35, -1,
				      36, 37, 38, -1, 39, 40, 41, -1,
				      42, 43, 44, -1, 45, 46, 47, -1,
				      48, 49, 50, -1, 51, 52, 53, -1,
				      54, 55, 56, -1, 57, 58, 59, -1,
				      60, 61, 62, -1, 63, 64, 65, -1,
				      66, 67, 68, -1, 69, 70, 71, -1,
				      72, 73, 74, -1, 75, 76, 77, -1,
				      78, 79, 80, -1, 81, 82, 83, -1,
				      84, 85, 86, -1, 87, 88, 89, -1,
				      90, 91, 92, -1, 93, 94, 95, -1,
				      96, 97, 98, -1, 99, 100, 101, -1,
				      102, 103, 104, -1, 105, 106, 107, -1,
				      108, 109, 110, -1, 111, 112, 113, -1,
				      114, 115, 116, -1, 117, 118, 119, -1,
				      120, 121, 122, -1, 123, 124, 125, -1,
				      126, 127, 128, -1, 129, 130, 131, -1,
				      132, 133, 134, -1, 135, 136, 137, -1,
				      138, 139, 140, -1, 141, 142, 143, -1 ]
		}
	    }
	}
	Separator {
	    Material {
		diffuseColor	0.0959535 0.34068 0.8
	    }
	    Separator {
		Normal {
		    vector	[ 0 0 -1,
				      0 0 -1,
				      0 0 -1,
				      0 0 -1,
				      0 0 -1,
				      0 0 -1,
				      0 0 1,
				      0 0 1,
				      0 0 1,
				      0 0 1,
				      0 0 1,
				      0 0 1,
				      -1 0 0,
				      -1 0 0,
				      -1 0 0,
				      -1 0 0,
				      -1 0 0,
				      -1 0 0,
				      1 0 0,
				      1 0 0,
				      1 0 0,
				      1 0 0,
				      1 0 0,
				      1 0 0,
				      1 0 0,
				      0.707107 0 0.707107,
				      0.707107 0 0.707107,
				      1 0 0,
				      0.707107 0 0.707107,
				      1 0 0,
				      0.707107 0 0.707107,
				      0 0 1,
				      0 0 1,
				      0.707107 0 0.707107,
				      0 0 1,
				      0.707107 0 0.707107,
				      0 0 1,
				      -0.707107 0 0.707107,
				      -0.707107 0 0.707107,
				      0 0 1,
				      -0.707107 0 0.707107,
				      0 0 1,
				      -0.707107 0 0.707107,
				      -1 0 0,
				      -1 0 0,
				      -0.707107 0 0.707107,
				      -1 0 0,
				      -0.707107 0 0.707107,
				      -1 0 0,
				      -0.707107 0 -0.707107,
				      -0.707107 0 -0.707107,
				      -1 0 0,
				      -0.707107 0 -0.707107,
				      -1 0 0,
				      -0.707107 0 -0.707107,
				      0 0 -1,
				      0 0 -1,
				      -0.707107 0 -0.707107,
				      0 0 -1,
				      -0.707107 0 -0.707107,
				      0 0 -1,
				      0.707107 0 -0.707107,
				      0.707107 0 -0.707107,
				      0 0 -1,
				      0.707107 0 -0.707107,
				      0 0 -1,
				      0.707107 0 -0.707107,
				      1 0 0,
				      1 0 0,
				      0.707107 0 -0.707107,
				      1 0 0,
				      0.707107 0 -0.707107 ]
		}
		IndexedFaceSet {
		    coordIndex	[ 3224, 3225, 3226, -1, 3224, 3226, 3227, -1,
				      3228, 3229, 3230, -1, 3228, 3230, 3231, -1,
				      3232, 3233, 3234, -1, 3232, 3234, 3235, -1,
				      3236, 3237, 3238, -1, 3236, 3238, 3239, -1,
				      3237, 3240, 3241, -1, 3237, 3241, 3238, -1,
				      3240, 3228, 3231, -1, 3240, 3231, 3241, -1,
				      3229, 3242, 3243, -1, 3229, 3243, 3230, -1,
				      3242, 3232, 3235, -1, 3242, 3235, 3243, -1,
				      3233, 3244, 3245, -1, 3233, 3245, 3234, -1,
				      3244, 3224, 3227, -1, 3244, 3227, 3245, -1,
				      3225, 3246, 3247, -1, 3225, 3247, 3226, -1,
				      3246, 3236, 3239, -1, 3246, 3239, 3247, -1 ]
		    normalIndex	[ 0, 1, 2, -1, 3, 4, 5, -1,
				      6, 7, 8, -1, 9, 10, 11, -1,
				      12, 13, 14, -1, 15, 16, 17, -1,
				      18, 19, 20, -1, 21, 22, 23, -1,
				      24, 25, 26, -1, 27, 28, 29, -1,
				      30, 31, 32, -1, 33, 34, 35, -1,
				      36, 37, 38, -1, 39, 40, 41, -1,
				      42, 43, 44, -1, 45, 46, 47, -1,
				      48, 49, 50, -1, 51, 52, 53, -1,
				      54, 55, 56, -1, 57, 58, 59, -1,
				      60, 61, 62, -1, 63, 64, 65, -1,
				      66, 67, 68, -1, 69, 70, 71, -1 ]
		}
	    }
	}
	Separator {
	    Separator {
		Normal {
		    vector	[ -0.988987 0.075313 -0.127404,
				      -0.987506 -0.023927 -0.155754,
				      -0.987506 -0.023927 -0.155754,
				      -0.988987 0.075313 -0.127404,
				      -0.987506 -0.023927 -0.155754,
				      -0.987506 0.103086 -0.119185,
				      -0.987506 -0.023927 -0.155754,
				      -0.987506 -0.027348 -0.15519,
				      -0.987506 -0.027348 -0.15519,
				      -0.987506 -0.023927 -0.155754,
				      -0.987506 -0.027348 -0.15519,
				      -0.987506 -0.023927 -0.155754,
				      -0.987506 -0.027348 -0.15519,
				      -0.987506 -0.032368 -0.154221,
				      -0.987506 -0.032368 -0.154221,
				      -0.987506 -0.027348 -0.15519,
				      -0.987506 -0.032368 -0.154221,
				      -0.987506 -0.027348 -0.15519,
				      -0.987506 -0.032368 -0.154221,
				      -0.987506 -0.038793 -0.152731,
				      -0.987506 -0.038793 -0.152731,
				      -0.987506 -0.032368 -0.154221,
				      -0.987506 -0.038793 -0.152731,
				      -0.987506 -0.032368 -0.154221,
				      -0.987506 -0.038793 -0.152731,
				      -0.987506 -0.047831 -0.150146,
				      -0.987506 -0.047831 -0.150146,
				      -0.987506 -0.038793 -0.152731,
				      -0.987506 -0.047831 -0.150146,
				      -0.987506 -0.038793 -0.152731,
				      -0.987506 -0.047831 -0.150146,
				      -0.987506 -0.061553 -0.145062,
				      -0.987506 -0.061553 -0.145062,
				      -0.987506 -0.047831 -0.150146,
				      -0.987506 -0.061553 -0.145062,
				      -0.987506 -0.047831 -0.150146,
				      -0.987506 -0.061553 -0.145062,
				      -0.987506 -0.082291 -0.134387,
				      -0.987506 -0.082291 -0.134387,
				      -0.987506 -0.061553 -0.145062,
				      -0.987506 -0.082291 -0.134387,
				      -0.987506 -0.061553 -0.145062,
				      -0.987506 -0.082291 -0.134387,
				      -0.987506 -0.106888 -0.115787,
				      -0.987506 -0.106888 -0.115787,
				      -0.987506 -0.082291 -0.134387,
				      -0.987506 -0.106888 -0.115787,
				      -0.987506 -0.082291 -0.134387,
				      -0.987506 -0.106888 -0.115787,
				      -0.987506 -0.126312 -0.094218,
				      -0.987506 -0.126312 -0.094218,
				      -0.987506 -0.106888 -0.115787,
				      -0.987506 -0.126312 -0.094218,
				      -0.987506 -0.106888 -0.115787,
				      -0.987506 -0.126312 -0.094218,
				      -0.987506 -0.136798 -0.078217,
				      -0.987506 -0.136798 -0.078217,
				      -0.987506 -0.126312 -0.094218,
				      -0.987506 -0.136798 -0.078217,
				      -0.987506 -0.126312 -0.094218,
				      -0.987506 -0.136798 -0.078217,
				      -0.989744 -0.135427 0.045449,
				      -0.987506 -0.134624 0.081902,
				      -0.987506 -0.136798 -0.078217,
				      -0.987506 -0.134624 0.081902,
				      -0.987506 -0.136798 -0.078217 ]
		}
		IndexedFaceSet {
		    coordIndex	[ 3248, 3249, 3250, -1, 3248, 3250, 3251, -1,
				      3249, 3268, 3269, -1, 3249, 3269, 3250, -1,
				      3268, 3278, 3279, -1, 3268, 3279, 3269, -1,
				      3278, 3288, 3289, -1, 3278, 3289, 3279, -1,
				      3288, 3298, 3299, -1, 3288, 3299, 3289, -1,
				      3298, 3308, 3309, -1, 3298, 3309, 3299, -1,
				      3308, 3318, 3319, -1, 3308, 3319, 3309, -1,
				      3318, 3328, 3329, -1, 3318, 3329, 3319, -1,
				      3328, 3338, 3339, -1, 3328, 3339, 3329, -1,
				      3338, 3348, 3349, -1, 3338, 3349, 3339, -1,
				      3348, 3358, 3359, -1, 3348, 3359, 3349, -1 ]
		    normalIndex	[ 0, 1, 2, -1, 3, 4, 5, -1,
				      6, 7, 8, -1, 9, 10, 11, -1,
				      12, 13, 14, -1, 15, 16, 17, -1,
				      18, 19, 20, -1, 21, 22, 23, -1,
				      24, 25, 26, -1, 27, 28, 29, -1,
				      30, 31, 32, -1, 33, 34, 35, -1,
				      36, 37, 38, -1, 39, 40, 41, -1,
				      42, 43, 44, -1, 45, 46, 47, -1,
				      48, 49, 50, -1, 51, 52, 53, -1,
				      54, 55, 56, -1, 57, 58, 59, -1,
				      60, 61, 62, -1, 63, 64, 65, -1 ]
		}
	    }
	}
	Separator {
	    Material {
		diffuseColor	0.17726 0.272821 0.8
	    }
	    Separator {
		Normal {
		    vector	[ -0.521417 0.376103 -0.765944,
				      -0.490884 -0.132288 -0.861123,
				      -0.490884 -0.132288 -0.861123,
				      -0.521417 0.376103 -0.765944,
				      -0.490884 -0.132288 -0.861123,
				      -0.515011 0.436195 -0.737901,
				      -0.490884 -0.132288 -0.861123,
				      -0.490884 -0.151202 -0.858004,
				      -0.490884 -0.151202 -0.858004,
				      -0.490884 -0.132288 -0.861123,
				      -0.490884 -0.151202 -0.858004,
				      -0.490884 -0.132288 -0.861123,
				      -0.490884 -0.151202 -0.858004,
				      -0.490884 -0.178952 -0.852648,
				      -0.490884 -0.178952 -0.852648,
				      -0.490884 -0.151202 -0.858004,
				      -0.490884 -0.178952 -0.852648,
				      -0.490884 -0.151202 -0.858004,
				      -0.490884 -0.178952 -0.852648,
				      -0.490884 -0.214477 -0.844413,
				      -0.490884 -0.214477 -0.844413,
				      -0.490884 -0.178952 -0.852648,
				      -0.490884 -0.214477 -0.844413,
				      -0.490884 -0.178952 -0.852648,
				      -0.490884 -0.214477 -0.844413,
				      -0.490884 -0.264447 -0.830121,
				      -0.490884 -0.264447 -0.830121,
				      -0.490884 -0.214477 -0.844413,
				      -0.490884 -0.264447 -0.830121,
				      -0.490884 -0.214477 -0.844413,
				      -0.490884 -0.264447 -0.830121,
				      -0.490884 -0.340309 -0.802012,
				      -0.490884 -0.340309 -0.802012,
				      -0.490884 -0.264447 -0.830121,
				      -0.490884 -0.340309 -0.802012,
				      -0.490884 -0.264447 -0.830121,
				      -0.490884 -0.340309 -0.802012,
				      -0.490884 -0.454968 -0.742992,
				      -0.490884 -0.454968 -0.742992,
				      -0.490884 -0.340309 -0.802012,
				      -0.490884 -0.454968 -0.742992,
				      -0.490884 -0.340309 -0.802012,
				      -0.490884 -0.454968 -0.742992,
				      -0.490884 -0.59096 -0.640156,
				      -0.490884 -0.59096 -0.640156,
				      -0.490884 -0.454968 -0.742992,
				      -0.490884 -0.59096 -0.640156,
				      -0.490884 -0.454968 -0.742992,
				      -0.490884 -0.59096 -0.640156,
				      -0.490884 -0.698345 -0.52091,
				      -0.490884 -0.698345 -0.52091,
				      -0.490884 -0.59096 -0.640156,
				      -0.490884 -0.698345 -0.52091,
				      -0.490884 -0.59096 -0.640156,
				      -0.490884 -0.698345 -0.52091,
				      -0.490884 -0.756325 -0.432442,
				      -0.490884 -0.756325 -0.432442,
				      -0.490884 -0.698345 -0.52091,
				      -0.490884 -0.756325 -0.432442,
				      -0.490884 -0.698345 -0.52091,
				      -0.490884 -0.756325 -0.432442,
				      -0.537583 -0.819129 0.200082,
				      -0.528749 -0.804673 0.270049,
				      -0.490884 -0.756325 -0.432442,
				      -0.528749 -0.804673 0.270049,
				      -0.490884 -0.756325 -0.432442 ]
		}
		IndexedFaceSet {
		    coordIndex	[ 3252, 3253, 3254, -1, 3252, 3254, 3255, -1,
				      3253, 3270, 3271, -1, 3253, 3271, 3254, -1,
				      3270, 3280, 3281, -1, 3270, 3281, 3271, -1,
				      3280, 3290, 3291, -1, 3280, 3291, 3281, -1,
				      3290, 3300, 3301, -1, 3290, 3301, 3291, -1,
				      3300, 3310, 3311, -1, 3300, 3311, 3301, -1,
				      3310, 3320, 3321, -1, 3310, 3321, 3311, -1,
				      3320, 3330, 3331, -1, 3320, 3331, 3321, -1,
				      3330, 3340, 3341, -1, 3330, 3341, 3331, -1,
				      3340, 3350, 3351, -1, 3340, 3351, 3341, -1,
				      3350, 3360, 3361, -1, 3350, 3361, 3351, -1 ]
		    normalIndex	[ 0, 1, 2, -1, 3, 4, 5, -1,
				      6, 7, 8, -1, 9, 10, 11, -1,
				      12, 13, 14, -1, 15, 16, 17, -1,
				      18, 19, 20, -1, 21, 22, 23, -1,
				      24, 25, 26, -1, 27, 28, 29, -1,
				      30, 31, 32, -1, 33, 34, 35, -1,
				      36, 37, 38, -1, 39, 40, 41, -1,
				      42, 43, 44, -1, 45, 46, 47, -1,
				      48, 49, 50, -1, 51, 52, 53, -1,
				      54, 55, 56, -1, 57, 58, 59, -1,
				      60, 61, 62, -1, 63, 64, 65, -1 ]
		}
	    }
	}
	Separator {
	    Separator {
		Normal {
		    vector	[ 0 0.440762 -0.897624,
				      0 -0.151841 -0.988405,
				      0 -0.151841 -0.988405,
				      0 0.440762 -0.897624,
				      0 -0.151841 -0.988405,
				      0 0.440762 -0.897624,
				      0 -0.151841 -0.988405,
				      0 -0.173551 -0.984825,
				      0 -0.173551 -0.984825,
				      0 -0.151841 -0.988405,
				      0 -0.173551 -0.984825,
				      0 -0.151841 -0.988405,
				      0 -0.173551 -0.984825,
				      0 -0.205403 -0.978677,
				      0 -0.205403 -0.978677,
				      0 -0.173551 -0.984825,
				      0 -0.205403 -0.978677,
				      0 -0.173551 -0.984825,
				      0 -0.205403 -0.978677,
				      0 -0.246179 -0.969224,
				      0 -0.246179 -0.969224,
				      0 -0.205403 -0.978677,
				      0 -0.246179 -0.969224,
				      0 -0.205403 -0.978677,
				      0 -0.246179 -0.969224,
				      0 -0.303535 -0.95282,
				      0 -0.303535 -0.95282,
				      0 -0.246179 -0.969224,
				      0 -0.303535 -0.95282,
				      0 -0.246179 -0.969224,
				      0 -0.303535 -0.95282,
				      0 -0.39061 -0.920556,
				      0 -0.39061 -0.920556,
				      0 -0.303535 -0.95282,
				      0 -0.39061 -0.920556,
				      0 -0.303535 -0.95282,
				      0 -0.39061 -0.920556,
				      0 -0.522216 -0.852813,
				      0 -0.522216 -0.852813,
				      0 -0.39061 -0.920556,
				      0 -0.522216 -0.852813,
				      0 -0.39061 -0.920556,
				      0 -0.522216 -0.852813,
				      0 -0.678309 -0.734777,
				      0 -0.678309 -0.734777,
				      0 -0.522216 -0.852813,
				      0 -0.678309 -0.734777,
				      0 -0.522216 -0.852813,
				      0 -0.678309 -0.734777,
				      0 -0.801567 -0.597905,
				      0 -0.801567 -0.597905,
				      0 -0.678309 -0.734777,
				      0 -0.801567 -0.597905,
				      0 -0.678309 -0.734777,
				      0 -0.801567 -0.597905,
				      0 -0.868116 -0.496361,
				      0 -0.868116 -0.496361,
				      0 -0.801567 -0.597905,
				      0 -0.868116 -0.496361,
				      0 -0.801567 -0.597905,
				      0 -0.868116 -0.496361,
				      0 -0.97144 0.237286,
				      0 -0.97144 0.237286,
				      0 -0.868116 -0.496361,
				      0 -0.97144 0.237286,
				      0 -0.868116 -0.496361 ]
		}
		IndexedFaceSet {
		    coordIndex	[ 3256, 3257, 3258, -1, 3256, 3258, 3259, -1,
				      3257, 3272, 3273, -1, 3257, 3273, 3258, -1,
				      3272, 3282, 3283, -1, 3272, 3283, 3273, -1,
				      3282, 3292, 3293, -1, 3282, 3293, 3283, -1,
				      3292, 3302, 3303, -1, 3292, 3303, 3293, -1,
				      3302, 3312, 3313, -1, 3302, 3313, 3303, -1,
				      3312, 3322, 3323, -1, 3312, 3323, 3313, -1,
				      3322, 3332, 3333, -1, 3322, 3333, 3323, -1,
				      3332, 3342, 3343, -1, 3332, 3343, 3333, -1,
				      3342, 3352, 3353, -1, 3342, 3353, 3343, -1,
				      3352, 3362, 3363, -1, 3352, 3363, 3353, -1 ]
		    normalIndex	[ 0, 1, 2, -1, 3, 4, 5, -1,
				      6, 7, 8, -1, 9, 10, 11, -1,
				      12, 13, 14, -1, 15, 16, 17, -1,
				      18, 19, 20, -1, 21, 22, 23, -1,
				      24, 25, 26, -1, 27, 28, 29, -1,
				      30, 31, 32, -1, 33, 34, 35, -1,
				      36, 37, 38, -1, 39, 40, 41, -1,
				      42, 43, 44, -1, 45, 46, 47, -1,
				      48, 49, 50, -1, 51, 52, 53, -1,
				      54, 55, 56, -1, 57, 58, 59, -1,
				      60, 61, 62, -1, 63, 64, 65, -1 ]
		}
	    }
	}
	Separator {
	    Separator {
		Normal {
		    vector	[ 0.51501 0.436196 -0.737901,
				      0.490884 -0.132288 -0.861123,
				      0.490884 -0.132288 -0.861123,
				      0.51501 0.436196 -0.737901,
				      0.490884 -0.132288 -0.861123,
				      0.521417 0.376103 -0.765944,
				      0.987506 0.103085 -0.119185,
				      0.987506 -0.023927 -0.155753,
				      0.987506 -0.023927 -0.155753,
				      0.987506 0.103085 -0.119185,
				      0.987506 -0.023927 -0.155753,
				      0.988987 0.075312 -0.127404,
				      0.490884 -0.132288 -0.861123,
				      0.490884 -0.151202 -0.858004,
				      0.490884 -0.151202 -0.858004,
				      0.490884 -0.132288 -0.861123,
				      0.490884 -0.151202 -0.858004,
				      0.490884 -0.132288 -0.861123,
				      0.987506 -0.023927 -0.155753,
				      0.987506 -0.027348 -0.155189,
				      0.987506 -0.027348 -0.155189,
				      0.987506 -0.023927 -0.155753,
				      0.987506 -0.027348 -0.155189,
				      0.987506 -0.023927 -0.155753,
				      0.490884 -0.151202 -0.858004,
				      0.490884 -0.178952 -0.852648,
				      0.490884 -0.178952 -0.852648,
				      0.490884 -0.151202 -0.858004,
				      0.490884 -0.178952 -0.852648,
				      0.490884 -0.151202 -0.858004,
				      0.987506 -0.027348 -0.155189,
				      0.987506 -0.032368 -0.15422,
				      0.987506 -0.032368 -0.15422,
				      0.987506 -0.027348 -0.155189,
				      0.987506 -0.032368 -0.15422,
				      0.987506 -0.027348 -0.155189,
				      0.490884 -0.178952 -0.852648,
				      0.490884 -0.214477 -0.844413,
				      0.490884 -0.214477 -0.844413,
				      0.490884 -0.178952 -0.852648,
				      0.490884 -0.214477 -0.844413,
				      0.490884 -0.178952 -0.852648,
				      0.987506 -0.032368 -0.15422,
				      0.987506 -0.038793 -0.152731,
				      0.987506 -0.038793 -0.152731,
				      0.987506 -0.032368 -0.15422,
				      0.987506 -0.038793 -0.152731,
				      0.987506 -0.032368 -0.15422,
				      0.490884 -0.214477 -0.844413,
				      0.490884 -0.264447 -0.830121,
				      0.490884 -0.264447 -0.830121,
				      0.490884 -0.214477 -0.844413,
				      0.490884 -0.264447 -0.830121,
				      0.490884 -0.214477 -0.844413,
				      0.987506 -0.038793 -0.152731,
				      0.987506 -0.047831 -0.150146,
				      0.987506 -0.047831 -0.150146,
				      0.987506 -0.038793 -0.152731,
				      0.987506 -0.047831 -0.150146,
				      0.987506 -0.038793 -0.152731,
				      0.490884 -0.264447 -0.830121,
				      0.490884 -0.340309 -0.802012,
				      0.490884 -0.340309 -0.802012,
				      0.490884 -0.264447 -0.830121,
				      0.490884 -0.340309 -0.802012,
				      0.490884 -0.264447 -0.830121,
				      0.987506 -0.047831 -0.150146,
				      0.987506 -0.061553 -0.145062,
				      0.987506 -0.061553 -0.145062,
				      0.987506 -0.047831 -0.150146,
				      0.987506 -0.061553 -0.145062,
				      0.987506 -0.047831 -0.150146,
				      0.490884 -0.340309 -0.802012,
				      0.490884 -0.454968 -0.742992,
				      0.490884 -0.454968 -0.742992,
				      0.490884 -0.340309 -0.802012,
				      0.490884 -0.454968 -0.742992,
				      0.490884 -0.340309 -0.802012,
				      0.987506 -0.061553 -0.145062,
				      0.987506 -0.082291 -0.134387,
				      0.987506 -0.082291 -0.134387,
				      0.987506 -0.061553 -0.145062,
				      0.987506 -0.082291 -0.134387,
				      0.987506 -0.061553 -0.145062,
				      0.490884 -0.454968 -0.742992,
				      0.490884 -0.59096 -0.640156,
				      0.490884 -0.59096 -0.640156,
				      0.490884 -0.454968 -0.742992,
				      0.490884 -0.59096 -0.640156,
				      0.490884 -0.454968 -0.742992,
				      0.987506 -0.082291 -0.134387,
				      0.987506 -0.106888 -0.115786,
				      0.987506 -0.106888 -0.115786,
				      0.987506 -0.082291 -0.134387,
				      0.987506 -0.106888 -0.115786,
				      0.987506 -0.082291 -0.134387,
				      0.490884 -0.59096 -0.640156,
				      0.490884 -0.698345 -0.52091,
				      0.490884 -0.698345 -0.52091,
				      0.490884 -0.59096 -0.640156,
				      0.490884 -0.698345 -0.52091,
				      0.490884 -0.59096 -0.640156,
				      0.987506 -0.106888 -0.115786,
				      0.987506 -0.126311 -0.094218,
				      0.987506 -0.126311 -0.094218,
				      0.987506 -0.106888 -0.115786,
				      0.987506 -0.126311 -0.094218,
				      0.987506 -0.106888 -0.115786,
				      0.490884 -0.698345 -0.52091,
				      0.490884 -0.756325 -0.432442,
				      0.490884 -0.756325 -0.432442,
				      0.490884 -0.698345 -0.52091,
				      0.490884 -0.756325 -0.432442,
				      0.490884 -0.698345 -0.52091,
				      0.987506 -0.126311 -0.094218,
				      0.987506 -0.136798 -0.078217,
				      0.987506 -0.136798 -0.078217,
				      0.987506 -0.126311 -0.094218,
				      0.987506 -0.136798 -0.078217,
				      0.987506 -0.126311 -0.094218,
				      0.490884 -0.756325 -0.432442,
				      0.528748 -0.804673 0.27005,
				      0.537583 -0.819129 0.200082,
				      0.490884 -0.756325 -0.432442,
				      0.537583 -0.819129 0.200082,
				      0.490884 -0.756325 -0.432442,
				      0.490884 -0.756325 -0.432442,
				      0.987506 -0.134624 0.081902,
				      0.989744 -0.135427 0.045449,
				      0.490884 -0.756325 -0.432442,
				      0.989744 -0.135427 0.045449,
				      0.987506 -0.136798 -0.078217,
				      0.490884 -0.756325 -0.432442,
				      0.987506 -0.136798 -0.078217,
				      0.987506 -0.134624 0.081902,
				      0.490884 -0.756325 -0.432442,
				      0.987506 -0.134624 0.081902,
				      0.987506 -0.136798 -0.078217 ]
		}
		IndexedFaceSet {
		    coordIndex	[ 3260, 3261, 3262, -1, 3260, 3262, 3263, -1,
				      3264, 3265, 3266, -1, 3264, 3266, 3267, -1,
				      3261, 3274, 3275, -1, 3261, 3275, 3262, -1,
				      3265, 3276, 3277, -1, 3265, 3277, 3266, -1,
				      3274, 3284, 3285, -1, 3274, 3285, 3275, -1,
				      3276, 3286, 3287, -1, 3276, 3287, 3277, -1,
				      3284, 3294, 3295, -1, 3284, 3295, 3285, -1,
				      3286, 3296, 3297, -1, 3286, 3297, 3287, -1,
				      3294, 3304, 3305, -1, 3294, 3305, 3295, -1,
				      3296, 3306, 3307, -1, 3296, 3307, 3297, -1,
				      3304, 3314, 3315, -1, 3304, 3315, 3305, -1,
				      3306, 3316, 3317, -1, 3306, 3317, 3307, -1,
				      3314, 3324, 3325, -1, 3314, 3325, 3315, -1,
				      3316, 3326, 3327, -1, 3316, 3327, 3317, -1,
				      3324, 3334, 3335, -1, 3324, 3335, 3325, -1,
				      3326, 3336, 3337, -1, 3326, 3337, 3327, -1,
				      3334, 3344, 3345, -1, 3334, 3345, 3335, -1,
				      3336, 3346, 3347, -1, 3336, 3347, 3337, -1,
				      3344, 3354, 3355, -1, 3344, 3355, 3345, -1,
				      3346, 3356, 3357, -1, 3346, 3357, 3347, -1,
				      3354, 3364, 3365, -1, 3354, 3365, 3355, -1,
				      3354, 3366, 3367, -1, 3354, 3367, 3357, -1,
				      3354, 3356, 3366, -1, 3354, 3366, 3357, -1 ]
		    normalIndex	[ 0, 1, 2, -1, 3, 4, 5, -1,
				      6, 7, 8, -1, 9, 10, 11, -1,
				      12, 13, 14, -1, 15, 16, 17, -1,
				      18, 19, 20, -1, 21, 22, 23, -1,
				      24, 25, 26, -1, 27, 28, 29, -1,
				      30, 31, 32, -1, 33, 34, 35, -1,
				      36, 37, 38, -1, 39, 40, 41, -1,
				      42, 43, 44, -1, 45, 46, 47, -1,
				      48, 49, 50, -1, 51, 52, 53, -1,
				      54, 55, 56, -1, 57, 58, 59, -1,
				      60, 61, 62, -1, 63, 64, 65, -1,
				      66, 67, 68, -1, 69, 70, 71, -1,
				      72, 73, 74, -1, 75, 76, 77, -1,
				      78, 79, 80, -1, 81, 82, 83, -1,
				      84, 85, 86, -1, 87, 88, 89, -1,
				      90, 91, 92, -1, 93, 94, 95, -1,
				      96, 97, 98, -1, 99, 100, 101, -1,
				      102, 103, 104, -1, 105, 106, 107, -1,
				      108, 109, 110, -1, 111, 112, 113, -1,
				      114, 115, 116, -1, 117, 118, 119, -1,
				      120, 121, 122, -1, 123, 124, 125, -1,
				      126, 127, 128, -1, 129, 130, 131, -1,
				      132, 133, 134, -1, 135, 136, 137, -1 ]
		}
	    }
	}
	Separator {
	    Separator {
		Normal {
		    vector	[ 1 0 0,
				      1 0 0,
				      1 0 0,
				      1 0 0,
				      1 0 0,
				      1 0 0,
				      1 0 0,
				      1 0 0,
				      1 0 0,
				      1 0 0,
				      1 0 0,
				      1 0 0,
				      1 0 0,
				      1 0 0,
				      1 0 0,
				      1 0 0,
				      1 0 0,
				      1 0 0,
				      1 0 0,
				      1 0 0,
				      1 0 0,
				      1 0 0,
				      1 0 0,
				      1 0 0,
				      1 0 0,
				      1 0 0,
				      1 0 0,
				      1 0 0,
				      1 0 0,
				      1 0 0,
				      1 0 0,
				      1 0 0,
				      1 0 0,
				      1 0 0,
				      1 0 0,
				      1 0 0,
				      1 0 0,
				      1 0 0,
				      1 0 0,
				      1 0 0,
				      1 0 0,
				      1 0 0,
				      1 0 0,
				      1 0 0,
				      1 0 0,
				      1 0 0,
				      1 0 0,
				      1 0 0,
				      1 0 0,
				      1 0 0,
				      1 0 0,
				      1 0 0,
				      1 0 0,
				      1 0 0,
				      1 0 0,
				      1 0 0,
				      1 0 0,
				      1 0 0,
				      1 0 0,
				      1 0 0,
				      1 0 0,
				      1 0 0,
				      1 0 0,
				      1 0 0,
				      1 0 0,
				      1 0 0 ]
		}
		IndexedFaceSet {
		    coordIndex	[ 3368, 3369, 3370, -1, 3368, 3370, 3371, -1,
				      3369, 3372, 3373, -1, 3369, 3373, 3370, -1,
				      3372, 3374, 3375, -1, 3372, 3375, 3373, -1,
				      3374, 3376, 3377, -1, 3374, 3377, 3375, -1,
				      3376, 3378, 3379, -1, 3376, 3379, 3377, -1,
				      3378, 3380, 3381, -1, 3378, 3381, 3379, -1,
				      3378, 3382, 3383, -1, 3378, 3383, 3381, -1,
				      3378, 3380, 3382, -1, 3378, 3382, 3381, -1,
				      3383, 3382, 3384, -1, 3383, 3384, 3385, -1,
				      3385, 3384, 3386, -1, 3385, 3386, 3387, -1,
				      3385, 3386, 3388, -1, 3385, 3388, 3387, -1 ]
		    normalIndex	[ 0, 1, 2, -1, 3, 4, 5, -1,
				      6, 7, 8, -1, 9, 10, 11, -1,
				      12, 13, 14, -1, 15, 16, 17, -1,
				      18, 19, 20, -1, 21, 22, 23, -1,
				      24, 25, 26, -1, 27, 28, 29, -1,
				      30, 31, 32, -1, 33, 34, 35, -1,
				      36, 37, 38, -1, 39, 40, 41, -1,
				      42, 43, 44, -1, 45, 46, 47, -1,
				      48, 49, 50, -1, 51, 52, 53, -1,
				      54, 55, 56, -1, 57, 58, 59, -1,
				      60, 61, 62, -1, 63, 64, 65, -1 ]
		}
	    }
	}
	Separator {
	    Material {
		diffuseColor	0.134211 0.412705 0.8
	    }
	    Separator {
		Normal {
		    vector	[ -1 0 0,
				      -1 0 0,
				      -1 0 0,
				      -1 0 0,
				      -1 0 0,
				      -1 0 0,
				      -1 0 0,
				      -1 0 0,
				      -1 0 0,
				      -1 0 0,
				      -1 0 0,
				      -1 0 0,
				      -1 0 0,
				      -1 0 0,
				      -1 0 0,
				      -1 0 0,
				      -1 0 0,
				      -1 0 0,
				      -1 0 0,
				      -1 0 0,
				      -1 0 0,
				      -1 0 0,
				      -1 0 0,
				      -1 0 0,
				      -1 0 0,
				      -1 0 0,
				      -1 0 0,
				      -1 0 0,
				      -1 0 0,
				      -1 0 0,
				      -1 0 0,
				      -1 0 0,
				      -1 0 0,
				      -1 0 0,
				      -1 0 0,
				      -1 0 0,
				      -1 0 0,
				      -1 0 0,
				      -1 0 0,
				      -1 0 0,
				      -1 0 0,
				      -1 0 0,
				      -1 0 0,
				      -1 0 0,
				      -1 0 0,
				      -1 0 0,
				      -1 0 0,
				      -1 0 0,
				      -1 0 0,
				      -1 0 0,
				      -1 0 0,
				      -1 0 0,
				      -1 0 0,
				      -1 0 0,
				      -1 0 0,
				      -1 0 0,
				      -1 0 0,
				      -1 0 0,
				      -1 0 0,
				      -1 0 0,
				      -1 0 0,
				      -1 0 0,
				      -1 0 0,
				      -1 0 0,
				      -1 0 0,
				      -1 0 0 ]
		}
		IndexedFaceSet {
		    coordIndex	[ 3389, 3390, 3391, -1, 3389, 3391, 3392, -1,
				      3390, 3393, 3394, -1, 3390, 3394, 3391, -1,
				      3393, 3395, 3396, -1, 3393, 3396, 3394, -1,
				      3395, 3397, 3398, -1, 3395, 3398, 3396, -1,
				      3397, 3399, 3400, -1, 3397, 3400, 3398, -1,
				      3399, 3401, 3402, -1, 3399, 3402, 3400, -1,
				      3403, 3404, 3405, -1, 3403, 3405, 3402, -1,
				      3403, 3401, 3403, -1, 3403, 3403, 3402, -1,
				      3404, 3406, 3407, -1, 3404, 3407, 3405, -1,
				      3406, 3408, 3409, -1, 3406, 3409, 3407, -1,
				      3406, 3408, 3410, -1, 3406, 3410, 3409, -1 ]
		    normalIndex	[ 0, 1, 2, -1, 3, 4, 5, -1,
				      6, 7, 8, -1, 9, 10, 11, -1,
				      12, 13, 14, -1, 15, 16, 17, -1,
				      18, 19, 20, -1, 21, 22, 23, -1,
				      24, 25, 26, -1, 27, 28, 29, -1,
				      30, 31, 32, -1, 33, 34, 35, -1,
				      36, 37, 38, -1, 39, 40, 41, -1,
				      42, 43, 44, -1, 45, 46, 47, -1,
				      48, 49, 50, -1, 51, 52, 53, -1,
				      54, 55, 56, -1, 57, 58, 59, -1,
				      60, 61, 62, -1, 63, 64, 65, -1 ]
		}
	    }
	}
	Separator {
	    Material {
		diffuseColor	0.8 0.204798 0.763394
	    }
	    Separator {
		Normal {
		    vector	[ 0 0 -1,
				      0 0 -1,
				      0 0 -1,
				      0 0 -1,
				      0 0 -1,
				      0 0 -1,
				      0 0 1,
				      0 0 1,
				      0 0 1,
				      0 0 1,
				      0 0 1,
				      0 0 1,
				      -1 0 0,
				      -1 0 0,
				      -1 0 0,
				      -1 0 0,
				      -1 0 0,
				      -1 0 0,
				      1 0 0,
				      1 0 0,
				      1 0 0,
				      1 0 0,
				      1 0 0,
				      1 0 0,
				      1 0 0,
				      0.707107 0 0.707107,
				      0.707107 0 0.707107,
				      1 0 0,
				      0.707107 0 0.707107,
				      1 0 0,
				      0.707107 0 0.707107,
				      0 0 1,
				      0 0 1,
				      0.707107 0 0.707107,
				      0 0 1,
				      0.707107 0 0.707107,
				      0 0 1,
				      -0.707107 0 0.707107,
				      -0.707107 0 0.707107,
				      0 0 1,
				      -0.707107 0 0.707107,
				      0 0 1,
				      -0.707107 0 0.707107,
				      -1 0 0,
				      -1 0 0,
				      -0.707107 0 0.707107,
				      -1 0 0,
				      -0.707107 0 0.707107,
				      -1 0 0,
				      -0.707107 0 -0.707107,
				      -0.707107 0 -0.707107,
				      -1 0 0,
				      -0.707107 0 -0.707107,
				      -1 0 0,
				      -0.707107 0 -0.707107,
				      0 0 -1,
				      0 0 -1,
				      -0.707107 0 -0.707107,
				      0 0 -1,
				      -0.707107 0 -0.707107,
				      0 0 -1,
				      0.707107 0 -0.707107,
				      0.707107 0 -0.707107,
				      0 0 -1,
				      0.707107 0 -0.707107,
				      0 0 -1,
				      0.707107 0 -0.707107,
				      1 0 0,
				      1 0 0,
				      0.707107 0 -0.707107,
				      1 0 0,
				      0.707107 0 -0.707107 ]
		}
		IndexedFaceSet {
		    coordIndex	[ 3411, 3412, 3413, -1, 3411, 3413, 3414, -1,
				      3415, 3416, 3417, -1, 3415, 3417, 3418, -1,
				      3419, 3420, 3421, -1, 3419, 3421, 3422, -1,
				      3423, 3424, 3425, -1, 3423, 3425, 3426, -1,
				      3424, 3427, 3428, -1, 3424, 3428, 3425, -1,
				      3427, 3415, 3418, -1, 3427, 3418, 3428, -1,
				      3416, 3429, 3430, -1, 3416, 3430, 3417, -1,
				      3429, 3419, 3422, -1, 3429, 3422, 3430, -1,
				      3420, 3431, 3432, -1, 3420, 3432, 3421, -1,
				      3431, 3411, 3414, -1, 3431, 3414, 3432, -1,
				      3412, 3433, 3434, -1, 3412, 3434, 3413, -1,
				      3433, 3423, 3426, -1, 3433, 3426, 3434, -1 ]
		    normalIndex	[ 0, 1, 2, -1, 3, 4, 5, -1,
				      6, 7, 8, -1, 9, 10, 11, -1,
				      12, 13, 14, -1, 15, 16, 17, -1,
				      18, 19, 20, -1, 21, 22, 23, -1,
				      24, 25, 26, -1, 27, 28, 29, -1,
				      30, 31, 32, -1, 33, 34, 35, -1,
				      36, 37, 38, -1, 39, 40, 41, -1,
				      42, 43, 44, -1, 45, 46, 47, -1,
				      48, 49, 50, -1, 51, 52, 53, -1,
				      54, 55, 56, -1, 57, 58, 59, -1,
				      60, 61, 62, -1, 63, 64, 65, -1,
				      66, 67, 68, -1, 69, 70, 71, -1 ]
		}
	    }
	}
	Separator {
	    Separator {
		Normal {
		    vector	[ 0.988987 0.075313 0.127404,
				      0.987506 -0.023927 0.155754,
				      0.987506 -0.023927 0.155754,
				      0.988987 0.075313 0.127404,
				      0.987506 -0.023927 0.155754,
				      0.987506 0.103086 0.119185,
				      0.987506 -0.023927 0.155754,
				      0.987506 -0.027348 0.155189,
				      0.987506 -0.027348 0.155189,
				      0.987506 -0.023927 0.155754,
				      0.987506 -0.027348 0.155189,
				      0.987506 -0.023927 0.155754,
				      0.987506 -0.027348 0.155189,
				      0.987506 -0.032368 0.154221,
				      0.987506 -0.032368 0.154221,
				      0.987506 -0.027348 0.155189,
				      0.987506 -0.032368 0.154221,
				      0.987506 -0.027348 0.155189,
				      0.987506 -0.032368 0.154221,
				      0.987506 -0.038793 0.152731,
				      0.987506 -0.038793 0.152731,
				      0.987506 -0.032368 0.154221,
				      0.987506 -0.038793 0.152731,
				      0.987506 -0.032368 0.154221,
				      0.987506 -0.038793 0.152731,
				      0.987506 -0.047831 0.150146,
				      0.987506 -0.047831 0.150146,
				      0.987506 -0.038793 0.152731,
				      0.987506 -0.047831 0.150146,
				      0.987506 -0.038793 0.152731,
				      0.987506 -0.047831 0.150146,
				      0.987506 -0.061553 0.145062,
				      0.987506 -0.061553 0.145062,
				      0.987506 -0.047831 0.150146,
				      0.987506 -0.061553 0.145062,
				      0.987506 -0.047831 0.150146,
				      0.987506 -0.061553 0.145062,
				      0.987506 -0.082291 0.134387,
				      0.987506 -0.082291 0.134387,
				      0.987506 -0.061553 0.145062,
				      0.987506 -0.082291 0.134387,
				      0.987506 -0.061553 0.145062,
				      0.987506 -0.082291 0.134387,
				      0.987506 -0.106888 0.115787,
				      0.987506 -0.106888 0.115787,
				      0.987506 -0.082291 0.134387,
				      0.987506 -0.106888 0.115787,
				      0.987506 -0.082291 0.134387,
				      0.987506 -0.106888 0.115787,
				      0.987506 -0.126312 0.094218,
				      0.987506 -0.126312 0.094218,
				      0.987506 -0.106888 0.115787,
				      0.987506 -0.126312 0.094218,
				      0.987506 -0.106888 0.115787,
				      0.987506 -0.126312 0.094218,
				      0.987506 -0.136798 0.078217,
				      0.987506 -0.136798 0.078217,
				      0.987506 -0.126312 0.094218,
				      0.987506 -0.136798 0.078217,
				      0.987506 -0.126312 0.094218,
				      0.987506 -0.136798 0.078217,
				      0.989744 -0.135427 -0.04545,
				      0.987506 -0.134624 -0.081902,
				      0.987506 -0.136798 0.078217,
				      0.987506 -0.134624 -0.081902,
				      0.987506 -0.136798 0.078217 ]
		}
		IndexedFaceSet {
		    coordIndex	[ 3435, 3436, 3437, -1, 3435, 3437, 3438, -1,
				      3436, 3455, 3456, -1, 3436, 3456, 3437, -1,
				      3455, 3465, 3466, -1, 3455, 3466, 3456, -1,
				      3465, 3475, 3476, -1, 3465, 3476, 3466, -1,
				      3475, 3485, 3486, -1, 3475, 3486, 3476, -1,
				      3485, 3495, 3496, -1, 3485, 3496, 3486, -1,
				      3495, 3505, 3506, -1, 3495, 3506, 3496, -1,
				      3505, 3515, 3516, -1, 3505, 3516, 3506, -1,
				      3515, 3525, 3526, -1, 3515, 3526, 3516, -1,
				      3525, 3535, 3536, -1, 3525, 3536, 3526, -1,
				      3535, 3545, 3546, -1, 3535, 3546, 3536, -1 ]
		    normalIndex	[ 0, 1, 2, -1, 3, 4, 5, -1,
				      6, 7, 8, -1, 9, 10, 11, -1,
				      12, 13, 14, -1, 15, 16, 17, -1,
				      18, 19, 20, -1, 21, 22, 23, -1,
				      24, 25, 26, -1, 27, 28, 29, -1,
				      30, 31, 32, -1, 33, 34, 35, -1,
				      36, 37, 38, -1, 39, 40, 41, -1,
				      42, 43, 44, -1, 45, 46, 47, -1,
				      48, 49, 50, -1, 51, 52, 53, -1,
				      54, 55, 56, -1, 57, 58, 59, -1,
				      60, 61, 62, -1, 63, 64, 65, -1 ]
		}
	    }
	}
	Separator {
	    Separator {
		Normal {
		    vector	[ 0.521417 0.376103 0.765944,
				      0.490884 -0.132288 0.861123,
				      0.490884 -0.132288 0.861123,
				      0.521417 0.376103 0.765944,
				      0.490884 -0.132288 0.861123,
				      0.515011 0.436195 0.737901,
				      0.490884 -0.132288 0.861123,
				      0.490884 -0.151202 0.858004,
				      0.490884 -0.151202 0.858004,
				      0.490884 -0.132288 0.861123,
				      0.490884 -0.151202 0.858004,
				      0.490884 -0.132288 0.861123,
				      0.490884 -0.151202 0.858004,
				      0.490884 -0.178952 0.852648,
				      0.490884 -0.178952 0.852648,
				      0.490884 -0.151202 0.858004,
				      0.490884 -0.178952 0.852648,
				      0.490884 -0.151202 0.858004,
				      0.490884 -0.178952 0.852648,
				      0.490884 -0.214477 0.844413,
				      0.490884 -0.214477 0.844413,
				      0.490884 -0.178952 0.852648,
				      0.490884 -0.214477 0.844413,
				      0.490884 -0.178952 0.852648,
				      0.490884 -0.214477 0.844413,
				      0.490884 -0.264447 0.830121,
				      0.490884 -0.264447 0.830121,
				      0.490884 -0.214477 0.844413,
				      0.490884 -0.264447 0.830121,
				      0.490884 -0.214477 0.844413,
				      0.490884 -0.264447 0.830121,
				      0.490884 -0.340309 0.802012,
				      0.490884 -0.340309 0.802012,
				      0.490884 -0.264447 0.830121,
				      0.490884 -0.340309 0.802012,
				      0.490884 -0.264447 0.830121,
				      0.490884 -0.340309 0.802012,
				      0.490884 -0.454968 0.742992,
				      0.490884 -0.454968 0.742992,
				      0.490884 -0.340309 0.802012,
				      0.490884 -0.454968 0.742992,
				      0.490884 -0.340309 0.802012,
				      0.490884 -0.454968 0.742992,
				      0.490884 -0.59096 0.640156,
				      0.490884 -0.59096 0.640156,
				      0.490884 -0.454968 0.742992,
				      0.490884 -0.59096 0.640156,
				      0.490884 -0.454968 0.742992,
				      0.490884 -0.59096 0.640156,
				      0.490884 -0.698345 0.52091,
				      0.490884 -0.698345 0.52091,
				      0.490884 -0.59096 0.640156,
				      0.490884 -0.698345 0.52091,
				      0.490884 -0.59096 0.640156,
				      0.490884 -0.698345 0.52091,
				      0.490884 -0.756325 0.432442,
				      0.490884 -0.756325 0.432442,
				      0.490884 -0.698345 0.52091,
				      0.490884 -0.756325 0.432442,
				      0.490884 -0.698345 0.52091,
				      0.490884 -0.756325 0.432442,
				      0.537583 -0.819129 -0.200082,
				      0.528748 -0.804673 -0.27005,
				      0.490884 -0.756325 0.432442,
				      0.528748 -0.804673 -0.27005,
				      0.490884 -0.756325 0.432442 ]
		}
		IndexedFaceSet {
		    coordIndex	[ 3439, 3440, 3441, -1, 3439, 3441, 3442, -1,
				      3440, 3457, 3458, -1, 3440, 3458, 3441, -1,
				      3457, 3467, 3468, -1, 3457, 3468, 3458, -1,
				      3467, 3477, 3478, -1, 3467, 3478, 3468, -1,
				      3477, 3487, 3488, -1, 3477, 3488, 3478, -1,
				      3487, 3497, 3498, -1, 3487, 3498, 3488, -1,
				      3497, 3507, 3508, -1, 3497, 3508, 3498, -1,
				      3507, 3517, 3518, -1, 3507, 3518, 3508, -1,
				      3517, 3527, 3528, -1, 3517, 3528, 3518, -1,
				      3527, 3537, 3538, -1, 3527, 3538, 3528, -1,
				      3537, 3547, 3548, -1, 3537, 3548, 3538, -1 ]
		    normalIndex	[ 0, 1, 2, -1, 3, 4, 5, -1,
				      6, 7, 8, -1, 9, 10, 11, -1,
				      12, 13, 14, -1, 15, 16, 17, -1,
				      18, 19, 20, -1, 21, 22, 23, -1,
				      24, 25, 26, -1, 27, 28, 29, -1,
				      30, 31, 32, -1, 33, 34, 35, -1,
				      36, 37, 38, -1, 39, 40, 41, -1,
				      42, 43, 44, -1, 45, 46, 47, -1,
				      48, 49, 50, -1, 51, 52, 53, -1,
				      54, 55, 56, -1, 57, 58, 59, -1,
				      60, 61, 62, -1, 63, 64, 65, -1 ]
		}
	    }
	}
	Separator {
	    Separator {
		Normal {
		    vector	[ 0 0.440762 0.897624,
				      0 -0.151841 0.988405,
				      0 -0.151841 0.988405,
				      0 0.440762 0.897624,
				      0 -0.151841 0.988405,
				      0 0.440762 0.897624,
				      0 -0.151841 0.988405,
				      0 -0.173551 0.984825,
				      0 -0.173551 0.984825,
				      0 -0.151841 0.988405,
				      0 -0.173551 0.984825,
				      0 -0.151841 0.988405,
				      0 -0.173551 0.984825,
				      0 -0.205403 0.978677,
				      0 -0.205403 0.978677,
				      0 -0.173551 0.984825,
				      0 -0.205403 0.978677,
				      0 -0.173551 0.984825,
				      0 -0.205403 0.978677,
				      0 -0.246179 0.969224,
				      0 -0.246179 0.969224,
				      0 -0.205403 0.978677,
				      0 -0.246179 0.969224,
				      0 -0.205403 0.978677,
				      0 -0.246179 0.969224,
				      0 -0.303535 0.95282,
				      0 -0.303535 0.95282,
				      0 -0.246179 0.969224,
				      0 -0.303535 0.95282,
				      0 -0.246179 0.969224,
				      0 -0.303535 0.95282,
				      0 -0.39061 0.920556,
				      0 -0.39061 0.920556,
				      0 -0.303535 0.95282,
				      0 -0.39061 0.920556,
				      0 -0.303535 0.95282,
				      0 -0.39061 0.920556,
				      0 -0.522216 0.852813,
				      0 -0.522216 0.852813,
				      0 -0.39061 0.920556,
				      0 -0.522216 0.852813,
				      0 -0.39061 0.920556,
				      0 -0.522216 0.852813,
				      0 -0.678309 0.734777,
				      0 -0.678309 0.734777,
				      0 -0.522216 0.852813,
				      0 -0.678309 0.734777,
				      0 -0.522216 0.852813,
				      0 -0.678309 0.734777,
				      0 -0.801567 0.597905,
				      0 -0.801567 0.597905,
				      0 -0.678309 0.734777,
				      0 -0.801567 0.597905,
				      0 -0.678309 0.734777,
				      0 -0.801567 0.597905,
				      0 -0.868116 0.496361,
				      0 -0.868116 0.496361,
				      0 -0.801567 0.597905,
				      0 -0.868116 0.496361,
				      0 -0.801567 0.597905,
				      0 -0.868116 0.496361,
				      0 -0.97144 -0.237286,
				      0 -0.97144 -0.237286,
				      0 -0.868116 0.496361,
				      0 -0.97144 -0.237286,
				      0 -0.868116 0.496361 ]
		}
		IndexedFaceSet {
		    coordIndex	[ 3443, 3444, 3445, -1, 3443, 3445, 3446, -1,
				      3444, 3459, 3460, -1, 3444, 3460, 3445, -1,
				      3459, 3469, 3470, -1, 3459, 3470, 3460, -1,
				      3469, 3479, 3480, -1, 3469, 3480, 3470, -1,
				      3479, 3489, 3490, -1, 3479, 3490, 3480, -1,
				      3489, 3499, 3500, -1, 3489, 3500, 3490, -1,
				      3499, 3509, 3510, -1, 3499, 3510, 3500, -1,
				      3509, 3519, 3520, -1, 3509, 3520, 3510, -1,
				      3519, 3529, 3530, -1, 3519, 3530, 3520, -1,
				      3529, 3539, 3540, -1, 3529, 3540, 3530, -1,
				      3539, 3549, 3550, -1, 3539, 3550, 3540, -1 ]
		    normalIndex	[ 0, 1, 2, -1, 3, 4, 5, -1,
				      6, 7, 8, -1, 9, 10, 11, -1,
				      12, 13, 14, -1, 15, 16, 17, -1,
				      18, 19, 20, -1, 21, 22, 23, -1,
				      24, 25, 26, -1, 27, 28, 29, -1,
				      30, 31, 32, -1, 33, 34, 35, -1,
				      36, 37, 38, -1, 39, 40, 41, -1,
				      42, 43, 44, -1, 45, 46, 47, -1,
				      48, 49, 50, -1, 51, 52, 53, -1,
				      54, 55, 56, -1, 57, 58, 59, -1,
				      60, 61, 62, -1, 63, 64, 65, -1 ]
		}
	    }
	}
	Separator {
	    Separator {
		Normal {
		    vector	[ -0.51501 0.436196 0.737901,
				      -0.490884 -0.132288 0.861123,
				      -0.490884 -0.132288 0.861123,
				      -0.51501 0.436196 0.737901,
				      -0.490884 -0.132288 0.861123,
				      -0.521417 0.376103 0.765944,
				      -0.987506 0.103085 0.119185,
				      -0.987506 -0.023927 0.155753,
				      -0.987506 -0.023927 0.155753,
				      -0.987506 0.103085 0.119185,
				      -0.987506 -0.023927 0.155753,
				      -0.988987 0.075312 0.127404,
				      -0.490884 -0.132288 0.861123,
				      -0.490884 -0.151202 0.858004,
				      -0.490884 -0.151202 0.858004,
				      -0.490884 -0.132288 0.861123,
				      -0.490884 -0.151202 0.858004,
				      -0.490884 -0.132288 0.861123,
				      -0.987506 -0.023927 0.155753,
				      -0.987506 -0.027348 0.155189,
				      -0.987506 -0.027348 0.155189,
				      -0.987506 -0.023927 0.155753,
				      -0.987506 -0.027348 0.155189,
				      -0.987506 -0.023927 0.155753,
				      -0.490884 -0.151202 0.858004,
				      -0.490884 -0.178952 0.852648,
				      -0.490884 -0.178952 0.852648,
				      -0.490884 -0.151202 0.858004,
				      -0.490884 -0.178952 0.852648,
				      -0.490884 -0.151202 0.858004,
				      -0.987506 -0.027348 0.155189,
				      -0.987506 -0.032368 0.15422,
				      -0.987506 -0.032368 0.15422,
				      -0.987506 -0.027348 0.155189,
				      -0.987506 -0.032368 0.15422,
				      -0.987506 -0.027348 0.155189,
				      -0.490884 -0.178952 0.852648,
				      -0.490884 -0.214477 0.844413,
				      -0.490884 -0.214477 0.844413,
				      -0.490884 -0.178952 0.852648,
				      -0.490884 -0.214477 0.844413,
				      -0.490884 -0.178952 0.852648,
				      -0.987506 -0.032368 0.15422,
				      -0.987506 -0.038793 0.152731,
				      -0.987506 -0.038793 0.152731,
				      -0.987506 -0.032368 0.15422,
				      -0.987506 -0.038793 0.152731,
				      -0.987506 -0.032368 0.15422,
				      -0.490884 -0.214477 0.844413,
				      -0.490884 -0.264447 0.830121,
				      -0.490884 -0.264447 0.830121,
				      -0.490884 -0.214477 0.844413,
				      -0.490884 -0.264447 0.830121,
				      -0.490884 -0.214477 0.844413,
				      -0.987506 -0.038793 0.152731,
				      -0.987506 -0.047831 0.150146,
				      -0.987506 -0.047831 0.150146,
				      -0.987506 -0.038793 0.152731,
				      -0.987506 -0.047831 0.150146,
				      -0.987506 -0.038793 0.152731,
				      -0.490884 -0.264447 0.830121,
				      -0.490884 -0.340309 0.802012,
				      -0.490884 -0.340309 0.802012,
				      -0.490884 -0.264447 0.830121,
				      -0.490884 -0.340309 0.802012,
				      -0.490884 -0.264447 0.830121,
				      -0.987506 -0.047831 0.150146,
				      -0.987506 -0.061553 0.145062,
				      -0.987506 -0.061553 0.145062,
				      -0.987506 -0.047831 0.150146,
				      -0.987506 -0.061553 0.145062,
				      -0.987506 -0.047831 0.150146,
				      -0.490884 -0.340309 0.802012,
				      -0.490884 -0.454968 0.742992,
				      -0.490884 -0.454968 0.742992,
				      -0.490884 -0.340309 0.802012,
				      -0.490884 -0.454968 0.742992,
				      -0.490884 -0.340309 0.802012,
				      -0.987506 -0.061553 0.145062,
				      -0.987506 -0.082291 0.134387,
				      -0.987506 -0.082291 0.134387,
				      -0.987506 -0.061553 0.145062,
				      -0.987506 -0.082291 0.134387,
				      -0.987506 -0.061553 0.145062,
				      -0.490884 -0.454968 0.742992,
				      -0.490884 -0.59096 0.640156,
				      -0.490884 -0.59096 0.640156,
				      -0.490884 -0.454968 0.742992,
				      -0.490884 -0.59096 0.640156,
				      -0.490884 -0.454968 0.742992,
				      -0.987506 -0.082291 0.134387,
				      -0.987506 -0.106888 0.115786,
				      -0.987506 -0.106888 0.115787,
				      -0.987506 -0.082291 0.134387,
				      -0.987506 -0.106888 0.115787,
				      -0.987506 -0.082291 0.134387,
				      -0.490884 -0.59096 0.640156,
				      -0.490884 -0.698345 0.52091,
				      -0.490884 -0.698345 0.52091,
				      -0.490884 -0.59096 0.640156,
				      -0.490884 -0.698345 0.52091,
				      -0.490884 -0.59096 0.640156,
				      -0.987506 -0.106888 0.115786,
				      -0.987506 -0.126311 0.094218,
				      -0.987506 -0.126311 0.094218,
				      -0.987506 -0.106888 0.115786,
				      -0.987506 -0.126311 0.094218,
				      -0.987506 -0.106888 0.115787,
				      -0.490884 -0.698345 0.52091,
				      -0.490884 -0.756325 0.432442,
				      -0.490884 -0.756325 0.432442,
				      -0.490884 -0.698345 0.52091,
				      -0.490884 -0.756325 0.432442,
				      -0.490884 -0.698345 0.52091,
				      -0.987506 -0.126311 0.094218,
				      -0.987506 -0.136798 0.078217,
				      -0.987506 -0.136798 0.078217,
				      -0.987506 -0.126311 0.094218,
				      -0.987506 -0.136798 0.078217,
				      -0.987506 -0.126311 0.094218,
				      -0.490884 -0.756325 0.432442,
				      -0.528748 -0.804673 -0.27005,
				      -0.537583 -0.819129 -0.200082,
				      -0.490884 -0.756325 0.432442,
				      -0.537583 -0.819129 -0.200082,
				      -0.490884 -0.756325 0.432442,
				      -0.490884 -0.756325 0.432442,
				      -0.987506 -0.134624 -0.081902,
				      -0.989744 -0.135427 -0.045449,
				      -0.490884 -0.756325 0.432442,
				      -0.989744 -0.135427 -0.045449,
				      -0.987506 -0.136798 0.078217,
				      -0.490884 -0.756325 0.432442,
				      -0.987506 -0.136798 0.078217,
				      -0.987506 -0.134624 -0.081902,
				      -0.490884 -0.756325 0.432442,
				      -0.987506 -0.134624 -0.081902,
				      -0.987506 -0.136798 0.078217 ]
		}
		IndexedFaceSet {
		    coordIndex	[ 3447, 3448, 3449, -1, 3447, 3449, 3450, -1,
				      3451, 3452, 3453, -1, 3451, 3453, 3454, -1,
				      3448, 3461, 3462, -1, 3448, 3462, 3449, -1,
				      3452, 3463, 3464, -1, 3452, 3464, 3453, -1,
				      3461, 3471, 3472, -1, 3461, 3472, 3462, -1,
				      3463, 3473, 3474, -1, 3463, 3474, 3464, -1,
				      3471, 3481, 3482, -1, 3471, 3482, 3472, -1,
				      3473, 3483, 3484, -1, 3473, 3484, 3474, -1,
				      3481, 3491, 3492, -1, 3481, 3492, 3482, -1,
				      3483, 3493, 3494, -1, 3483, 3494, 3484, -1,
				      3491, 3501, 3502, -1, 3491, 3502, 3492, -1,
				      3493, 3503, 3504, -1, 3493, 3504, 3494, -1,
				      3501, 3511, 3512, -1, 3501, 3512, 3502, -1,
				      3503, 3513, 3514, -1, 3503, 3514, 3504, -1,
				      3511, 3521, 3522, -1, 3511, 3522, 3512, -1,
				      3513, 3523, 3524, -1, 3513, 3524, 3514, -1,
				      3521, 3531, 3532, -1, 3521, 3532, 3522, -1,
				      3523, 3533, 3534, -1, 3523, 3534, 3524, -1,
				      3531, 3541, 3542, -1, 3531, 3542, 3532, -1,
				      3533, 3543, 3544, -1, 3533, 3544, 3534, -1,
				      3541, 3551, 3552, -1, 3541, 3552, 3542, -1,
				      3541, 3553, 3554, -1, 3541, 3554, 3544, -1,
				      3541, 3543, 3553, -1, 3541, 3553, 3544, -1 ]
		    normalIndex	[ 0, 1, 2, -1, 3, 4, 5, -1,
				      6, 7, 8, -1, 9, 10, 11, -1,
				      12, 13, 14, -1, 15, 16, 17, -1,
				      18, 19, 20, -1, 21, 22, 23, -1,
				      24, 25, 26, -1, 27, 28, 29, -1,
				      30, 31, 32, -1, 33, 34, 35, -1,
				      36, 37, 38, -1, 39, 40, 41, -1,
				      42, 43, 44, -1, 45, 46, 47, -1,
				      48, 49, 50, -1, 51, 52, 53, -1,
				      54, 55, 56, -1, 57, 58, 59, -1,
				      60, 61, 62, -1, 63, 64, 65, -1,
				      66, 67, 68, -1, 69, 70, 71, -1,
				      72, 73, 74, -1, 75, 76, 77, -1,
				      78, 79, 80, -1, 81, 82, 83, -1,
				      84, 85, 86, -1, 87, 88, 89, -1,
				      90, 91, 92, -1, 93, 94, 95, -1,
				      96, 97, 98, -1, 99, 100, 101, -1,
				      102, 103, 104, -1, 105, 106, 107, -1,
				      108, 109, 110, -1, 111, 112, 113, -1,
				      114, 115, 116, -1, 117, 118, 119, -1,
				      120, 121, 122, -1, 123, 124, 125, -1,
				      126, 127, 128, -1, 129, 130, 131, -1,
				      132, 133, 134, -1, 135, 136, 137, -1 ]
		}
	    }
	}
	Separator {
	    Material {
		diffuseColor	0.8 0.108548 0.635712
	    }
	    Separator {
		Normal {
		    vector	[ -1 0 0,
				      -1 0 0,
				      -1 0 0,
				      -1 0 0,
				      -1 0 0,
				      -1 0 0,
				      -1 0 0,
				      -1 0 0,
				      -1 0 0,
				      -1 0 0,
				      -1 0 0,
				      -1 0 0,
				      -1 0 0,
				      -1 0 0,
				      -1 0 0,
				      -1 0 0,
				      -1 0 0,
				      -1 0 0,
				      -1 0 0,
				      -1 0 0,
				      -1 0 0,
				      -1 0 0,
				      -1 0 0,
				      -1 0 0,
				      -1 0 0,
				      -1 0 0,
				      -1 0 0,
				      -1 0 0,
				      -1 0 0,
				      -1 0 0,
				      -1 0 0,
				      -1 0 0,
				      -1 0 0,
				      -1 0 0,
				      -1 0 0,
				      -1 0 0,
				      -1 0 0,
				      -1 0 0,
				      -1 0 0,
				      -1 0 0,
				      -1 0 0,
				      -1 0 0,
				      -1 0 0,
				      -1 0 0,
				      -1 0 0,
				      -1 0 0,
				      -1 0 0,
				      -1 0 0,
				      -1 0 0,
				      -1 0 0,
				      -1 0 0,
				      -1 0 0,
				      -1 0 0,
				      -1 0 0,
				      -1 0 0,
				      -1 0 0,
				      -1 0 0,
				      -1 0 0,
				      -1 0 0,
				      -1 0 0,
				      -1 0 0,
				      -1 0 0,
				      -1 0 0,
				      -1 0 0,
				      -1 0 0,
				      -1 0 0 ]
		}
		IndexedFaceSet {
		    coordIndex	[ 3555, 3556, 3557, -1, 3555, 3557, 3558, -1,
				      3556, 3559, 3560, -1, 3556, 3560, 3557, -1,
				      3559, 3561, 3562, -1, 3559, 3562, 3560, -1,
				      3561, 3563, 3564, -1, 3561, 3564, 3562, -1,
				      3563, 3565, 3566, -1, 3563, 3566, 3564, -1,
				      3565, 3567, 3568, -1, 3565, 3568, 3566, -1,
				      3565, 3569, 3570, -1, 3565, 3570, 3568, -1,
				      3565, 3567, 3569, -1, 3565, 3569, 3568, -1,
				      3570, 3569, 3571, -1, 3570, 3571, 3572, -1,
				      3572, 3571, 3573, -1, 3572, 3573, 3574, -1,
				      3572, 3573, 3575, -1, 3572, 3575, 3574, -1 ]
		    normalIndex	[ 0, 1, 2, -1, 3, 4, 5, -1,
				      6, 7, 8, -1, 9, 10, 11, -1,
				      12, 13, 14, -1, 15, 16, 17, -1,
				      18, 19, 20, -1, 21, 22, 23, -1,
				      24, 25, 26, -1, 27, 28, 29, -1,
				      30, 31, 32, -1, 33, 34, 35, -1,
				      36, 37, 38, -1, 39, 40, 41, -1,
				      42, 43, 44, -1, 45, 46, 47, -1,
				      48, 49, 50, -1, 51, 52, 53, -1,
				      54, 55, 56, -1, 57, 58, 59, -1,
				      60, 61, 62, -1, 63, 64, 65, -1 ]
		}
	    }
	}
	Separator {
	    Separator {
		Normal {
		    vector	[ 1 0 0,
				      1 0 0,
				      1 0 0,
				      1 0 0,
				      1 0 0,
				      1 0 0,
				      1 0 0,
				      1 0 0,
				      1 0 0,
				      1 0 0,
				      1 0 0,
				      1 0 0,
				      1 0 0,
				      1 0 0,
				      1 0 0,
				      1 0 0,
				      1 0 0,
				      1 0 0,
				      1 0 0,
				      1 0 0,
				      1 0 0,
				      1 0 0,
				      1 0 0,
				      1 0 0,
				      1 0 0,
				      1 0 0,
				      1 0 0,
				      1 0 0,
				      1 0 0,
				      1 0 0,
				      1 0 0,
				      1 0 0,
				      1 0 0,
				      1 0 0,
				      1 0 0,
				      1 0 0,
				      1 0 0,
				      1 0 0,
				      1 0 0,
				      1 0 0,
				      1 0 0,
				      1 0 0,
				      1 0 0,
				      1 0 0,
				      1 0 0,
				      1 0 0,
				      1 0 0,
				      1 0 0,
				      1 0 0,
				      1 0 0,
				      1 0 0,
				      1 0 0,
				      1 0 0,
				      1 0 0,
				      1 0 0,
				      1 0 0,
				      1 0 0,
				      1 0 0,
				      1 0 0,
				      1 0 0 ]
		}
		IndexedFaceSet {
		    coordIndex	[ 3576, 3577, 3578, -1, 3576, 3578, 3579, -1,
				      3577, 3580, 3581, -1, 3577, 3581, 3578, -1,
				      3580, 3582, 3583, -1, 3580, 3583, 3581, -1,
				      3582, 3584, 3585, -1, 3582, 3585, 3583, -1,
				      3584, 3586, 3587, -1, 3584, 3587, 3585, -1,
				      3586, 3588, 3589, -1, 3586, 3589, 3587, -1,
				      3590, 3591, 3592, -1, 3590, 3592, 3589, -1,
				      3590, 3588, 3590, -1, 3590, 3590, 3589, -1,
				      3591, 3593, 3594, -1, 3591, 3594, 3592, -1,
				      3593, 3595, 3596, -1, 3593, 3596, 3594, -1 ]
		    normalIndex	[ 0, 1, 2, -1, 3, 4, 5, -1,
				      6, 7, 8, -1, 9, 10, 11, -1,
				      12, 13, 14, -1, 15, 16, 17, -1,
				      18, 19, 20, -1, 21, 22, 23, -1,
				      24, 25, 26, -1, 27, 28, 29, -1,
				      30, 31, 32, -1, 33, 34, 35, -1,
				      36, 37, 38, -1, 39, 40, 41, -1,
				      42, 43, 44, -1, 45, 46, 47, -1,
				      48, 49, 50, -1, 51, 52, 53, -1,
				      54, 55, 56, -1, 57, 58, 59, -1 ]
		}
	    }
	}
    }
}
