#VRML V1.0 ascii

Separator {
    Separator {
	Material {
	    ambientColor	0.25 0 0
	    diffuseColor	1.0 0 0
	}
	Separator {
	    Coordinate3 {
		point	[ 0.520912 22.7523 1.06911,
				  0.456432 23.0113 0.981855,
				  0.456103 23.0956 1.16526,
				  0.520531 22.8367 1.25244,
				  0.286895 23.2797 1.10325,
				  -0.358395 23.0113 0.981855,
				  -0.422874 22.7523 1.06911,
				  -0.422493 22.8367 1.25244,
				  -0.358066 23.0956 1.16526,
				  -0.358066 22.5779 1.33962,
				  0.455774 23.1798 1.34867,
				  0.52015 22.9212 1.43578,
				  0.286703 23.3638 1.2867,
				  0.049019 23.4339 1.26311,
				  -0.188858 23.2797 1.10325,
				  -0.357737 23.1798 1.34867,
				  -0.188665 23.3638 1.2867,
				  -0.422112 22.9212 1.43578,
				  -0.357737 22.6625 1.52289,
				  -0.188858 22.3937 1.40164,
				  -0.188665 22.4786 1.58485,
				  0.049019 22.3236 1.42525,
				  0.049019 22.4085 1.60845,
				  0.286895 22.3937 1.40164,
				  0.286703 22.4786 1.58485,
				  0.456103 22.5779 1.33963,
				  0.455774 22.6625 1.52289,
				  0.455445 23.2641 1.53207,
				  0.519768 23.0057 1.61911,
				  0.286511 23.4479 1.47016,
				  0.049019 23.5179 1.44658,
				  -0.188473 23.4479 1.47016,
				  -0.357407 23.2641 1.53207,
				  -0.421731 23.0057 1.61911,
				  -0.357407 22.7472 1.70615,
				  -0.188473 22.5634 1.76807,
				  0.049019 22.4934 1.79164,
				  0.286511 22.5634 1.76807,
				  0.455445 22.7472 1.70615,
				  0.455116 23.3484 1.71548,
				  0.519387 23.0901 1.80245,
				  0.286318 23.532 1.65361,
				  0.049019 23.602 1.63006,
				  -0.188281 23.532 1.65361,
				  -0.357078 23.3484 1.71548,
				  -0.421349 23.0901 1.80245,
				  -0.357078 22.8319 1.88942,
				  -0.188281 22.6482 1.95128,
				  0.049019 22.5783 1.97484,
				  0.286318 22.6482 1.95128,
				  0.455116 22.8319 1.88942,
				  0.445564 23.4267 1.90086,
				  0.508324 23.1746 1.98578,
				  0.280737 23.6061 1.84045,
				  0.049019 23.6744 1.81745,
				  -0.182699 23.6061 1.84045,
				  -0.347526 23.4267 1.90086,
				  -0.410286 23.1746 1.98578,
				  -0.347526 22.9224 2.07071,
				  -0.182699 22.7431 2.13112,
				  0.049019 22.6748 2.15412,
				  0.280737 22.7431 2.13112,
				  0.445564 22.9224 2.07071,
				  0.44006 23.4461 1.95154,
				  0.501948 23.1974 2.03529,
				  0.277521 23.6229 1.89197,
				  0.049019 23.6903 1.86929,
				  -0.179483 23.6229 1.89197,
				  -0.342022 23.4461 1.95154,
				  -0.40391 23.1974 2.03529,
				  -0.342022 22.9487 2.11904,
				  -0.179483 22.7719 2.17861,
				  0.049019 22.7045 2.20129,
				  0.27752 22.7719 2.17861,
				  0.44006 22.9487 2.11904,
				  0.434557 23.4654 2.00223,
				  0.495574 23.2202 2.08479,
				  0.274305 23.6397 1.9435,
				  0.049019 23.7061 1.92113,
				  -0.176267 23.6397 1.9435,
				  -0.336519 23.4654 2.00223,
				  -0.397536 23.2202 2.08479,
				  -0.336519 22.975 2.16736,
				  -0.176267 22.8007 2.22609,
				  0.049019 22.7343 2.24846,
				  0.274305 22.8007 2.22609,
				  0.434557 22.975 2.16736,
				  0.403564 23.4685 2.05837,
				  0.459676 23.243 2.1343,
				  0.256194 23.6288 2.00436,
				  0.049019 23.6899 1.9838,
				  -0.158156 23.6288 2.00436,
				  -0.305526 23.4685 2.05837,
				  -0.361638 23.243 2.1343,
				  -0.305526 23.0176 2.21023,
				  -0.158156 22.8572 2.26424,
				  0.049019 22.7961 2.28481,
				  0.256194 22.8572 2.26424,
				  0.403564 23.0176 2.21023,
				  0.357327 23.4619 2.11778,
				  0.406122 23.2658 2.18381,
				  0.229177 23.6013 2.07081,
				  0.049019 23.6544 2.05293,
				  -0.131138 23.6013 2.07081,
				  -0.259289 23.4619 2.11778,
				  -0.308084 23.2658 2.18381,
				  -0.259289 23.0698 2.24984,
				  -0.131139 22.9303 2.2968,
				  0.049019 22.8772 2.31469,
				  0.229176 22.9303 2.2968,
				  0.357327 23.0698 2.24984,
				  0.311089 23.4553 2.17719,
				  0.352566 23.2886 2.23331,
				  0.202158 23.5738 2.13726,
				  0.049019 23.6189 2.12206,
				  -0.10412 23.5738 2.13726,
				  -0.213051 23.4553 2.17719,
				  -0.254528 23.2886 2.23331,
				  -0.213051 23.122 2.28944,
				  -0.10412 23.0034 2.32936,
				  0.049019 22.9583 2.34456,
				  0.202158 23.0034 2.32936,
				  0.311089 23.122 2.28944,
				  0.053096 23.314 2.28195,
				  0.053742 23.3114 2.28282,
				  0.051402 23.3159 2.28133,
				  0.049019 23.3166 2.28109,
				  0.046636 23.3159 2.28133,
				  0.044942 23.314 2.28195,
				  0.044296 23.3114 2.28282,
				  0.044942 23.3088 2.28369,
				  0.046636 23.307 2.28432,
				  0.049019 23.3063 2.28455,
				  0.051402 23.307 2.28432,
				  0.053096 23.3088 2.28369,
				  0.461292 22.985 0.973299,
				  0.456454 23.0059 0.970087,
				  0.520139 22.7198 0.989142,
				  0.521074 22.7163 0.990981,
				  0.42039 23.0611 0.991726,
				  -0.358416 23.0058 0.969897,
				  -0.322352 23.0611 0.991726,
				  -0.423035 22.7166 0.991771,
				  -0.422102 22.7198 0.989142,
				  -0.363254 22.985 0.973299,
				  -0.404681 22.6696 1.07333,
				  -0.391637 22.6263 1.11035,
				  -0.371559 22.5554 1.1583,
				  0.489675 22.6263 1.11035,
				  0.456413 22.4983 1.16737,
				  0.363253 23.125 0.974556,
				  0.391371 23.0959 0.988125,
				  0.350892 23.1372 0.967335,
				  0.411972 23.0717 0.991825,
				  0.30988 23.1769 0.9415,
				  0.287083 23.1977 0.924432,
				  0.249611 23.2115 0.926629,
				  0.158027 23.2748 0.996797,
				  0.241712 23.2143 0.926905,
				  0.049019 23.3536 1.08784,
				  0.087959 23.3254 1.05532,
				  -0.189047 23.1971 0.923076,
				  -0.146527 23.2133 0.926924,
				  -0.143605 23.2144 0.926963,
				  0.010079 23.3254 1.05532,
				  -0.293333 23.0959 0.988125,
				  -0.252854 23.1372 0.967335,
				  -0.214692 23.1728 0.94024,
				  -0.358364 22.5012 1.17364,
				  -0.252202 22.3966 1.23609,
				  -0.280389 22.4257 1.22247,
				  -0.30984 22.4546 1.20474,
				  -0.18902 22.3221 1.24699,
				  0.049019 22.2564 1.28027,
				  -0.134159 22.3074 1.25564,
				  0.287059 22.3215 1.24572,
				  0.35024 22.3966 1.23609,
				  0.407878 22.4546 1.20474,
				  1.29774 21.6589 0.024075,
				  1.25309 21.6589 -0.308794,
				  1.25039 21.9241 -0.309176,
				  1.29494 21.9241 0.024075,
				  1.12712 21.6589 -0.60804,
				  1.1247 21.9241 -0.608764,
				  0.931765 21.6589 -0.861667,
				  0.929786 21.9241 -0.862682,
				  0.678995 21.6589 -1.05768,
				  0.677583 21.9241 -1.05892,
				  0.380762 21.6589 -1.18408,
				  0.380018 21.9241 -1.18547,
				  0.049018 21.6589 -1.22888,
				  0.049019 21.9241 -1.23032,
				  -0.282725 21.6589 -1.18408,
				  -0.281981 21.9241 -1.18547,
				  -0.580959 21.6589 -1.05768,
				  -0.579546 21.9241 -1.05892,
				  -0.833728 21.6589 -0.861666,
				  -0.831749 21.9241 -0.862682,
				  -1.02908 21.6589 -0.60804,
				  -1.02666 21.9241 -0.608764,
				  -1.15506 21.6589 -0.308794,
				  -1.15236 21.9241 -0.309176,
				  -1.1997 21.6589 0.024075,
				  -1.19691 21.9241 0.024075,
				  -1.15506 21.6589 0.356944,
				  -1.15236 21.9241 0.357325,
				  -1.02908 21.6589 0.656189,
				  -1.02666 21.9241 0.656914,
				  -0.833728 21.6589 0.909816,
				  -0.831749 21.9241 0.910832,
				  -0.580959 21.6589 1.10583,
				  -0.579546 21.9241 1.10707,
				  -0.282725 21.6589 1.23223,
				  -0.281981 21.9241 1.23362,
				  0.049019 21.6589 1.27703,
				  0.049019 21.9241 1.27847,
				  0.380762 21.6589 1.23223,
				  0.380018 21.9241 1.23362,
				  0.678995 21.6589 1.10583,
				  0.677583 21.9241 1.10707,
				  0.931765 21.6589 0.909816,
				  0.929786 21.9241 0.910832,
				  1.12712 21.6589 0.656189,
				  1.1247 21.9241 0.656914,
				  1.25309 21.6589 0.356944,
				  1.25039 21.9241 0.357325,
				  1.24769 22.1893 -0.309558,
				  1.29214 22.1893 0.024075,
				  1.12228 22.1893 -0.60949,
				  0.927807 22.1893 -0.863698,
				  0.676171 22.1893 -1.06016,
				  0.379275 22.1893 -1.18685,
				  0.049019 22.1893 -1.23176,
				  -0.281237 22.1893 -1.18685,
				  -0.578134 22.1893 -1.06016,
				  -0.82977 22.1893 -0.863698,
				  -1.02425 22.1893 -0.609489,
				  -1.14966 22.1893 -0.309557,
				  -1.19411 22.1893 0.024075,
				  -1.14966 22.1893 0.357707,
				  -1.02424 22.1893 0.657639,
				  -0.82977 22.1893 0.911848,
				  -0.578134 22.1893 1.10831,
				  -0.281237 22.1893 1.23501,
				  0.049019 22.1893 1.27991,
				  0.379275 22.1893 1.23501,
				  0.676171 22.1893 1.10831,
				  0.927807 22.1893 0.911847,
				  1.12228 22.1893 0.657639,
				  1.24769 22.1893 0.357707,
				  1.11283 22.4546 -0.309939,
				  1.15228 22.4546 0.024075,
				  1.00153 22.4546 -0.610214,
				  0.828934 22.4546 -0.864714,
				  0.605609 22.4546 -1.0614,
				  0.342117 22.4546 -1.18824,
				  0.049019 22.4546 -1.23319,
				  -0.24408 22.4546 -1.18824,
				  -0.507572 22.4546 -1.0614,
				  -0.730896 22.4546 -0.864714,
				  -0.903491 22.4546 -0.610214,
				  -1.01479 22.4546 -0.309939,
				  -1.05424 22.4546 0.024075,
				  -1.01479 22.4546 0.358089,
				  -0.90349 22.4546 0.658364,
				  -0.730896 22.4546 0.912863,
				  -0.507572 22.4546 1.10955,
				  0.60561 22.4546 1.10955,
				  0.828934 22.4546 0.912863,
				  1.00153 22.4546 0.658364,
				  1.11283 22.4546 0.358089,
				  0.770605 22.7198 -0.310321,
				  0.797362 22.7198 0.024075,
				  0.695108 22.7198 -0.610939,
				  0.578037 22.7198 -0.86573,
				  0.426556 22.7198 -1.06264,
				  -0.328519 22.7198 -1.06264,
				  -0.48 22.7198 -0.86573,
				  -0.597071 22.7198 -0.610939,
				  -0.672567 22.7198 -0.310321,
				  -0.699325 22.7198 0.024075,
				  -0.672567 22.7198 0.358471,
				  -0.597071 22.7198 0.659089,
				  -0.48 22.7198 0.913879,
				  0.578038 22.7198 0.913879,
				  0.695108 22.7198 0.659089,
				  0.770605 22.7198 0.358471,
				  0.721765 22.985 -0.292501,
				  0.746711 22.985 0.024075,
				  0.651378 22.985 -0.577099,
				  -0.553341 22.985 -0.577099,
				  -0.623727 22.985 -0.292501,
				  -0.648674 22.985 0.024075,
				  -0.623727 22.985 0.34065,
				  -0.553341 22.985 0.625248,
				  -0.444194 22.985 0.866461,
				  0.651379 22.985 0.625248,
				  0.542231 22.985 0.866461,
				  0.721765 22.985 0.34065,
				  0.70775 23.0611 -0.284486,
				  0.732177 23.0611 0.024075,
				  0.63883 23.0611 -0.561879,
				  -0.609712 23.0611 -0.284486,
				  -0.540792 23.0611 -0.561879,
				  -0.634139 23.0611 0.024075,
				  -0.609712 23.0611 0.332636,
				  -0.540792 23.0611 0.610029,
				  -0.433919 23.0611 0.845135,
				  0.63883 23.0611 0.610029,
				  0.531956 23.0611 0.845135,
				  0.70775 23.0611 0.332636,
				  0.698137 23.1372 -0.258427,
				  0.722207 23.1372 0.024075,
				  0.630222 23.1372 -0.512394,
				  -0.600099 23.1372 -0.258427,
				  -0.532185 23.1372 -0.512393,
				  -0.624169 23.1372 0.024075,
				  -0.600099 23.1372 0.306577,
				  -0.532185 23.1372 0.560543,
				  -0.426871 23.1372 0.775793,
				  -0.290603 23.1372 0.942148,
				  0.630222 23.1372 0.560543,
				  0.524909 23.1372 0.775793,
				  0.698137 23.1372 0.306577,
				  0.691492 23.2133 -0.227745,
				  0.715316 23.2133 0.024075,
				  0.624273 23.2133 -0.454127,
				  -0.593454 23.2133 -0.227745,
				  -0.526235 23.2133 -0.454127,
				  -0.617278 23.2133 0.024075,
				  -0.593454 23.2133 0.275894,
				  -0.526235 23.2133 0.502277,
				  -0.421999 23.2133 0.694149,
				  -0.287126 23.2133 0.842435,
				  0.38864 23.1372 0.942148,
				  0.520037 23.2133 0.694149,
				  0.385164 23.2133 0.842435,
				  0.624273 23.2133 0.502277,
				  0.691492 23.2133 0.275894,
				  0.636317 23.2895 -0.194679,
				  0.658095 23.2895 0.024075,
				  0.574871 23.2895 -0.391337,
				  -0.538279 23.2895 -0.194679,
				  -0.476833 23.2895 -0.391337,
				  -0.560057 23.2895 0.024075,
				  -0.538279 23.2895 0.242829,
				  -0.476833 23.2895 0.439487,
				  0.574871 23.2895 0.439486,
				  0.636317 23.2895 0.242829,
				  -0.429049 23.3656 0.024075,
				  -0.411956 23.3656 0.187577,
				  -0.363726 23.3656 0.334564,
				  0.509993 23.3656 0.187577,
				  0.527087 23.3656 0.024075,
				  0.293043 22.6862 -1.17342,
				  0.260774 22.6834 -1.18944,
				  0.312212 22.6859 -1.15996,
				  0.358441 22.7198 -1.11104,
				  0.122934 22.6529 -1.22293,
				  0.049019 22.6331 -1.23416,
				  -0.112713 22.6703 -1.19775,
				  -0.162737 22.6834 -1.18944,
				  -0.214182 22.6824 -1.15312,
				  -0.260404 22.7198 -1.11104,
				  0.548353 22.9744 -0.810007,
				  0.544978 22.9646 -0.821949,
				  0.552087 22.985 -0.796531,
				  0.499698 22.8102 -0.936501,
				  0.505161 22.8289 -0.922949,
				  0.444848 22.7819 -1.0175,
				  0.421713 22.77 -1.05167,
				  -0.323676 22.77 -1.05167,
				  -0.346433 22.7815 -1.01766,
				  -0.401663 22.8097 -0.935682,
				  -0.446941 22.9646 -0.821949,
				  -0.45405 22.985 -0.79653,
				  0.571251 23.0376 -0.723766,
				  0.566067 23.0611 -0.721947,
				  -0.473213 23.0377 -0.724029,
				  -0.46803 23.0611 -0.721947,
				  0.550159 23.1204 -0.690902,
				  0.545914 23.1372 -0.684712,
				  -0.4625 23.0832 -0.71421,
				  -0.447876 23.1372 -0.684711,
				  0.525696 23.2094 -0.639138,
				  0.524684 23.2133 -0.637445,
				  -0.444438 23.1507 -0.679288,
				  -0.426647 23.2133 -0.637445,
				  0.517847 23.2319 -0.610434,
				  -0.425103 23.2177 -0.631584,
				  -0.41967 23.2325 -0.610227,
				  -0.402524 23.25 -0.603639,
				  0.499955 23.3027 -0.583828,
				  0.570901 23.123 -0.889417,
				  0.499591 23.4053 -0.783378,
				  0.499591 22.8406 -0.995455,
				  0.499227 22.9437 -1.19483,
				  0.570479 23.2258 -1.08888,
				  0.312094 22.743 -1.2702,
				  -0.401554 22.8406 -0.995455,
				  -0.472864 23.123 -0.889416,
				  -0.472442 23.2258 -1.08888,
				  -0.40119 22.9437 -1.19483,
				  -0.401554 23.4053 -0.783378,
				  -0.40119 23.5079 -0.982928,
				  -0.214057 23.7086 -0.907561,
				  0.499227 23.508 -0.982928,
				  0.498863 23.0468 -1.39421,
				  0.570058 23.3287 -1.28835,
				  0.311881 22.8462 -1.46952,
				  0.049018 22.6666 -1.2989,
				  0.049018 22.7699 -1.49819,
				  -0.214057 22.743 -1.2702,
				  -0.213844 22.8462 -1.46952,
				  -0.400826 23.0468 -1.39421,
				  -0.472021 23.3287 -1.28835,
				  -0.400826 23.6106 -1.18248,
				  -0.213844 23.8111 -1.10717,
				  0.049019 23.8874 -1.0785,
				  0.312094 23.7086 -0.907561,
				  0.498863 23.6106 -1.18248,
				  0.311882 23.8111 -1.10717,
				  0.498499 23.1498 -1.59359,
				  0.569636 23.4315 -1.48781,
				  0.311669 22.9495 -1.66884,
				  0.049019 22.8732 -1.69749,
				  -0.213632 22.9495 -1.66884,
				  -0.400462 23.1498 -1.59359,
				  -0.471599 23.4315 -1.48781,
				  -0.400462 23.7132 -1.38203,
				  -0.213631 23.9135 -1.30678,
				  0.049019 23.9898 -1.27813,
				  0.311669 23.9135 -1.30678,
				  0.498499 23.7132 -1.38203,
				  0.498135 23.2529 -1.79297,
				  0.569215 23.5343 -1.68728,
				  0.311456 23.0527 -1.86815,
				  0.049019 22.9764 -1.89678,
				  -0.213419 23.0527 -1.86815,
				  -0.400098 23.2529 -1.79297,
				  -0.471177 23.5343 -1.68727,
				  -0.400097 23.8158 -1.58158,
				  -0.213419 24.016 -1.50639,
				  0.049019 24.0922 -1.47777,
				  0.311456 24.016 -1.50639,
				  0.498135 23.8158 -1.58158,
				  0.487571 23.3623 -1.98995,
				  0.556979 23.6371 -1.88674,
				  0.305283 23.1668 -2.06336,
				  0.049019 23.0924 -2.09132,
				  -0.207246 23.1668 -2.06336,
				  -0.389534 23.3623 -1.98995,
				  -0.458942 23.6371 -1.88674,
				  -0.389534 23.912 -1.78353,
				  -0.207246 24.1075 -1.71011,
				  0.049019 24.1819 -1.68216,
				  0.305283 24.1075 -1.71011,
				  0.487571 23.912 -1.78353,
				  0.481484 23.3939 -2.04238,
				  0.549928 23.6649 -1.9406,
				  0.301726 23.2011 -2.11477,
				  0.049019 23.1277 -2.14234,
				  -0.203689 23.2011 -2.11477,
				  -0.383447 23.3939 -2.04238,
				  -0.451891 23.6649 -1.9406,
				  -0.383446 23.9359 -1.83882,
				  -0.203689 24.1287 -1.76643,
				  0.049019 24.2021 -1.73886,
				  0.301726 24.1287 -1.76643,
				  0.481484 23.9359 -1.83882,
				  0.475398 23.4255 -2.09481,
				  0.542879 23.6927 -1.99446,
				  0.29817 23.2354 -2.16618,
				  0.049019 23.1631 -2.19336,
				  -0.200133 23.2354 -2.16618,
				  -0.37736 23.4255 -2.09481,
				  -0.444841 23.6927 -1.99446,
				  -0.37736 23.9599 -1.89412,
				  -0.200132 24.1499 -1.82274,
				  0.049019 24.2223 -1.79556,
				  0.29817 24.1499 -1.82274,
				  0.475398 23.9599 -1.89412,
				  0.441121 23.4747 -2.1406,
				  0.503178 23.7204 -2.04832,
				  0.278141 23.3 -2.20624,
				  0.049019 23.2334 -2.23124,
				  -0.180103 23.3 -2.20624,
				  -0.343084 23.4747 -2.1406,
				  -0.40514 23.7204 -2.04832,
				  -0.343084 23.9662 -1.95605,
				  -0.180103 24.1409 -1.89041,
				  0.049019 24.2075 -1.86541,
				  0.278141 24.1409 -1.89041,
				  0.441122 23.9662 -1.95605,
				  0.389987 23.5345 -2.18243,
				  0.443951 23.7482 -2.10219,
				  0.248261 23.3826 -2.23951,
				  0.049019 23.3247 -2.26124,
				  -0.150224 23.3826 -2.23951,
				  -0.29195 23.5345 -2.18243,
				  -0.345913 23.7482 -2.10219,
				  -0.29195 23.9619 -2.02194,
				  -0.150223 24.1139 -1.96486,
				  0.049019 24.1718 -1.94313,
				  0.248261 24.1139 -1.96486,
				  0.389987 23.9619 -2.02194,
				  0.338851 23.5944 -2.22426,
				  0.384721 23.776 -2.15605,
				  0.21838 23.4652 -2.27278,
				  0.049019 23.416 -2.29125,
				  -0.120342 23.4652 -2.27278,
				  -0.240813 23.5944 -2.22426,
				  -0.286684 23.776 -2.15605,
				  -0.240813 23.9576 -2.08784,
				  -0.120342 24.0868 -2.03932,
				  0.049019 24.136 -2.02084,
				  0.21838 24.0868 -2.03932,
				  0.338851 23.9576 -2.08784,
				  0.053528 23.8009 -2.21097,
				  0.054242 23.8038 -2.20991,
				  0.051654 23.7989 -2.21172,
				  0.049019 23.7982 -2.21201,
				  0.046384 23.7989 -2.21172,
				  0.044509 23.8009 -2.21097,
				  0.043796 23.8038 -2.20991,
				  0.044509 23.8066 -2.20885,
				  0.046384 23.8086 -2.20809,
				  0.049019 23.8094 -2.20781,
				  0.051654 23.8086 -2.20809,
				  0.053528 23.8066 -2.20885,
				  -0.401918 23.3027 -0.583828,
				  0.500562 23.25 -0.603639,
				  0.521758 23.2895 -0.484246,
				  0.506683 23.2752 -0.538559,
				  0.511194 23.3656 -0.127944,
				  0.514947 23.3626 -0.141594,
				  0.565454 23.3057 -0.321634,
				  0.5525 23.3045 -0.370585,
				  -0.454463 23.3045 -0.370585,
				  -0.423721 23.2895 -0.484245,
				  -0.467416 23.306 -0.321688,
				  -0.41691 23.3626 -0.141594,
				  -0.413156 23.3656 -0.127943,
				  0.494903 23.3694 -0.066677,
				  0.404273 23.3861 0.023177,
				  0.403362 23.3863 0.024075,
				  -0.396865 23.3694 -0.066678,
				  -0.305325 23.3863 0.024075,
				  -0.214134 23.4 0.115175,
				  -0.304418 23.3865 0.024986,
				  -0.211549 23.4002 0.117806,
				  -0.212873 23.4 0.116469,
				  -0.115318 23.4138 0.141739,
				  -0.111983 23.414 0.142632,
				  0.461764 23.3656 0.334564,
				  0.213356 23.4138 0.141739,
				  0.161951 23.4196 0.154855,
				  0.309586 23.4003 0.117783,
				  0.216328 23.4136 0.140969,
				  0.313366 23.3999 0.113973,
				  0.494839 23.2653 -0.5815,
				  0.491883 23.2663 -0.58476,
				  0.479563 23.2664 -0.597469,
				  -0.396802 23.2654 -0.58152,
				  -0.393845 23.2663 -0.58476,
				  -0.381717 23.2668 -0.597343,
				  -0.398747 23.3061 -0.582551,
				  -0.396731 23.3134 -0.591713,
				  -0.390653 23.3257 -0.600566,
				  -0.284538 23.5405 -0.755128,
				  0.494768 23.3134 -0.591713,
				  0.496785 23.3061 -0.582551,
				  0.48869 23.3257 -0.600566,
				  0.382575 23.5405 -0.755128,
				  -0.21411 23.6831 -0.857711,
				  -0.211086 23.686 -0.86145,
				  -0.085623 23.7549 -0.911017,
				  0.312147 23.6831 -0.857711,
				  0.309123 23.686 -0.86145,
				  0.183661 23.7549 -0.911017,
				  0.049019 23.8288 -0.96421,
				  0.494798 23.2932 -0.587418,
				  -0.396761 23.2932 -0.587418,
				  0.565291 23.4011 -0.341967,
				  0.494747 23.3274 -0.594688,
				  0.494388 23.5721 -0.646637,
				  0.564874 23.6458 -0.39412,
				  -0.39671 23.3274 -0.594688,
				  -0.467254 23.4011 -0.341967,
				  -0.466837 23.6458 -0.39412,
				  -0.39635 23.5721 -0.646637,
				  -0.39671 23.4748 -0.089246,
				  -0.39635 23.7194 -0.141603,
				  -0.211439 23.5272 0.090522,
				  -0.211229 23.7718 0.03802,
				  0.309477 23.5272 0.090522,
				  0.494748 23.4748 -0.089246,
				  0.494388 23.7194 -0.141603,
				  0.309266 23.7718 0.03802,
				  0.494027 23.8168 -0.698586,
				  0.564457 23.8904 -0.446273,
				  0.309056 23.7645 -0.878063,
				  -0.46642 23.8904 -0.446273,
				  -0.39599 23.8168 -0.698586,
				  -0.39599 23.964 -0.19396,
				  -0.211018 24.0163 -0.014483,
				  0.049019 23.7917 0.106412,
				  0.049019 24.0363 0.053855,
				  0.309056 24.0163 -0.014483,
				  0.494028 23.964 -0.19396,
				  0.493667 24.0616 -0.750535,
				  0.56404 24.1351 -0.498426,
				  0.308846 24.0093 -0.929866,
				  0.049019 23.9893 -0.998149,
				  -0.211018 23.7645 -0.878063,
				  -0.39563 24.0616 -0.750535,
				  -0.210808 24.0093 -0.929866,
				  -0.466003 24.1351 -0.498426,
				  -0.39563 24.2086 -0.246317,
				  -0.210808 24.2609 -0.066985,
				  0.049019 24.2808 0.001297,
				  0.308846 24.2609 -0.066985,
				  0.493667 24.2086 -0.246317,
				  0.493307 24.3063 -0.802483,
				  0.563623 24.3797 -0.550579,
				  0.308635 24.254 -0.98167,
				  0.049019 24.2341 -1.0499,
				  -0.210598 24.254 -0.98167,
				  -0.39527 24.3063 -0.802483,
				  -0.465585 24.3797 -0.550579,
				  -0.39527 24.4532 -0.298674,
				  -0.210598 24.5054 -0.119487,
				  0.049019 24.5253 -0.05126,
				  0.308635 24.5054 -0.119487,
				  0.493308 24.4532 -0.298674,
				  0.482857 24.5526 -0.848711,
				  0.551519 24.6244 -0.602732,
				  0.302529 24.5016 -1.02368,
				  0.049019 24.4822 -1.0903,
				  -0.204491 24.5016 -1.02368,
				  -0.384819 24.5526 -0.848711,
				  -0.453481 24.6244 -0.602732,
				  -0.384819 24.6961 -0.356752,
				  -0.204491 24.7471 -0.18178,
				  0.049019 24.7665 -0.115158,
				  0.302529 24.7471 -0.18178,
				  0.482857 24.6961 -0.356752,
				  0.476835 24.6197 -0.85938,
				  0.544544 24.6904 -0.616815,
				  0.29901 24.5694 -1.03192,
				  0.049019 24.5502 -1.09762,
				  -0.200972 24.5694 -1.03192,
				  -0.378798 24.6197 -0.85938,
				  -0.446506 24.6904 -0.616815,
				  -0.378798 24.7612 -0.374249,
				  -0.200972 24.8115 -0.201706,
				  0.049019 24.8306 -0.136009,
				  0.29901 24.8115 -0.201706,
				  0.476835 24.7612 -0.374249,
				  0.470815 24.6868 -0.870049,
				  0.537571 24.7565 -0.630898,
				  0.295492 24.6371 -1.04016,
				  0.049019 24.6183 -1.10494,
				  -0.197454 24.6371 -1.04016,
				  -0.372777 24.6868 -0.870049,
				  -0.439533 24.7565 -0.630897,
				  -0.372777 24.8262 -0.391746,
				  -0.197454 24.8758 -0.221631,
				  0.049019 24.8947 -0.156858,
				  0.295492 24.8758 -0.221631,
				  0.470815 24.8262 -0.391746,
				  0.436907 24.7584 -0.864907,
				  0.498296 24.8226 -0.64498,
				  0.275678 24.7128 -1.02135,
				  0.049019 24.6954 -1.08091,
				  -0.17764 24.7128 -1.02135,
				  -0.338869 24.7584 -0.864907,
				  -0.400258 24.8226 -0.64498,
				  -0.338869 24.8867 -0.425054,
				  -0.17764 24.9323 -0.268614,
				  0.049019 24.9497 -0.209049,
				  0.275678 24.9323 -0.268614,
				  0.436907 24.8867 -0.425054,
				  0.386322 24.8328 -0.850309,
				  0.439706 24.8886 -0.659063,
				  0.246119 24.7932 -0.986347,
				  0.049019 24.7781 -1.03814,
				  -0.148081 24.7932 -0.986347,
				  -0.288284 24.8328 -0.850309,
				  -0.341668 24.8886 -0.659063,
				  -0.288284 24.9444 -0.467818,
				  -0.148081 24.9841 -0.331779,
				  0.049019 24.9992 -0.279982,
				  0.246119 24.9841 -0.331779,
				  0.386322 24.9444 -0.467818,
				  0.335736 24.9073 -0.83571,
				  0.381113 24.9547 -0.673146,
				  0.216559 24.8736 -0.951346,
				  0.049019 24.8607 -0.995376,
				  -0.118522 24.8736 -0.951346,
				  -0.237698 24.9073 -0.83571,
				  -0.283075 24.9547 -0.673146,
				  -0.237698 25.0021 -0.510582,
				  -0.118522 25.0358 -0.394946,
				  0.049019 25.0486 -0.350917,
				  0.21656 25.0358 -0.394946,
				  0.335736 25.0021 -0.510583,
				  0.05348 25.02 -0.689758,
				  0.054186 25.0207 -0.687229,
				  0.051626 25.0195 -0.691558,
				  0.049019 25.0193 -0.692243,
				  0.046412 25.0195 -0.691558,
				  0.044558 25.02 -0.689758,
				  0.043852 25.0207 -0.687229,
				  0.044558 25.0215 -0.6847,
				  0.046412 25.022 -0.682901,
				  0.049019 25.0222 -0.682216,
				  0.051626 25.022 -0.682901,
				  0.05348 25.0215 -0.6847,
				  0.049019 23.4229 0.18569,
				  0.08873 23.4235 0.174474,
				  0.122838 23.4224 0.165169,
				  0.158592 23.4198 0.155759,
				  -0.202205 23.2071 0.901805,
				  -0.22083 23.2133 0.882274,
				  0.318867 23.2133 0.882274,
				  0.300242 23.2075 0.90208,
				  -0.409469 23.2748 0.586117,
				  -0.396409 23.2615 0.638487,
				  -0.422603 23.2895 0.53435,
				  -0.370973 23.2371 0.706873,
				  -0.280535 23.2307 0.817901,
				  -0.381088 23.238 0.694635,
				  -0.260994 23.2248 0.83878,
				  -0.273568 23.2286 0.825344,
				  0.378573 23.2307 0.817901,
				  0.371836 23.2288 0.825164,
				  0.479125 23.2387 0.695061,
				  0.494447 23.2615 0.638486,
				  0.52064 23.2895 0.534351,
				  -0.444487 23.3126 0.400956,
				  -0.410062 23.3344 0.377547,
				  -0.447315 23.3093 0.412105,
				  -0.449402 23.3064 0.419974,
				  -0.358045 23.3656 0.344027,
				  0.508099 23.3344 0.377546,
				  0.462652 23.3618 0.348107,
				  0.545352 23.3093 0.412104,
				  0.547439 23.3064 0.420002,
				  0.456083 23.3656 0.344027,
				  0.542492 23.3127 0.400864,
				  -0.181691 23.391 0.316678,
				  -0.060554 23.4198 0.155759,
				  -0.056794 23.4198 0.156795,
				  -0.081833 23.4023 0.304601,
				  -0.020965 23.4225 0.166228,
				  -0.179432 23.3912 0.316522,
				  -0.016753 23.4225 0.167412,
				  -0.078722 23.4024 0.304487,
				  -0.011975 23.4073 0.299232,
				  0.013648 23.4234 0.175693,
				  0.049019 23.4088 0.29763,
				  0.113335 23.4072 0.299345,
				  0.18271 23.4021 0.304776,
				  0.279729 23.391 0.316678,
				  0.281768 23.3908 0.316877,
				  0.049019 23.5354 0.161509,
				  -0.194078 23.6143 0.076651,
				  0.049019 23.7838 0.108113,
				  0.292116 23.6143 0.076651,
				  0.479348 23.4825 0.218408,
				  0.300478 23.6127 0.078423,
				  0.300275 23.8028 0.208154,
				  0.479 23.6727 0.348026,
				  0.049019 23.8523 0.154896,
				  -0.202441 23.6127 0.078423,
				  -0.38131 23.4825 0.218408,
				  -0.380963 23.6727 0.348026,
				  -0.202237 23.8028 0.208154,
				  -0.449014 23.4897 0.544661,
				  0.547052 23.4897 0.544661,
				  0.478653 23.8629 0.477644,
				  0.54665 23.6801 0.67412,
				  0.300072 23.9929 0.337885,
				  0.049019 24.0424 0.28467,
				  -0.202034 23.9929 0.337885,
				  -0.380616 23.8629 0.477644,
				  -0.448612 23.6801 0.67412,
				  -0.380963 23.3068 0.741296,
				  -0.380616 23.4973 0.870596,
				  -0.202034 23.3673 1.01035,
				  0.479001 23.3068 0.741296,
				  0.478653 23.4973 0.870596,
				  0.478306 24.0531 0.607262,
				  0.546247 23.8704 0.803579,
				  0.299869 24.183 0.467615,
				  0.049019 24.2325 0.414444,
				  -0.201831 24.183 0.467615,
				  -0.380268 24.0531 0.607261,
				  -0.44821 23.8704 0.803579,
				  -0.380268 23.6878 0.999896,
				  -0.201831 23.5579 1.13954,
				  0.049019 23.5084 1.19271,
				  0.300072 23.3673 1.01035,
				  0.478306 23.6878 0.999896,
				  0.299869 23.5579 1.13954,
				  0.477959 24.2433 0.736879,
				  0.545845 24.0608 0.933038,
				  0.299666 24.3731 0.597346,
				  0.049019 24.4225 0.544218,
				  -0.201628 24.3731 0.597346,
				  -0.379921 24.2433 0.736879,
				  -0.447807 24.0608 0.933038,
				  -0.379921 23.8783 1.1292,
				  -0.201628 23.7485 1.26873,
				  0.049019 23.6991 1.32186,
				  0.299666 23.7485 1.26873,
				  0.477959 23.8783 1.1292,
				  0.477611 24.4335 0.866497,
				  0.545443 24.2511 1.0625,
				  0.299463 24.5632 0.727077,
				  0.049019 24.6126 0.673992,
				  -0.201425 24.5632 0.727077,
				  -0.379573 24.4335 0.866497,
				  -0.447405 24.2511 1.0625,
				  -0.379573 24.0688 1.2585,
				  -0.201425 23.9391 1.39792,
				  0.049019 23.8897 1.451,
				  0.299463 23.9391 1.39792,
				  0.477611 24.0688 1.2585,
				  0.46753 24.6195 1.00057,
				  0.533766 24.4415 1.19195,
				  0.293573 24.7462 0.864425,
				  0.049019 24.7944 0.812588,
				  -0.195535 24.7462 0.864425,
				  -0.369492 24.6195 1.00057,
				  -0.435728 24.4415 1.19195,
				  -0.369492 24.2634 1.38335,
				  -0.195535 24.1368 1.51949,
				  0.049019 24.0886 1.57132,
				  0.293573 24.1368 1.51949,
				  0.46753 24.2634 1.38335,
				  0.461721 24.6685 1.03818,
				  0.527038 24.4929 1.22691,
				  0.290178 24.7934 0.90393,
				  0.049019 24.8409 0.852812,
				  -0.19214 24.7934 0.90393,
				  -0.363683 24.6685 1.03818,
				  -0.429 24.4929 1.22691,
				  -0.363683 24.3173 1.41565,
				  -0.19214 24.1924 1.5499,
				  0.049019 24.1449 1.60101,
				  0.290178 24.1924 1.5499,
				  0.461721 24.3173 1.41565,
				  0.455913 24.7174 1.0758,
				  0.520311 24.5443 1.26187,
				  0.286784 24.8405 0.943433,
				  0.049019 24.8874 0.893035,
				  -0.188746 24.8405 0.943433,
				  -0.357875 24.7174 1.0758,
				  -0.422272 24.5443 1.26187,
				  -0.357875 24.3712 1.44795,
				  -0.188746 24.248 1.58031,
				  0.049019 24.2012 1.63071,
				  0.286784 24.248 1.58031,
				  0.455913 24.3712 1.44795,
				  0.423203 24.7549 1.12571,
				  0.482424 24.5957 1.29683,
				  0.267671 24.8681 1.00399,
				  0.049019 24.9113 0.957643,
				  -0.169632 24.8681 1.00399,
				  -0.325165 24.7549 1.12571,
				  -0.384386 24.5957 1.29683,
				  -0.325165 24.4365 1.46795,
				  -0.169632 24.3233 1.58967,
				  0.049019 24.2801 1.63602,
				  0.267671 24.3233 1.58967,
				  0.423203 24.4365 1.46795,
				  0.374406 24.7855 1.18298,
				  0.425903 24.6471 1.33179,
				  0.239156 24.884 1.07714,
				  0.049019 24.9215 1.03683,
				  -0.141118 24.884 1.07714,
				  -0.276367 24.7855 1.18298,
				  -0.327865 24.6471 1.33179,
				  -0.276368 24.5087 1.48059,
				  -0.141118 24.4102 1.58644,
				  0.049019 24.3727 1.62674,
				  0.239156 24.4102 1.58644,
				  0.374406 24.5087 1.48059,
				  0.325606 24.8162 1.24026,
				  0.369381 24.6985 1.36674,
				  0.210641 24.8999 1.15029,
				  0.049019 24.9318 1.11603,
				  -0.112602 24.8999 1.15029,
				  -0.227568 24.8162 1.24026,
				  -0.271342 24.6985 1.36675,
				  -0.227568 24.5808 1.49323,
				  -0.112602 24.4971 1.5832,
				  0.049019 24.4653 1.61746,
				  0.210641 24.4971 1.5832,
				  0.325606 24.5808 1.49323,
				  0.053322 24.7517 1.39974,
				  0.054004 24.7499 1.4017,
				  0.051534 24.753 1.39834,
				  0.049019 24.7535 1.3978,
				  0.046505 24.753 1.39834,
				  0.044716 24.7517 1.39974,
				  0.044035 24.7499 1.4017,
				  0.044716 24.7481 1.40367,
				  0.046505 24.7468 1.40507,
				  0.049019 24.7463 1.4056,
				  0.051534 24.7468 1.40507,
				  0.053322 24.7481 1.40367,
				  -0.153014 23.2133 0.923027,
				  0.034599 21.3937 -1.18272,
				  0.635989 21.3937 -1.01985,
				  -0.566791 21.3937 -1.01985,
				  1.06386 21.3937 -0.591973,
				  -0.994664 21.3937 -0.591973,
				  1.22673 21.3937 0.009416,
				  1.06386 21.3937 0.610806,
				  0.635989 21.3937 1.03868,
				  0.034599 21.3937 1.20155,
				  -0.566791 21.3937 1.03868,
				  -0.994664 21.3937 0.610806,
				  -1.15753 21.3937 0.009417,
				  1.29685 21.5571 0.009416,
				  1.26967 21.5658 -0.192557,
				  1.25409 21.5608 -0.308653,
				  1.2988 21.559 0.024075,
				  1.12805 21.5566 -0.60776,
				  1.20979 21.5658 -0.41376,
				  1.11667 21.5542 -0.622556,
				  0.947982 21.5658 -0.841226,
				  0.932467 21.5648 -0.861306,
				  0.679556 21.5537 -1.05719,
				  0.912141 21.5658 -0.877067,
				  0.381026 21.5649 -1.18359,
				  0.661937 21.5513 -1.06465,
				  0.049018 21.5506 -1.2283,
				  -0.282996 21.5624 -1.18358,
				  0.034599 21.5487 -1.22634,
				  -0.569907 21.5485 -1.06208,
				  -0.581558 21.5465 -1.05715,
				  -0.834465 21.5602 -0.861288,
				  -0.611528 21.5485 -1.03391,
				  -0.586277 21.5437 -1.05349,
				  -1.03012 21.5446 -0.607727,
				  -1.02758 21.5427 -0.611035,
				  -1.00416 21.5485 -0.64128,
				  -1.15604 21.5617 -0.308654,
				  -1.03958 21.5485 -0.585183,
				  -1.20086 21.5499 0.024075,
				  -1.19945 21.5485 0.013538,
				  -1.19892 21.5466 0.009417,
				  -1.19725 21.5485 -0.002851,
				  -1.15602 21.5642 0.356807,
				  -1.03004 21.5536 0.655901,
				  -1.03841 21.5509 0.63614,
				  -0.85157 21.5658 0.887272,
				  -0.834431 21.5646 0.909455,
				  -0.5815 21.5573 1.10535,
				  -0.598013 21.5546 1.09259,
				  -0.811975 21.5658 0.926867,
				  -0.283002 21.5599 1.23172,
				  -0.405104 21.5658 1.18014,
				  0.049019 21.5599 1.2765,
				  0.034599 21.558 1.27455,
				  -0.14616 21.5658 1.25022,
				  0.381046 21.5575 1.2317,
				  0.187035 21.5658 1.25789,
				  0.67952 21.5604 1.10537,
				  0.675576 21.5599 1.10703,
				  0.553115 21.5658 1.15881,
				  0.932518 21.558 0.909429,
				  0.782614 21.5658 1.02543,
				  1.12802 21.5602 0.655919,
				  1.04603 21.5658 0.762013,
				  1.25412 21.5583 0.356799,
				  1.18784 21.5658 0.513699,
				  1.13071 21.5594 0.649523,
				  1.27736 21.5658 0.182974,
				  1.23095 21.3755 0.009416,
				  1.26977 21.3301 0.009416,
				  1.1011 21.3301 0.632372,
				  1.06751 21.3755 0.61292,
				  1.32433 21.3128 0.009416,
				  1.14832 21.3128 0.65972,
				  1.3789 21.3301 0.009416,
				  1.19554 21.3301 0.687067,
				  1.41771 21.3755 0.009416,
				  1.22913 21.3755 0.70652,
				  1.43249 21.4393 0.009416,
				  1.24192 21.4393 0.713927,
				  1.41771 21.5031 0.009416,
				  1.22913 21.5031 0.70652,
				  1.3789 21.5485 0.009416,
				  1.19554 21.5485 0.687068,
				  1.14832 21.5658 0.65972,
				  0.657555 21.3301 1.07592,
				  0.638102 21.3755 1.04233,
				  0.684903 21.3128 1.12314,
				  0.71225 21.3301 1.17036,
				  0.731703 21.3755 1.20395,
				  0.73911 21.4393 1.21674,
				  0.731703 21.5031 1.20395,
				  0.71225 21.5485 1.17036,
				  0.684903 21.5658 1.12314,
				  0.034599 21.3301 1.24458,
				  0.034599 21.3755 1.20577,
				  0.034599 21.3128 1.29915,
				  0.034599 21.3301 1.35372,
				  0.034599 21.3755 1.39253,
				  0.034599 21.4393 1.40731,
				  0.034599 21.5031 1.39253,
				  0.034599 21.5485 1.35372,
				  0.034599 21.5658 1.29915,
				  -0.588357 21.3301 1.07592,
				  -0.568904 21.3755 1.04233,
				  -0.615704 21.3128 1.12314,
				  -0.643052 21.3301 1.17036,
				  -0.662505 21.3755 1.20395,
				  -0.669912 21.4393 1.21674,
				  -0.662505 21.5031 1.20395,
				  -0.643052 21.5485 1.17036,
				  -0.615704 21.5658 1.12314,
				  -1.0319 21.3301 0.632373,
				  -0.998313 21.3755 0.61292,
				  -1.07912 21.3128 0.65972,
				  -1.12634 21.3301 0.687068,
				  -1.15993 21.3755 0.706521,
				  -1.17272 21.4393 0.713928,
				  -1.15993 21.5031 0.706521,
				  -1.12634 21.5485 0.687068,
				  -1.07912 21.5658 0.65972,
				  -1.20057 21.3301 0.009417,
				  -1.16175 21.3755 0.009417,
				  -1.25513 21.3128 0.009417,
				  -1.3097 21.3301 0.009417,
				  -1.34852 21.3755 0.009417,
				  -1.3633 21.4393 0.009417,
				  -1.34852 21.5031 0.009417,
				  -1.3097 21.5485 0.009417,
				  -1.25513 21.5658 0.009417,
				  -1.0319 21.3301 -0.61354,
				  -0.998313 21.3755 -0.594087,
				  -1.07912 21.3128 -0.640887,
				  -1.12634 21.3301 -0.668234,
				  -1.15993 21.3755 -0.687687,
				  -1.17272 21.4393 -0.695094,
				  -1.15993 21.5031 -0.687687,
				  -1.12634 21.5485 -0.668235,
				  -1.07912 21.5658 -0.640887,
				  -0.588357 21.3301 -1.05709,
				  -0.568904 21.3755 -1.0235,
				  -0.615705 21.3128 -1.1043,
				  -0.643052 21.3301 -1.15153,
				  -0.662505 21.3755 -1.18511,
				  -0.669912 21.4393 -1.1979,
				  -0.662505 21.5031 -1.18511,
				  -0.643052 21.5485 -1.15153,
				  -0.615705 21.5658 -1.1043,
				  0.034599 21.3301 -1.22575,
				  0.034599 21.3755 -1.18693,
				  0.034599 21.3128 -1.28032,
				  0.034599 21.3301 -1.33488,
				  0.034599 21.3755 -1.3737,
				  0.034599 21.4393 -1.38848,
				  0.034599 21.5031 -1.3737,
				  0.034599 21.5485 -1.33488,
				  0.034599 21.5658 -1.28032,
				  0.657555 21.3301 -1.05709,
				  0.638102 21.3755 -1.0235,
				  0.684903 21.3128 -1.1043,
				  0.71225 21.3301 -1.15153,
				  0.731703 21.3755 -1.18511,
				  0.73911 21.4393 -1.1979,
				  0.731703 21.5031 -1.18511,
				  0.71225 21.5485 -1.15153,
				  0.684903 21.5658 -1.1043,
				  1.1011 21.3301 -0.61354,
				  1.06751 21.3755 -0.594087,
				  1.14832 21.3128 -0.640887,
				  1.19554 21.3301 -0.668235,
				  1.22913 21.3755 -0.687688,
				  1.24192 21.4393 -0.695095,
				  1.22913 21.5031 -0.687688,
				  1.19554 21.5485 -0.668235,
				  1.14832 21.5658 -0.640887,
				  1.32433 21.5658 0.009416,
				  -0.588357 21.5485 -1.05709,
				  -1.0319 21.5485 -0.61354,
				  -1.20057 21.5485 0.009417 ]
	    }
	    Normal {
		vector	[ 0.998256 0.0543724 -0.0229776,
				  0.888862 0.416954 -0.189932,
				  0.999998 0.00061584 0.00179497,
				  0.752361 0.599116 -0.273885,
				  -0.910472 0.376425 -0.171301,
				  -0.999998 0.000608648 0.00179964,
				  -0.83926 0.494655 -0.225743,
				  -0.904381 -0.386756 0.180321,
				  0.295482 0.868547 -0.39789,
				  -0.752353 0.599127 -0.273885,
				  -0.888857 0.416955 -0.18995,
				  -0.888698 -0.415606 0.193619,
				  -0.752147 -0.597717 0.277506,
				  -0.295362 -0.866859 0.401642,
				  0.295362 -0.866857 0.401648,
				  0.752149 -0.597712 0.277512,
				  0.85861 -0.46477 0.216281,
				  0.888697 -0.415606 0.19362,
				  -0.295486 0.868546 -0.397889,
				  0.889586 0.426349 -0.163899,
				  0.999594 0.00918757 0.0269529,
				  0.75317 0.605615 -0.256838,
				  0.296003 0.876278 -0.380158,
				  0.296408 0.883681 -0.362285,
				  -0.296003 0.87628 -0.380153,
				  -0.296409 0.883684 -0.362276,
				  -0.889616 0.426107 -0.164363,
				  -0.753737 0.611905 -0.239693,
				  -0.999595 0.00928669 0.0268934,
				  -0.887268 -0.40579 0.219293,
				  -0.751039 -0.591032 0.294315,
				  -0.294717 -0.85884 0.418971,
				  -0.293966 -0.850504 0.43615,
				  0.294717 -0.858838 0.418975,
				  0.293967 -0.850506 0.436146,
				  0.887148 -0.406234 0.218956,
				  0.74968 -0.584162 0.311023,
				  0.888952 0.445262 -0.107268,
				  0.996297 0.0277081 0.081387,
				  0.754095 0.624884 -0.202138,
				  0.296913 0.898671 -0.322852,
				  0.296966 0.906125 -0.301244,
				  -0.296912 0.898667 -0.322863,
				  -0.296964 0.906118 -0.301268,
				  -0.888885 0.445229 -0.107952,
				  -0.753793 0.63149 -0.181704,
				  -0.996305 0.0280583 0.0811789,
				  -0.881875 -0.383888 0.273726,
				  -0.745918 -0.568695 0.346687,
				  -0.291987 -0.831538 0.472534,
				  -0.290723 -0.820803 0.491693,
				  0.291987 -0.831538 0.472535,
				  0.290723 -0.820802 0.491695,
				  0.881623 -0.384633 0.273493,
				  0.743429 -0.56003 0.365622,
				  0.887241 0.454845 -0.0769389,
				  0.993161 0.0378817 0.110438,
				  0.753143 0.637802 -0.161198,
				  0.296863 0.913093 -0.279523,
				  -0.296863 0.91309 -0.279533,
				  -0.887242 0.454844 -0.0769387,
				  -0.753142 0.637803 -0.161194,
				  -0.993162 0.0378809 0.11043,
				  -0.877561 -0.372024 0.302464,
				  -0.740618 -0.551127 0.384374,
				  -0.289321 -0.809683 0.510595,
				  0.289321 -0.809676 0.510605,
				  0.877564 -0.372027 0.302452,
				  0.740621 -0.551139 0.384352,
				  0.918842 0.386796 0.0782171,
				  0.954124 0.127533 0.270892,
				  0.736661 0.676259 -0.00203628,
				  -0.814884 0.579621 0.00153573,
				  -0.698906 0.696699 0.161681,
				  -0.969391 0.17467 0.172542,
				  -0.903962 -0.233291 0.358368,
				  -0.710838 -0.480112 0.514006,
				  -0.275677 -0.721357 0.635332,
				  -0.254962 -0.613264 0.747597,
				  0.275676 -0.721357 0.635332,
				  0.25496 -0.613261 0.747601,
				  0.794782 -0.411733 0.445867,
				  0.663621 -0.396109 0.63459,
				  0.699965 0.532958 0.4754,
				  0.775634 0.19906 0.598971,
				  0.746736 0.62155 0.236773,
				  0.43076 0.814111 0.389448,
				  0.3918 0.878256 0.27415,
				  -0.0864628 0.964327 0.250194,
				  0.0068909 0.934286 0.356458,
				  -0.525381 0.796513 0.299235,
				  -0.420989 0.820834 0.386005,
				  -0.696392 0.541538 0.47093,
				  -0.848106 0.428078 0.312194,
				  -0.776595 0.207538 0.594834,
				  -0.881639 0.0452721 0.469747,
				  -0.670205 -0.104554 0.734775,
				  -0.712668 -0.301293 0.633503,
				  -0.397427 -0.336168 0.85384,
				  -0.0063721 -0.427513 0.903987,
				  0.387499 -0.341611 0.85624,
				  0.665098 -0.112341 0.738257,
				  0.826167 -0.125326 0.549309,
				  0.917557 0.0751998 0.390429,
				  0.638424 0.532275 0.555966,
				  0.711411 0.226265 0.665356,
				  0.387066 0.785662 0.482612,
				  4.19312e-07 0.889725 0.456496,
				  -0.387068 0.78567 0.482598,
				  -0.638425 0.532278 0.555962,
				  -0.71141 0.226265 0.665357,
				  -0.610107 -0.0590363 0.790116,
				  -0.356568 -0.266918 0.895329,
				  2.44177e-06 -0.34575 0.938327,
				  0.356566 -0.266925 0.895328,
				  0.610101 -0.0590354 0.790121,
				  0.664875 0.481642 0.570931,
				  0.707378 0.17398 0.685089,
				  0.443027 0.750275 0.490728,
				  0.0721141 0.887397 0.455331,
				  -0.329377 0.817557 0.472347,
				  -0.609745 0.581057 0.539058,
				  -0.7132 0.277844 0.643544,
				  -0.640007 -0.0159119 0.768204,
				  -0.409752 -0.240406 0.879948,
				  -0.0648775 -0.345009 0.936355,
				  0.302029 -0.292414 0.907344,
				  0.578214 -0.101964 0.809489,
				  0.178715 0.327617 0.927754,
				  0.147929 0.400559 0.904251,
				  0.122984 0.363986 0.923249,
				  0.178157 0.300992 0.936837,
				  0.0769721 0.451472 0.888959,
				  0.0629343 0.391597 0.917982,
				  -0.0164676 0.465411 0.884942,
				  0.00988328 0.408151 0.912861,
				  -0.104593 0.437625 0.893054,
				  -0.0462945 0.399856 0.915408,
				  -0.163529 0.377391 0.911501,
				  -0.0889063 0.369456 0.924985,
				  -0.178171 0.300837 0.936884,
				  -0.107494 0.325483 0.939418,
				  -0.145336 0.230258 0.962216,
				  -0.121446 0.26972 0.95525,
				  -0.0747733 0.18262 0.980336,
				  -0.101942 0.195411 0.975409,
				  0.0158166 0.169925 0.98533,
				  -0.0159061 0.169882 0.985336,
				  0.101987 0.195413 0.975404,
				  0.0250039 0.274519 0.961257,
				  0.161455 0.252225 0.954104,
				  0.145259 0.230149 0.962253,
				  0 0 0,
				  0.973042 0.210242 -0.0948025,
				  -0.923599 0.348982 -0.15867,
				  -0.973049 0.210204 -0.0948149,
				  -0.972952 -0.209031 0.0983387,
				  0.972952 -0.209045 0.0983048,
				  0.938381 -0.313096 0.146332,
				  -0.847887 -0.480709 0.223621,
				  0.999946 0.0103424 0.000101179,
				  0.969669 0.00946794 -0.244239,
				  0.965065 0.00928916 -0.261846,
				  0.873341 0.00677254 -0.487063,
				  0.864856 0.00642489 -0.501979,
				  0.73045 0.00311769 -0.682959,
				  0.70942 0.0025943 -0.704781,
				  0.521736 -0.000837341 -0.853106,
				  0.506918 -0.0012504 -0.861994,
				  0.282794 -0.00385366 -0.959173,
				  0.265061 -0.00413885 -0.964223,
				  -0.000102213 -0.00522646 -0.999986,
				  -0.245996 -0.00431419 -0.969261,
				  -0.265308 -0.00413801 -0.964155,
				  -0.489623 -0.00141247 -0.871933,
				  -0.507039 -0.00124834 -0.861922,
				  -0.695306 0.00214738 -0.718711,
				  -0.709418 0.0025934 -0.704783,
				  -0.847179 0.00614996 -0.531272,
				  -0.864784 0.0064248 -0.502103,
				  -0.959634 0.00902863 -0.281105,
				  -0.964998 0.00929023 -0.262092,
				  -0.998938 0.010408 -0.0448749,
				  -0.999946 0.0103647 -0.000148443,
				  -0.96486 0.00928745 0.262602,
				  -0.873276 0.00657903 0.487182,
				  -0.864856 0.00642637 0.501979,
				  -0.721006 0.00277228 0.692923,
				  -0.709419 0.00259344 0.704782,
				  -0.533424 -0.000770611 0.845848,
				  -0.506918 -0.00124995 0.861994,
				  -0.282724 -0.00387104 0.959193,
				  -0.265061 -0.00413895 0.964223,
				  -0.033592 -0.00519808 0.999422,
				  0.000150519 -0.00522675 0.999986,
				  0.245986 -0.00432409 0.969264,
				  0.265309 -0.0041379 0.964155,
				  0.477357 -0.00169337 0.878708,
				  0.507039 -0.00124842 0.861922,
				  0.695294 0.00214869 0.718722,
				  0.709417 0.00259383 0.704785,
				  0.854627 0.00601386 0.519208,
				  0.864785 0.00642401 0.502101,
				  0.959623 0.00901457 0.281145,
				  0.964998 0.00928941 0.262091,
				  0.943062 0.222661 -0.247096,
				  0.980531 0.195495 -0.018486,
				  0.856505 0.177448 -0.484676,
				  0.712354 0.116152 -0.692142,
				  0.51363 0.0534359 -0.856346,
				  0.268505 0.00842339 -0.963242,
				  -0.00291391 -0.00211403 -0.999994,
				  -0.272939 0.0261888 -0.961675,
				  -0.51405 0.0817955 -0.853851,
				  -0.708035 0.145806 -0.690961,
				  -0.849707 0.200862 -0.487497,
				  -0.940005 0.11532 -0.321078,
				  -0.980351 0.195372 -0.0272332,
				  -0.943062 0.222661 0.247097,
				  -0.856505 0.17745 0.484675,
				  -0.712354 0.116154 0.692142,
				  -0.496682 0.0530183 0.866312,
				  -0.237332 0.00766528 0.971398,
				  0.0018176 -0.00211201 0.999996,
				  0.253322 0.0244181 0.967074,
				  0.514052 0.0817948 0.85385,
				  0.708034 0.145807 0.690962,
				  0.849705 0.200863 0.487499,
				  0.940005 0.11532 0.321078,
				  0.763061 0.623517 -0.170189,
				  0.763386 0.645836 0.0117258,
				  0.747782 0.552399 -0.368343,
				  0.691047 0.422508 -0.586464,
				  0.548696 0.2574 -0.79541,
				  0.318181 0.0779795 -0.944817,
				  0.00950941 0.00550529 -0.99994,
				  -0.329988 0.10694 -0.937908,
				  -0.47835 0.152414 -0.864842,
				  -0.662629 0.308414 -0.682498,
				  -0.766909 0.438192 -0.46887,
				  -0.814375 0.521457 -0.254707,
				  -0.92088 0.34566 -0.180275,
				  -0.763387 0.645835 -0.0117227,
				  -0.76306 0.623518 0.170189,
				  -0.932502 0.356017 0.060767,
				  -0.747783 0.552398 0.368344,
				  -0.675332 0.44417 0.588761,
				  -0.521081 0.212422 0.826651,
				  0.46155 0.157582 0.873006,
				  0.662629 0.308411 0.6825,
				  0.766907 0.43819 0.468874,
				  0.814375 0.521457 0.254707,
				  0.92088 0.345659 0.180275,
				  0.956743 0.289053 0.0330406,
				  0.605443 0.790694 -0.0907851,
				  0.603106 0.797302 0.0239134,
				  0.624191 0.747931 -0.225798,
				  0.780667 0.381517 -0.494978,
				  0.663808 0.327218 -0.672522,
				  -0.636768 0.25987 -0.725943,
				  -0.596469 0.370192 -0.712168,
				  -0.730606 0.389996 -0.560463,
				  -0.676229 0.553918 -0.485684,
				  -0.648983 0.700453 -0.296964,
				  -0.691452 0.664421 -0.283618,
				  -0.620261 0.770943 -0.144647,
				  -0.68744 0.717275 -0.113763,
				  -0.603106 0.797302 -0.0239134,
				  -0.605443 0.790694 0.0907875,
				  -0.624192 0.747931 0.225795,
				  -0.738261 0.465349 0.488284,
				  0.589237 0.374984 0.715672,
				  0.698252 0.475108 0.53546,
				  0.676229 0.553916 0.485686,
				  0.648983 0.700451 0.296965,
				  0.691452 0.66442 0.283619,
				  0.620262 0.770942 0.144648,
				  0.687441 0.717275 0.113763,
				  0.982008 0.187071 -0.0258001,
				  0.964453 0.188731 -0.184963,
				  0.96848 0.193286 -0.157121,
				  0.982254 0.187556 0.00014549,
				  0.91559 0.194014 -0.352213,
				  0.920053 0.206345 -0.333052,
				  -0.8039 0.313716 -0.5053,
				  -0.89694 0.316228 -0.309029,
				  -0.920943 0.201196 -0.333742,
				  -0.973161 0.188552 -0.131934,
				  -0.968956 0.190555 -0.15752,
				  -0.982007 0.187071 0.0258017,
				  -0.982253 0.187562 -0.000145812,
				  -0.964453 0.188731 0.184961,
				  -0.968479 0.19329 0.157121,
				  -0.91559 0.194015 0.352212,
				  -0.924066 0.20753 0.320987,
				  -0.826694 0.236573 0.510499,
				  0.793943 0.374756 0.478762,
				  0.89694 0.316227 0.309029,
				  0.924939 0.202443 0.32172,
				  0.836835 0.22442 0.499343,
				  0.973161 0.188552 0.131933,
				  0.968957 0.190549 0.15752,
				  0.966865 0.199114 -0.159767,
				  0.986687 0.162627 -0.00113542,
				  0.903538 0.272724 -0.330516,
				  -0.970842 0.179909 -0.158428,
				  -0.910607 0.245567 -0.332404,
				  -0.986686 0.162633 0.0011346,
				  -0.966865 0.199117 0.159766,
				  -0.905698 0.280251 0.318074,
				  -0.791544 0.386765 0.47315,
				  0.914266 0.247809 0.32048,
				  0.79798 0.339713 0.497818,
				  0.970842 0.179905 0.15843,
				  0.968749 0.178492 -0.172238,
				  0.992879 0.119102 -0.00260384,
				  0.877964 0.333709 -0.343245,
				  -0.970922 0.170871 -0.167673,
				  -0.883974 0.322449 -0.338552,
				  -0.992879 0.119101 0.00260415,
				  -0.968749 0.178491 0.172237,
				  -0.884167 0.328871 0.331802,
				  -0.722885 0.516269 0.459243,
				  -0.483195 0.68792 0.541561,
				  0.888776 0.317927 0.33015,
				  0.707074 0.524216 0.474598,
				  0.97092 0.170876 0.167677,
				  0.97884 0.135614 -0.153236,
				  0.99443 0.101559 0.0281783,
				  0.859836 0.388923 -0.330788,
				  -0.892195 0.417972 -0.171135,
				  -0.792337 0.510836 -0.333539,
				  -0.994431 0.101556 -0.0281774,
				  -0.97884 0.135613 0.153237,
				  -0.871621 0.385649 0.302575,
				  -0.61423 0.663846 0.42665,
				  -0.409449 0.761354 0.502685,
				  0.498184 0.675816 0.543218,
				  0.580671 0.690489 0.431331,
				  0.375571 0.771408 0.513689,
				  0.783608 0.532371 0.320217,
				  0.892194 0.417973 0.171138,
				  0.79726 0.603061 -0.0263395,
				  0.819652 0.534831 -0.205247,
				  0.619554 0.776741 -0.113251,
				  0.662352 0.749183 0.00384544,
				  0.576551 0.786074 -0.222881,
				  -0.608723 0.782092 -0.133375,
				  -0.574574 0.770094 -0.277163,
				  -0.868159 0.496271 -0.00376944,
				  -0.662328 0.749204 -0.00384491,
				  -0.819653 0.53483 0.205246,
				  -0.613756 0.77916 0.127328,
				  -0.560633 0.791969 0.241818,
				  0.5406 0.802072 0.253834,
				  0.631611 0.764132 0.131037,
				  -0.338441 0.940941 -0.00933753,
				  -0.283243 0.956981 0.0629366,
				  -0.290563 0.948727 0.124459,
				  0.346302 0.933424 0.0937804,
				  0.314203 0.949355 -0.00148844,
				  0.469958 0.220798 -0.854627,
				  0.326873 0.111309 -0.938491,
				  0.540127 0.361105 -0.760175,
				  0.553404 0.295099 -0.778884,
				  0.17468 0.0208572 -0.984404,
				  -0.0352128 -0.00541409 -0.999365,
				  -0.174698 0.0307155 -0.984143,
				  -0.370447 0.126893 -0.920145,
				  -0.567761 0.197673 -0.799107,
				  -0.565931 0.212694 -0.796545,
				  0.957317 0.0249888 -0.287957,
				  0.947837 -0.00154218 -0.318752,
				  0.964432 0.00522926 -0.264279,
				  0.775754 0.205056 -0.59679,
				  0.77748 0.207893 -0.593553,
				  0.677027 0.218683 -0.702718,
				  -0.679667 0.218398 -0.700254,
				  -0.776798 0.208605 -0.594195,
				  -0.774909 0.211609 -0.595598,
				  -0.859114 0.200209 -0.470998,
				  -0.954309 0.0497915 -0.294644,
				  0.931522 0.228681 -0.282792,
				  0.95003 0.274842 -0.148001,
				  -0.961644 0.226805 -0.154273,
				  -0.939401 0.277919 -0.200715,
				  0.834403 0.380554 -0.398685,
				  0.817244 0.415011 -0.399849,
				  -0.831964 0.392426 -0.392223,
				  -0.824684 0.396367 -0.403472,
				  0.802684 0.421632 -0.421811,
				  0.72415 0.566372 -0.393484,
				  -0.799907 0.436337 -0.412018,
				  -0.681097 0.631793 -0.37006,
				  0.615552 0.713629 -0.33441,
				  0.698532 0.619222 -0.358631,
				  -0.617944 0.706795 -0.344362,
				  -0.60321 0.719172 -0.344861,
				  0.923164 0.342464 0.174604,
				  0.999769 0.0199029 0.00814759,
				  0.871417 0.4369 0.22305,
				  0.888106 -0.407634 -0.212371,
				  0.999998 0.000675634 -0.00176478,
				  0.751002 -0.586011 -0.304283,
				  -0.888112 -0.407642 -0.212334,
				  -0.99822 -0.0521282 -0.0289848,
				  -0.999998 0.00067636 -0.00176488,
				  -0.857895 -0.45581 -0.237177,
				  -0.896905 0.393951 0.200909,
				  -0.888289 0.409113 0.208735,
				  -0.751223 0.587555 0.300738,
				  0.294404 -0.848509 -0.439726,
				  -0.294416 -0.848498 -0.43974,
				  -0.751001 -0.586012 -0.304282,
				  -0.294488 0.850348 0.436103,
				  0.751224 0.587557 0.300731,
				  0.888289 0.409113 0.208734,
				  0.294557 0.850336 0.436078,
				  0.886596 -0.396935 -0.237467,
				  0.999599 0.0101763 -0.0264411,
				  0.749808 -0.578741 -0.320699,
				  0.293732 -0.839817 -0.456541,
				  0.292936 -0.830826 -0.473198,
				  -0.293731 -0.839819 -0.456538,
				  -0.292935 -0.830828 -0.473195,
				  -0.886468 -0.397399 -0.23717,
				  -0.748375 -0.571273 -0.337018,
				  -0.999598 0.0100821 -0.0265031,
				  -0.889116 0.419423 0.183185,
				  -0.752126 0.594664 0.284044,
				  -0.29512 0.858764 0.418843,
				  -0.295582 0.866879 0.401437,
				  0.29512 0.858763 0.418845,
				  0.295582 0.866877 0.401442,
				  0.889154 0.419153 0.183617,
				  0.752777 0.601578 0.267264,
				  0.881027 -0.373181 -0.290735,
				  0.996336 0.030745 -0.0798123,
				  0.744462 -0.554557 -0.371811,
				  0.290872 -0.810507 -0.508402,
				  0.28957 -0.79908 -0.526896,
				  -0.29087 -0.810502 -0.50841,
				  -0.289569 -0.799079 -0.526898,
				  -0.880767 -0.373941 -0.290547,
				  -0.741905 -0.545245 -0.390237,
				  -0.996328 0.0304096 -0.0800375,
				  -0.888728 0.440336 0.12754,
				  -0.753341 0.615932 0.230446,
				  -0.296203 0.883458 0.362996,
				  -0.296323 0.891796 0.341895,
				  0.296205 0.883462 0.362983,
				  0.296324 0.891799 0.341887,
				  0.88867 0.440262 0.128201,
				  0.753156 0.6233 0.210364,
				  0.876631 -0.360361 -0.318839,
				  0.993218 0.0415411 -0.108589,
				  0.73902 -0.535702 -0.408501,
				  0.288133 -0.78728 -0.545133,
				  -0.288131 -0.787278 -0.545137,
				  -0.876631 -0.360357 -0.318841,
				  -0.739021 -0.535706 -0.408494,
				  -0.993218 0.0415434 -0.108592,
				  -0.887168 0.450986 0.0976951,
				  -0.75263 0.630372 0.19021,
				  -0.29629 0.899674 0.320622,
				  0.296291 0.899671 0.32063,
				  0.887168 0.450984 0.0977064,
				  0.752632 0.630362 0.190235,
				  0.903162 -0.220312 -0.368458,
				  0.95325 0.0756582 -0.292558,
				  0.708954 -0.46047 -0.534184,
				  0.274351 -0.694919 -0.664694,
				  0.253693 -0.583772 -0.771265,
				  -0.274348 -0.694913 -0.664702,
				  -0.253693 -0.583773 -0.771264,
				  -0.793317 -0.394876 -0.463381,
				  -0.661775 -0.372819 -0.65043,
				  -0.964667 -0.0174204 -0.262893,
				  -0.919397 0.388621 -0.0606822,
				  -0.73707 0.675027 0.0326632,
				  0.815217 0.578626 0.0247632,
				  0.700262 0.701898 -0.130281,
				  0.669762 -0.0794443 -0.738314,
				  0.777905 0.227491 -0.585758,
				  0.711231 -0.278544 -0.645417,
				  0.396277 -0.305631 -0.865768,
				  0.00630301 -0.394371 -0.91893,
				  -0.386394 -0.310877 -0.868364,
				  -0.664598 -0.0870047 -0.742119,
				  -0.825627 -0.106394 -0.554095,
				  -0.776859 0.219211 -0.590286,
				  -0.891711 0.258664 -0.37141,
				  -0.702377 0.549697 -0.452216,
				  -0.748431 0.629462 -0.208876,
				  -0.432742 0.829285 -0.353582,
				  -0.393373 0.888953 -0.234564,
				  0.0868438 0.974565 -0.206596,
				  -0.00685157 0.949037 -0.315089,
				  0.527391 0.807743 -0.263457,
				  0.423044 0.835865 -0.349803,
				  0.69888 0.558092 -0.447326,
				  0.849619 0.438508 -0.293015,
				  0.92292 0.187424 -0.336289,
				  0.609946 -0.0322374 -0.791787,
				  0.71288 0.248679 -0.655714,
				  0.355751 -0.23554 -0.904412,
				  4.25038e-07 -0.312287 -0.949988,
				  -0.355748 -0.23554 -0.904414,
				  -0.609948 -0.0322393 -0.791785,
				  -0.712887 0.248681 -0.655706,
				  -0.641028 0.552 -0.533272,
				  -0.389189 0.804494 -0.448688,
				  -2.56234e-06 0.908488 -0.41791,
				  0.389193 0.804493 -0.448687,
				  0.64103 0.552005 -0.533264,
				  0.640088 0.010007 -0.768237,
				  0.714943 0.299596 -0.631742,
				  0.408906 -0.209749 -0.888145,
				  0.0646392 -0.311627 -0.948003,
				  -0.30125 -0.260425 -0.917293,
				  -0.577811 -0.0743728 -0.812775,
				  -0.708554 0.196981 -0.677606,
				  -0.667384 0.501611 -0.550441,
				  -0.445389 0.769097 -0.458387,
				  -0.0725676 0.906087 -0.416821,
				  0.331225 0.836255 -0.436999,
				  0.612412 0.600449 -0.514211,
				  0.178857 0.332841 -0.925866,
				  0.145799 0.262749 -0.953785,
				  0.0975733 0.312604 -0.944859,
				  0.134948 0.358432 -0.923751,
				  0.0750636 0.215581 -0.973597,
				  0.0615788 0.278533 -0.95845,
				  -0.0159576 0.202989 -0.979051,
				  0.00958921 0.26324 -0.964683,
				  -0.102277 0.228216 -0.968224,
				  -0.0451546 0.270896 -0.961549,
				  -0.162033 0.284581 -0.944859,
				  -0.0877339 0.2994 -0.950085,
				  -0.179418 0.359188 -0.915856,
				  -0.107685 0.341667 -0.933631,
				  -0.148646 0.431862 -0.889606,
				  -0.0989353 0.387277 -0.91664,
				  -0.0775433 0.482738 -0.872325,
				  -0.079192 0.440661 -0.894174,
				  0.0166736 0.496687 -0.86777,
				  -0.0165425 0.496647 -0.867795,
				  0.105187 0.468953 -0.876937,
				  0.0211923 0.388427 -0.921236,
				  0.164325 0.408781 -0.897717,
				  0.148629 0.431919 -0.889582,
				  0.294102 -0.847968 -0.440969,
				  0.972764 -0.205191 -0.107827,
				  -0.923036 -0.341069 -0.17798,
				  -0.964323 -0.00627997 -0.264654,
				  -0.996882 0.0709803 0.0344628,
				  0.972864 0.206484 0.104403,
				  -0.972862 0.206495 0.104396,
				  -0.946318 0.28812 0.146521,
				  9.88133e-05 -0.35156 0.936165,
				  0.552298 0.77154 -0.315742,
				  0.617859 0.708236 -0.341545,
				  0.421371 0.905847 -0.0434439,
				  0.481336 0.870885 -0.0993734,
				  0.459489 0.876412 -0.144125,
				  0.425646 0.886002 -0.183917,
				  -0.424048 0.886373 -0.185814,
				  -0.538282 0.784578 -0.307717,
				  -0.460544 0.875628 -0.145514,
				  -0.487395 0.869219 -0.0830953,
				  -0.337356 0.940717 -0.0352516,
				  0.165223 0.986105 -0.0172634,
				  0.165248 0.985797 -0.029945,
				  0.165418 0.98622 -0.00268069,
				  -0.165399 0.986075 -0.0172985,
				  -0.165334 0.986112 0.015757,
				  -0.148659 0.986921 0.0623406,
				  -0.165245 0.985199 0.0455677,
				  -0.152833 0.986979 0.0501453,
				  -0.142418 0.986677 0.0786515,
				  -0.12621 0.98841 0.0843557,
				  -0.0890615 0.987132 0.13281,
				  0.241713 0.962818 0.120652,
				  0.124464 0.988383 0.0872231,
				  0.109966 0.989432 0.0945035,
				  0.153555 0.986912 0.0492587,
				  0.135663 0.988055 0.0730977,
				  0.159797 0.986623 0.0322619,
				  0.568198 0.733363 -0.373268,
				  0.543541 0.742129 -0.392184,
				  0.466385 0.76372 -0.446337,
				  0.603279 -0.719109 0.344871,
				  0.543587 -0.742097 0.392179,
				  0.480454 -0.760388 0.437005,
				  0.158642 0.168453 -0.97286,
				  -0.994882 -0.0195727 -0.0991337,
				  -0.974605 0.0478896 0.21875,
				  -0.378481 0.0053534 0.925594,
				  -0.728524 -0.141224 -0.670305,
				  -0.911011 -0.0843496 -0.403663,
				  0.965712 -0.05255 -0.254243,
				  0.897911 -0.0901134 -0.430853,
				  0.84727 -0.109109 -0.519836,
				  -0.917613 -0.0812351 -0.389085,
				  -0.965712 -0.05255 -0.254241,
				  -0.866796 -0.102332 -0.48805,
				  -0.965771 0.0556541 0.253355,
				  -0.897992 0.0933613 0.429993,
				  -0.866888 0.105567 0.487197,
				  -0.578565 0.171688 0.797362,
				  -0.445019 0.188344 0.875491,
				  0.444995 0.188336 0.875505,
				  0.885158 0.0986398 0.454714,
				  0.866889 0.105566 0.487195,
				  0.470445 0.185625 0.862685,
				  0.965774 0.0556608 0.253343,
				  0.866789 -0.102334 -0.488063,
				  0.53632 -0.174329 -0.825815,
				  -0.847271 -0.109108 -0.519834,
				  -0.503802 0.181739 0.844484,
				  -0.263385 0.202715 0.943152,
				  0.263409 0.20273 0.943142,
				  0.503801 0.181738 0.844486,
				  0.5037 -0.17847 -0.845242,
				  0.263333 -0.199544 -0.943842,
				  -0.578439 -0.168435 -0.798146,
				  -0.470342 -0.18235 -0.863439,
				  0.865881 -0.0796851 -0.493863,
				  0.990098 0.0072642 -0.140189,
				  0.613229 -0.151698 -0.775202,
				  0.263015 -0.184788 -0.94693,
				  -0.263334 -0.199547 -0.943841,
				  -0.502692 -0.15563 -0.850341,
				  -0.262634 -0.169984 -0.949804,
				  -0.865764 -0.0797628 -0.494056,
				  -0.998004 0.0173568 -0.0607129,
				  -0.867304 0.128222 0.480981,
				  -0.965843 0.0846174 0.244924,
				  -0.6143 0.177518 0.768845,
				  -0.263642 0.217519 0.939776,
				  0.385011 0.205451 0.899754,
				  0.26383 0.232277 0.936184,
				  0.794081 0.139708 0.591538,
				  0.965917 0.0701402 0.249167,
				  0.862239 -0.0306057 -0.505577,
				  0.986374 0.0573996 -0.154181,
				  0.500315 -0.105905 -0.859342,
				  0.383501 -0.156745 -0.910142,
				  0.261611 -0.137878 -0.955275,
				  -0.499772 -0.105973 -0.85965,
				  -0.260945 -0.120565 -0.957795,
				  -0.861985 -0.0307256 -0.506001,
				  -0.994955 0.0667122 -0.0749294,
				  -0.866636 0.177111 0.466447,
				  -0.963999 0.132818 0.230357,
				  -0.7108 0.209419 0.671496,
				  -0.26383 0.232278 0.936184,
				  -0.264028 0.264212 0.927621,
				  -0.264014 0.281361 0.922568,
				  0.264029 0.264207 0.927622,
				  0.264011 0.281358 0.92257,
				  0.710721 0.17773 0.680652,
				  0.794314 0.186477 0.57818,
				  0.710516 0.226447 0.66625,
				  0.925178 0.114403 0.36188,
				  0.964924 0.11596 0.235531,
				  0.859201 -0.00425213 -0.511621,
				  0.994687 0.0989643 -0.0283342,
				  0.498012 -0.0791546 -0.86355,
				  0.260201 -0.103229 -0.96002,
				  -0.498012 -0.0791516 -0.86355,
				  -0.260206 -0.103236 -0.960018,
				  -0.859204 -0.00425282 -0.511616,
				  -0.994687 0.0989643 -0.0283369,
				  -0.865271 0.203292 0.458234,
				  -0.504136 0.280442 0.816822,
				  -0.263915 0.298405 0.917226,
				  0.504135 0.280444 0.816823,
				  0.263911 0.298394 0.917231,
				  0.865268 0.203291 0.458239,
				  0.923459 0.164568 0.346613,
				  0.898613 0.117994 -0.422577,
				  0.961614 0.249514 -0.1142,
				  0.590346 0.0350745 -0.806388,
				  0.252039 0.0282602 -0.967305,
				  -0.376157 0.00871055 -0.926515,
				  -0.239227 0.161617 -0.957419,
				  -0.772986 0.072817 -0.630231,
				  -0.968817 0.170317 -0.17996,
				  -0.908644 0.277767 0.311786,
				  -0.604625 0.36543 0.707736,
				  -0.260108 0.430846 0.864127,
				  0.384651 0.393794 0.834847,
				  0.250756 0.557039 0.791725,
				  0.785537 0.32594 0.526018,
				  0.695522 0.468676 -0.544603,
				  0.813005 0.560786 -0.156659,
				  0.710815 0.270752 -0.649181,
				  0.401754 0.403907 -0.821859,
				  0.33889 0.210676 -0.916935,
				  0.00479552 0.380134 -0.924919,
				  -0.393479 0.403054 -0.82627,
				  -0.552856 0.237158 -0.798815,
				  -0.690452 0.467177 -0.552287,
				  -0.838289 0.316384 -0.444041,
				  -0.812367 0.559045 -0.165918,
				  -0.907707 0.419486 0.00999747,
				  -0.717823 0.655753 0.233918,
				  -0.733651 0.518559 0.43915,
				  -0.424537 0.729856 0.535798,
				  -0.356119 0.585735 0.728075,
				  -0.00479408 0.758485 0.651673,
				  0.416593 0.730773 0.54076,
				  0.574437 0.556582 0.600199,
				  0.713704 0.657251 0.242173,
				  0.853959 0.469312 0.224723,
				  0.935942 0.350186 -0.0371764,
				  0.642862 0.54293 -0.540329,
				  0.754589 0.63049 -0.181872,
				  0.368517 0.481738 -0.795062,
				  5.06365e-07 0.459617 -0.888117,
				  -0.368522 0.481743 -0.795057,
				  -0.642863 0.542925 -0.540332,
				  -0.75459 0.630489 -0.181873,
				  -0.665026 0.722669 0.188387,
				  -0.390833 0.79322 0.466959,
				  -2.17876e-06 0.820152 0.572146,
				  0.390838 0.79322 0.466956,
				  0.665026 0.72267 0.188385,
				  0.675995 0.554638 -0.485188,
				  0.755237 0.645089 -0.116088,
				  0.424437 0.488176 -0.762585,
				  0.0659133 0.458612 -0.886189,
				  -0.311045 0.473282 -0.82417,
				  -0.606976 0.528898 -0.593167,
				  -0.750518 0.613021 -0.246835,
				  -0.695705 0.706428 0.130205,
				  -0.449039 0.782654 0.431064,
				  -0.0708911 0.818089 0.570706,
				  0.330757 0.79999 0.500616,
				  0.631301 0.735586 0.24571,
				  0.201496 0.935055 -0.291672,
				  0.16436 0.908553 -0.38408,
				  0.137548 0.931081 -0.337888,
				  0.201949 0.945093 -0.256934,
				  0.0847331 0.890676 -0.446673,
				  0.0697391 0.925697 -0.371783,
				  -0.0181189 0.885946 -0.463435,
				  0.0108264 0.919958 -0.391867,
				  -0.115359 0.895512 -0.429827,
				  -0.0512309 0.922866 -0.381699,
				  -0.182609 0.916812 -0.355119,
				  -0.0990586 0.933667 -0.344171,
				  -0.202031 0.945129 -0.256739,
				  -0.121483 0.949831 -0.288206,
				  -0.167052 0.972437 -0.162665,
				  -0.139237 0.966612 -0.215113,
				  -0.086536 0.991523 -0.0969218,
				  -0.117875 0.986355 -0.114937,
				  0.0183118 0.996663 -0.0795473,
				  -0.0185137 0.99668 -0.0792846,
				  0.118105 0.986295 -0.115211,
				  0.0289938 0.975027 -0.220185,
				  0.184676 0.963855 -0.192037,
				  0.167054 0.972451 -0.162578,
				  0.709854 0.148394 0.688539,
				  -0.819577 0.121091 0.560028,
				  -0.709968 0.148418 0.688417,
				  -0.425195 0.190344 0.884861,
				  -0.709884 -0.145242 -0.68918,
				  -0.907409 -0.0859628 -0.411364,
				  0.907366 -0.0860117 -0.411447,
				  0.709898 -0.145205 -0.689174,
				  -0.503694 -0.178468 -0.845247,
				  0.819473 -0.117857 -0.560868,
				  0.709878 0.145283 0.689178,
				  -0.338624 0.753466 0.56358,
				  -0.315751 0.790101 0.525396,
				  0.30899 0.800004 0.514313,
				  0.316658 0.790052 0.524924,
				  -0.618989 0.705518 0.345104,
				  -0.703129 0.623975 0.340976,
				  -0.543489 0.742148 0.392221,
				  -0.513925 0.805964 0.293775,
				  -0.46652 0.771964 0.431777,
				  -0.378336 0.800249 0.465257,
				  -0.466316 0.763699 0.446446,
				  -0.289117 0.82028 0.49351,
				  -0.286321 0.81647 0.501395,
				  0.41654 0.786381 0.456179,
				  0.298529 0.814799 0.496975,
				  0.47992 0.759461 0.439198,
				  0.5639 0.734966 0.376618,
				  0.50341 0.814712 0.287789,
				  -0.457893 0.877452 0.142871,
				  -0.422715 0.886676 0.187396,
				  -0.388781 0.892745 0.227718,
				  -0.218117 0.967047 0.131321,
				  0.433549 0.88415 0.174107,
				  0.385033 0.894949 0.225424,
				  0.392311 0.892036 0.22442,
				  0.215381 0.967934 0.129286,
				  0.453241 0.878859 0.148925,
				  -0.0918011 0.989913 0.107909,
				  -0.0773553 0.989972 0.118197,
				  -0.064383 0.991087 0.116624,
				  -0.0459658 0.99115 0.124531,
				  -0.0419665 0.991754 0.121089,
				  -0.00675029 0.99208 0.125422,
				  0.00701029 0.992092 0.125315,
				  0.0417566 0.991725 0.121396,
				  0.0752136 0.99086 0.111983,
				  0.087744 0.990418 0.106643,
				  0.0894722 0.989938 0.109628,
				  0.104695 0.989617 0.0984775,
				  0.875571 0.273155 -0.398449,
				  0.726422 0.387925 -0.567297,
				  0.892831 0.254742 -0.371429,
				  0.275199 0.542114 -0.793963,
				  -0.726419 0.387923 -0.567302,
				  -0.913883 0.229761 -0.334705,
				  -0.875563 0.273143 -0.398475,
				  -0.997967 0.0372666 -0.0516936,
				  0.997935 -0.0346645 0.0540701,
				  -0.275194 0.542116 -0.793964,
				  -0.86555 -0.28018 0.415118,
				  -0.875348 -0.270434 0.400789,
				  -0.72615 -0.385209 0.569492,
				  0.875345 -0.270433 0.400795,
				  0.842276 -0.301673 0.446727,
				  -0.275056 -0.539211 0.795987,
				  0.726156 -0.385211 0.569483,
				  0.275057 -0.539207 0.79599,
				  0.87672 0.292217 -0.382062,
				  0.999649 0.0195302 0.0179078,
				  0.727548 0.400588 -0.556959,
				  0.275826 0.555723 -0.784278,
				  0.276379 0.569177 -0.774372,
				  -0.275824 0.555721 -0.78428,
				  -0.27638 0.569178 -0.774371,
				  -0.876801 0.291955 -0.382076,
				  -0.728479 0.413151 -0.546465,
				  -0.99965 0.0195766 0.0178097,
				  -0.873632 -0.251267 0.416692,
				  -0.724803 -0.372556 0.579536,
				  -0.274342 -0.525633 0.805262,
				  -0.273555 -0.511916 0.814316,
				  0.274341 -0.525632 0.805263,
				  0.273553 -0.51191 0.81432,
				  0.873451 -0.251614 0.416861,
				  0.723267 -0.359803 0.58943,
				  0.877469 0.332765 -0.345422,
				  0.996792 0.0589675 0.0541102,
				  0.729835 0.44015 -0.523077,
				  0.277318 0.598019 -0.751976,
				  0.277673 0.613342 -0.739398,
				  -0.27732 0.598024 -0.751971,
				  -0.277676 0.613348 -0.739392,
				  -0.877452 0.332561 -0.345661,
				  -0.730176 0.454537 -0.510137,
				  -0.996801 0.0591356 0.0537642,
				  -0.867964 -0.209688 0.450187,
				  -0.719303 -0.332007 0.610225,
				  -0.271614 -0.481968 0.833026,
				  -0.270436 -0.465702 0.842607,
				  0.271618 -0.481977 0.83302,
				  0.270441 -0.465711 0.8426,
				  0.867635 -0.210187 0.450589,
				  0.716815 -0.316937 0.62107,
				  0.876751 0.354189 -0.325357,
				  0.994075 0.0802535 0.0733064,
				  0.730246 0.468753 -0.497002,
				  0.277922 0.628421 -0.72653,
				  -0.277925 0.628431 -0.726521,
				  -0.876752 0.354191 -0.325354,
				  -0.730252 0.46876 -0.496987,
				  -0.994075 0.0802565 0.0733085,
				  -0.863689 -0.18742 0.467884,
				  -0.714081 -0.301764 0.631686,
				  -0.269163 -0.449281 0.851879,
				  0.269167 -0.449286 0.851875,
				  0.863689 -0.187423 0.467883,
				  0.714081 -0.301768 0.631683,
				  0.91729 0.36751 -0.153347,
				  0.959535 0.230905 0.16117,
				  0.721007 0.575615 -0.385768,
				  0.275886 0.741176 -0.612001,
				  0.266369 0.837023 -0.477955,
				  -0.275885 0.741163 -0.612017,
				  -0.266367 0.837018 -0.477964,
				  -0.8032 0.496361 -0.329386,
				  -0.693672 0.670861 -0.262232,
				  -0.9725 0.227872 0.0481505,
				  -0.896311 -0.0449682 0.441139,
				  -0.686527 -0.187895 0.702407,
				  -0.257275 -0.327372 0.909196,
				  -0.24032 -0.197004 0.950492,
				  0.257274 -0.327375 0.909195,
				  0.240322 -0.197011 0.95049,
				  0.776088 -0.160013 0.609986,
				  0.645198 -0.0682067 0.760965,
				  0.720819 0.685306 0.103806,
				  0.796627 0.441781 0.412572,
				  0.749897 0.643319 -0.154258,
				  0.438737 0.887652 -0.139942,
				  0.00564034 0.971206 -0.238176,
				  -0.430182 0.890931 -0.145556,
				  -0.717377 0.690078 0.0957198,
				  -0.858814 0.511828 0.0217119,
				  -0.79798 0.446829 0.404439,
				  -0.890307 0.244501 0.384152,
				  -0.676036 0.226426 0.701218,
				  -0.701912 0.0130885 0.712143,
				  -0.391052 0.0734196 0.917435,
				  -0.00536564 0.0166717 0.999847,
				  0.382007 0.070726 0.921449,
				  0.670525 0.222054 0.707876,
				  0.826742 0.127563 0.547929,
				  0.925117 0.237312 0.29638,
				  0.664043 0.726398 0.177178,
				  0.736241 0.497828 0.458384,
				  0.400515 0.915306 -0.0424609,
				  -3.44004e-06 0.99173 -0.128345,
				  -0.400514 0.915306 -0.0424689,
				  -0.664044 0.726397 0.177182,
				  -0.736237 0.497832 0.458387,
				  -0.620329 0.291955 0.727979,
				  -0.355075 0.150773 0.922599,
				  -1.75986e-06 0.0997236 0.995015,
				  0.355073 0.150771 0.9226,
				  0.620332 0.291951 0.727978,
				  0.691589 0.68751 0.22144,
				  0.730224 0.458468 0.506538,
				  0.458808 0.888426 -0.0139158,
				  0.0740522 0.989008 -0.127982,
				  -0.340247 0.937666 -0.0708159,
				  -0.633693 0.762211 0.132165,
				  -0.739383 0.535249 0.408439,
				  -0.652955 0.321409 0.685818,
				  -0.40895 0.167507 0.897052,
				  -0.0636186 0.0995328 0.992998,
				  0.299824 0.133476 0.944611,
				  0.58539 0.261423 0.767448,
				  0.191657 0.729621 0.656445,
				  0.159388 0.790301 0.591624,
				  0.132442 0.76383 0.631683,
				  0.190752 0.707896 0.680072,
				  0.0831456 0.833157 0.54675,
				  0.0680628 0.789074 0.610516,
				  -0.017787 0.845002 0.534467,
				  0.0107088 0.803138 0.595697,
				  -0.112977 0.821534 0.558854,
				  -0.0501013 0.796119 0.603062,
				  -0.175976 0.77087 0.612202,
				  -0.0960362 0.770371 0.630322,
				  -0.190741 0.707791 0.680184,
				  -0.115498 0.733865 0.669405,
				  -0.154786 0.650294 0.743746,
				  -0.129651 0.6864 0.715573,
				  -0.0794549 0.612048 0.786819,
				  -0.108377 0.622272 0.775263,
				  0.0168532 0.601897 0.798396,
				  -0.016855 0.601892 0.798399,
				  0.108396 0.622276 0.775257,
				  0.026563 0.694629 0.718878,
				  0.172319 0.668268 0.723688,
				  0.154844 0.650442 0.743605,
				  -0.968617 -0.138378 0.206476,
				  0.913695 -0.227092 0.337033,
				  0.968616 -0.138378 0.206483,
				  4.5176e-05 -0.732152 -0.681142,
				  -0.968748 0.140891 -0.20415,
				  -0.996348 -0.0465669 0.0715705,
				  0.968743 0.140915 -0.204158,
				  0.996388 0.0491744 -0.0692275,
				  -0.000282848 -0.732908 -0.680328,
				  -0.000151529 -0.734137 -0.679001,
				  0.772326 0.247336 0.585096,
				  0.767001 0.269328 0.582385,
				  0.699694 0.469834 0.538223,
				  0.757852 0.298966 0.579896,
				  0.711399 0.448083 0.541418,
				  -0.766994 0.271771 0.581258,
				  -0.716727 0.435182 0.544904,
				  -0.634838 0.598704 0.4884,
				  -0.721897 0.4128 0.555392,
				  -0.774173 0.230465 0.589527,
				  -0.583689 0.390738 0.71178,
				  -0.625707 0.506699 0.593082,
				  -0.489145 0.25689 0.833513,
				  0.574548 0.384516 0.722525,
				  0.416742 0.277302 0.865696,
				  0.556064 0.63427 0.537116,
				  0.403597 0.705716 0.582301,
				  0.374501 0.738054 0.561272,
				  0.646589 0.567264 0.510034,
				  0.336518 0.771763 0.539572,
				  0.31924 0.7848 0.531202,
				  0.312778 0.79787 0.515339,
				  0.306162 0.810559 0.499259,
				  -0.323445 0.778076 0.538498,
				  -0.291587 0.824123 0.48559,
				  -0.527377 0.647209 0.550449,
				  -0.375721 0.736035 0.563105,
				  -0.34443 0.764988 0.544207,
				  -0.428979 0.147856 0.891132,
				  -0.31409 0.0390481 0.94859,
				  -0.418307 0.0904253 0.903793,
				  -0.430101 0.129201 0.893488,
				  -0.151585 0.0160755 0.988314,
				  -0.0418157 -0.0054083 0.999111,
				  -0.143165 0.00535254 0.989684,
				  0.138179 0.00734951 0.99038,
				  0.33734 0.0423462 0.94043,
				  0.427597 0.167687 0.88828,
				  0 -1 -4.6945e-06,
				  0.991071 0.0104622 -0.132928,
				  0.952149 0.00925591 -0.305494,
				  0.841465 0.00618878 -0.540277,
				  0.921499 0.00808163 -0.388297,
				  0.792073 0.00470101 -0.610409,
				  0.791544 0.00370695 -0.6111,
				  0.677045 0.00227562 -0.735938,
				  0.46771 -0.0016074 -0.883881,
				  0.61249 0.000622295 -0.790478,
				  0.220819 -0.0046644 -0.975304,
				  0.389992 -0.00291411 -0.920814,
				  -0.0450227 -0.00539627 -0.998971,
				  -0.306993 -0.00364189 -0.951705,
				  -0.133732 -0.00506058 -0.991005,
				  -0.389462 -0.00228137 -0.92104,
				  -0.5604 -0.000965354 -0.828222,
				  -0.737458 0.00343017 -0.675385,
				  -0.612583 0.00012469 -0.790407,
				  -0.884783 0.00682205 -0.465953,
				  -0.791233 0.0055392 -0.61149,
				  -0.975476 0.00977354 -0.219889,
				  -0.921529 0.00812444 -0.388225,
				  -0.998952 0.0103545 0.0445747,
				  -0.991015 0.0104562 -0.133342,
				  -0.952142 0.00880789 0.30553,
				  -0.841253 0.00563484 0.540612,
				  -0.921319 0.00741701 0.388738,
				  -0.791564 0.00372941 0.611074,
				  -0.677118 0.00225017 0.735871,
				  -0.467423 -0.00164538 0.884032,
				  -0.611933 -0.000334207 0.790909,
				  -0.612617 0.000687951 0.790379,
				  -0.220704 -0.00447927 0.975331,
				  -0.389758 -0.00297665 0.920913,
				  0.0451305 -0.00541587 0.998966,
				  -0.133461 -0.00535622 0.99104,
				  0.307105 -0.00411173 0.951667,
				  0.133693 -0.00508734 0.99101,
				  0.542265 -0.00103867 0.840207,
				  0.389153 -0.00223675 0.921171,
				  0.389779 -0.00297908 0.920904,
				  0.737522 0.00291548 0.675316,
				  0.612422 0.000547916 0.790531,
				  0.894747 0.00688122 0.446519,
				  0.791812 0.00456282 0.610748,
				  0.975468 0.00961217 0.219931,
				  0.921583 0.00775895 0.388104,
				  0.99105 0.0101828 0.133102,
				  -0.859159 -0.489681 -0.148519,
				  -0.758164 -0.648464 0.0684222,
				  -0.690104 -0.64825 -0.321759,
				  -0.725751 -0.556576 -0.404363,
				  -0.301821 -0.952976 -0.0272179,
				  -0.301826 -0.952975 0.0272163,
				  -0.274811 -0.952926 -0.128109,
				  -0.247826 -0.952955 -0.174523,
				  0.301822 -0.952976 0.0272042,
				  0.301825 -0.952975 -0.0272177,
				  0.274815 -0.952927 0.128092,
				  0.247833 -0.952957 0.174502,
				  0.758174 -0.648461 0.0683472,
				  0.866977 -0.494102 0.064919,
				  0.772651 -0.55271 0.312284,
				  0.622488 -0.64839 0.43829,
				  0.997474 -0.046198 0.0539647,
				  0.918034 -0.113968 0.37977,
				  0.912549 0.407769 0.0312936,
				  0.867174 0.337571 0.366135,
				  0.758188 0.648444 -0.0683519,
				  0.690157 0.648239 0.321666,
				  0.301682 0.952532 0.0408737,
				  0.26949 0.953141 0.13747,
				  0.240992 0.952545 0.185961,
				  -0.438327 -0.648388 -0.622464,
				  -0.489935 -0.493887 -0.718359,
				  -0.174504 -0.952954 -0.247843,
				  -0.128103 -0.952922 -0.274825,
				  0.1745 -0.952958 0.247831,
				  0.12809 -0.952928 0.274811,
				  0.514527 -0.552823 0.655476,
				  0.321658 -0.648265 0.690137,
				  0.749289 -0.337633 0.56971,
				  0.607038 -0.11402 0.786451,
				  0.786456 0.114026 0.60703,
				  0.569716 0.337637 0.749283,
				  0.655489 0.552809 0.514525,
				  0.438302 0.648374 0.622496,
				  0.16525 0.953194 0.253207,
				  0.116406 0.952585 0.281125,
				  -0.0684201 -0.648472 -0.758157,
				  -0.0650123 -0.494119 -0.86696,
				  -0.0272227 -0.952976 -0.301822,
				  0.0272138 -0.952977 -0.301819,
				  0.0272154 -0.952975 0.301826,
				  -0.0272065 -0.952975 0.301825,
				  0.118513 -0.552827 0.824825,
				  -0.06835 -0.648461 0.758173,
				  0.366139 -0.337575 0.867171,
				  0.133161 -0.114042 0.984511,
				  0.379771 0.113972 0.918033,
				  0.119298 0.337636 0.933686,
				  0.312288 0.552702 0.772656,
				  0.068353 0.648444 0.758188,
				  0.0163125 0.953277 0.301658,
				  -0.0408282 0.952539 0.301666,
				  0.321758 -0.648251 -0.690103,
				  0.379196 -0.493944 -0.782451,
				  0.128104 -0.95293 -0.274799,
				  0.174514 -0.952956 -0.24783,
				  -0.128087 -0.952929 0.274809,
				  -0.174504 -0.952955 0.24784,
				  -0.31228 -0.552707 0.772655,
				  -0.43829 -0.648385 0.622494,
				  -0.119299 -0.337632 0.933688,
				  -0.379767 -0.113966 0.918035,
				  -0.133166 0.114046 0.98451,
				  -0.366138 0.337574 0.867172,
				  -0.118513 0.552816 0.824833,
				  -0.321661 0.648242 0.690157,
				  -0.137402 0.953142 0.269519,
				  -0.192927 0.952212 0.236794,
				  0.622465 -0.648382 -0.438335,
				  0.718352 -0.493894 -0.489937,
				  0.247833 -0.952957 -0.174505,
				  0.274816 -0.952925 -0.128103,
				  -0.247834 -0.952957 0.174505,
				  -0.274817 -0.952925 0.1281,
				  -0.655481 -0.552817 0.514527,
				  -0.690152 -0.648246 0.321662,
				  -0.569706 -0.337634 0.749292,
				  -0.786454 -0.114021 0.607033,
				  -0.607033 0.11403 0.786453,
				  -0.749287 0.337641 0.569708,
				  -0.514529 0.552809 0.655486,
				  -0.6225 0.648374 0.438298,
				  -0.247809 0.952964 0.1745,
				  -0.27479 0.952935 0.128084,
				  0.758156 -0.648473 -0.0684278,
				  0.866957 -0.494123 -0.0650135,
				  -0.824834 -0.552815 0.118514,
				  -0.758187 -0.648445 -0.0683466,
				  -0.867172 -0.337577 0.366134,
				  -0.98451 -0.114046 0.133164,
				  -0.918033 0.113978 0.379769,
				  -0.933683 0.337642 0.119303,
				  -0.772654 0.552704 0.312288,
				  -0.758181 0.648451 0.0683557,
				  -0.301797 0.952984 0.0272077,
				  -0.301799 0.952983 -0.0272104,
				  0.690098 -0.648255 0.32176,
				  0.782452 -0.49394 0.3792,
				  -0.772659 -0.552702 -0.312278,
				  -0.622497 -0.648383 -0.438289,
				  -0.933687 -0.337633 -0.119297,
				  -0.918036 -0.11397 -0.379765,
				  -0.984511 0.114046 -0.133162,
				  -0.867173 0.337569 -0.366139,
				  -0.824832 0.552817 -0.118511,
				  -0.690158 0.648236 -0.321669,
				  -0.274792 0.952935 -0.12808,
				  -0.24781 0.952966 -0.17449,
				  0.438322 -0.648389 0.622467,
				  0.428237 -0.55646 0.712015,
				  -0.514529 -0.552814 -0.655482,
				  -0.321657 -0.648255 -0.690147,
				  -0.749293 -0.337634 -0.569704,
				  -0.607036 -0.11402 -0.786452,
				  -0.786454 0.114023 -0.607033,
				  -0.569715 0.337636 -0.749284,
				  -0.655491 0.552801 -0.514531,
				  -0.438307 0.64837 -0.622498,
				  -0.174486 0.952966 -0.24781,
				  -0.128074 0.952939 -0.274781,
				  0.0684222 -0.648475 0.758155,
				  0.0140357 -0.556712 0.830587,
				  -0.118513 -0.552829 -0.824824,
				  0.0683535 -0.648466 -0.758168,
				  -0.366138 -0.33757 -0.867173,
				  -0.133166 -0.11404 -0.984511,
				  -0.379772 0.113975 -0.918032,
				  -0.119303 0.337638 -0.933685,
				  -0.312294 0.552705 -0.772651,
				  -0.0683542 0.648451 -0.758181,
				  -0.0272031 0.95299 -0.301777,
				  0.0272122 0.952987 -0.301787,
				  -0.321755 -0.648251 0.690105,
				  -0.379197 -0.493933 0.782458,
				  0.312283 -0.552709 -0.772652,
				  0.438289 -0.648378 -0.622502,
				  0.119298 -0.337638 -0.933686,
				  0.379766 -0.113967 -0.918036,
				  0.13316 0.114046 -0.984511,
				  0.366131 0.337563 -0.867179,
				  0.118512 0.552813 -0.824835,
				  0.321659 0.648234 -0.690165,
				  0.151358 0.953285 -0.261415,
				  0.192694 0.952221 -0.236947,
				  -0.622466 -0.648376 0.438343,
				  -0.718347 -0.493892 0.489947,
				  0.655479 -0.552813 -0.514534,
				  0.690145 -0.648251 -0.32167,
				  0.569708 -0.337632 -0.749291,
				  0.786454 -0.114023 -0.607033,
				  0.607029 0.114025 -0.786456,
				  0.749289 0.337637 -0.569708,
				  0.514528 0.5528 -0.655495,
				  0.622501 0.648372 -0.4383,
				  0.247808 0.952964 -0.174499,
				  0.285265 0.952184 -0.109407,
				  0.867172 -0.337576 -0.366135,
				  0.912547 -0.407772 -0.0312917,
				  0.918033 0.113972 -0.37977,
				  0.997473 0.0461985 -0.0539678,
				  0.772658 0.5527 -0.312285,
				  0.866981 0.494094 -0.0649192,
				  0.301841 0.953219 -0.016318,
				  -5.79457e-06 -0.225701 0.974197,
				  -0.105999 -0.449606 0.886915,
				  -0.561031 -0.224781 0.796692,
				  0.335822 -0.403885 0.850941,
				  0.56101 -0.224754 0.796714,
				  -0.48403 -0.407564 0.774343,
				  -0.883126 -0.224733 0.411805,
				  0.76433 -0.37689 0.523215,
				  0.843035 -0.225615 0.488252,
				  -0.805226 -0.407543 0.43072,
				  -0.947485 -0.316986 0.0423328,
				  -0.974217 -0.225613 -6.16442e-08,
				  -0.843056 -0.225541 -0.48825,
				  -0.715395 -0.449545 -0.534902,
				  -0.411811 -0.224655 -0.883143,
				  -0.430715 -0.40751 -0.805245,
				  0.087612 -0.224817 -0.970454,
				  0.0313037 -0.407799 -0.912535,
				  0.561037 -0.224765 -0.796692,
				  0.484042 -0.407581 -0.774326,
				  0.883132 -0.224683 -0.411819,
				  0.805233 -0.407531 -0.430719,
				  0.970461 -0.22479 0.0876119,
				  0.912539 -0.40779 0.031298,
				  -0.301027 0.950129 0.0814768,
				  -0.302031 0.953298 1.95333e-05,
				  0.300774 0.950215 -0.0814068,
				  -0.301039 0.950126 -0.0814558,
				  -0.220251 0.950245 0.220279,
				  -0.26127 0.953322 0.15138,
				  0.219775 0.950306 -0.220495,
				  -0.151328 0.953344 0.261217,
				  -0.0163512 0.953231 0.301802,
				  -0.0814233 0.950254 0.300646,
				  0.15135 0.953282 0.26143,
				  0.0814476 0.950205 0.300793,
				  -4.951e-05 0.953312 0.301989,
				  0.201435 0.63698 0.744097,
				  0.321653 0.64844 0.689975,
				  0.220283 0.950227 0.220329,
				  0.253214 0.953193 0.165245,
				  0.545032 0.636971 0.545169,
				  0.380814 0.649917 0.657715,
				  0.65766 0.649936 0.380876,
				  0.744063 0.63702 0.201435,
				  0.27478 0.952943 0.128044,
				  0.300817 0.950203 0.0813882,
				  0.301961 0.95332 3.22939e-06,
				  0.30187 0.952962 -0.027157,
				  0.759809 0.650147 -7.35019e-05,
				  0.744208 0.636821 -0.201528,
				  0.261463 0.953271 -0.151362,
				  0.128067 0.952957 -0.27472,
				  0.0814067 0.950225 -0.30074,
				  2.36971e-06 0.953332 -0.301923,
				  -0.0814624 0.950161 -0.30093,
				  -0.151313 0.95332 -0.261316,
				  -0.220277 0.950247 -0.220249,
				  -0.261405 0.953339 -0.15104 ]
	    }
	    NormalBinding {
		value	PER_VERTEX_INDEXED
	    }
	    IndexedFaceSet {
		coordIndex	[ 0, 1, 2, -1, 0, 2, 3, -1,
				  1, 4, 2, -1, 5, 6, 7, -1,
				  5, 7, 8, -1, 6, 9, 7, -1,
				  3, 2, 10, -1, 3, 10, 11, -1,
				  2, 4, 12, -1, 2, 12, 10, -1,
				  4, 13, 12, -1, 14, 8, 15, -1,
				  14, 15, 16, -1, 8, 7, 17, -1,
				  8, 17, 15, -1, 7, 9, 18, -1,
				  7, 18, 17, -1, 9, 19, 20, -1,
				  9, 20, 18, -1, 19, 21, 22, -1,
				  19, 22, 20, -1, 21, 23, 24, -1,
				  21, 24, 22, -1, 23, 25, 26, -1,
				  23, 26, 24, -1, 25, 3, 11, -1,
				  25, 11, 26, -1, 11, 10, 27, -1,
				  11, 27, 28, -1, 10, 12, 29, -1,
				  10, 29, 27, -1, 12, 13, 30, -1,
				  12, 30, 29, -1, 13, 16, 31, -1,
				  13, 31, 30, -1, 16, 15, 32, -1,
				  16, 32, 31, -1, 15, 17, 33, -1,
				  15, 33, 32, -1, 17, 18, 34, -1,
				  17, 34, 33, -1, 18, 20, 35, -1,
				  18, 35, 34, -1, 20, 22, 36, -1,
				  20, 36, 35, -1, 22, 24, 37, -1,
				  22, 37, 36, -1, 24, 26, 38, -1,
				  24, 38, 37, -1, 26, 11, 28, -1,
				  26, 28, 38, -1, 28, 27, 39, -1,
				  28, 39, 40, -1, 27, 29, 41, -1,
				  27, 41, 39, -1, 29, 30, 42, -1,
				  29, 42, 41, -1, 30, 31, 43, -1,
				  30, 43, 42, -1, 31, 32, 44, -1,
				  31, 44, 43, -1, 32, 33, 45, -1,
				  32, 45, 44, -1, 33, 34, 46, -1,
				  33, 46, 45, -1, 34, 35, 47, -1,
				  34, 47, 46, -1, 35, 36, 48, -1,
				  35, 48, 47, -1, 36, 37, 49, -1,
				  36, 49, 48, -1, 37, 38, 50, -1,
				  37, 50, 49, -1, 38, 28, 40, -1,
				  38, 40, 50, -1, 40, 39, 51, -1,
				  40, 51, 52, -1, 39, 41, 53, -1,
				  39, 53, 51, -1, 41, 42, 54, -1,
				  41, 54, 53, -1, 42, 43, 55, -1,
				  42, 55, 54, -1, 43, 44, 56, -1,
				  43, 56, 55, -1, 44, 45, 57, -1,
				  44, 57, 56, -1, 45, 46, 58, -1,
				  45, 58, 57, -1, 46, 47, 59, -1,
				  46, 59, 58, -1, 47, 48, 60, -1,
				  47, 60, 59, -1, 48, 49, 61, -1,
				  48, 61, 60, -1, 49, 50, 62, -1,
				  49, 62, 61, -1, 50, 40, 52, -1,
				  50, 52, 62, -1, 52, 51, 63, -1,
				  52, 63, 64, -1, 51, 53, 65, -1,
				  51, 65, 63, -1, 53, 54, 66, -1,
				  53, 66, 65, -1, 54, 55, 67, -1,
				  54, 67, 66, -1, 55, 56, 68, -1,
				  55, 68, 67, -1, 56, 57, 69, -1,
				  56, 69, 68, -1, 57, 58, 70, -1,
				  57, 70, 69, -1, 58, 59, 71, -1,
				  58, 71, 70, -1, 59, 60, 72, -1,
				  59, 72, 71, -1, 60, 61, 73, -1,
				  60, 73, 72, -1, 61, 62, 74, -1,
				  61, 74, 73, -1, 62, 52, 64, -1,
				  62, 64, 74, -1, 64, 63, 75, -1,
				  64, 75, 76, -1, 63, 65, 77, -1,
				  63, 77, 75, -1, 65, 66, 78, -1,
				  65, 78, 77, -1, 66, 67, 79, -1,
				  66, 79, 78, -1, 67, 68, 80, -1,
				  67, 80, 79, -1, 68, 69, 81, -1,
				  68, 81, 80, -1, 69, 70, 82, -1,
				  69, 82, 81, -1, 70, 71, 83, -1,
				  70, 83, 82, -1, 71, 72, 84, -1,
				  71, 84, 83, -1, 72, 73, 85, -1,
				  72, 85, 84, -1, 73, 74, 86, -1,
				  73, 86, 85, -1, 74, 64, 76, -1,
				  74, 76, 86, -1, 76, 75, 87, -1,
				  76, 87, 88, -1, 75, 77, 89, -1,
				  75, 89, 87, -1, 77, 78, 90, -1,
				  77, 90, 89, -1, 78, 79, 91, -1,
				  78, 91, 90, -1, 79, 80, 92, -1,
				  79, 92, 91, -1, 80, 81, 93, -1,
				  80, 93, 92, -1, 81, 82, 94, -1,
				  81, 94, 93, -1, 82, 83, 95, -1,
				  82, 95, 94, -1, 83, 84, 96, -1,
				  83, 96, 95, -1, 84, 85, 97, -1,
				  84, 97, 96, -1, 85, 86, 98, -1,
				  85, 98, 97, -1, 86, 76, 88, -1,
				  86, 88, 98, -1, 88, 87, 99, -1,
				  88, 99, 100, -1, 87, 89, 101, -1,
				  87, 101, 99, -1, 89, 90, 102, -1,
				  89, 102, 101, -1, 90, 91, 103, -1,
				  90, 103, 102, -1, 91, 92, 104, -1,
				  91, 104, 103, -1, 92, 93, 105, -1,
				  92, 105, 104, -1, 93, 94, 106, -1,
				  93, 106, 105, -1, 94, 95, 107, -1,
				  94, 107, 106, -1, 95, 96, 108, -1,
				  95, 108, 107, -1, 96, 97, 109, -1,
				  96, 109, 108, -1, 97, 98, 110, -1,
				  97, 110, 109, -1, 98, 88, 100, -1,
				  98, 100, 110, -1, 100, 99, 111, -1,
				  100, 111, 112, -1, 99, 101, 113, -1,
				  99, 113, 111, -1, 101, 102, 114, -1,
				  101, 114, 113, -1, 102, 103, 115, -1,
				  102, 115, 114, -1, 103, 104, 116, -1,
				  103, 116, 115, -1, 104, 105, 117, -1,
				  104, 117, 116, -1, 105, 106, 118, -1,
				  105, 118, 117, -1, 106, 107, 119, -1,
				  106, 119, 118, -1, 107, 108, 120, -1,
				  107, 120, 119, -1, 108, 109, 121, -1,
				  108, 121, 120, -1, 109, 110, 122, -1,
				  109, 122, 121, -1, 110, 100, 112, -1,
				  110, 112, 122, -1, 112, 111, 123, -1,
				  112, 123, 124, -1, 111, 113, 125, -1,
				  111, 125, 123, -1, 113, 114, 126, -1,
				  113, 126, 125, -1, 114, 115, 127, -1,
				  114, 127, 126, -1, 115, 116, 128, -1,
				  115, 128, 127, -1, 116, 117, 129, -1,
				  116, 129, 128, -1, 117, 118, 130, -1,
				  117, 130, 129, -1, 118, 119, 131, -1,
				  118, 131, 130, -1, 119, 120, 132, -1,
				  119, 132, 131, -1, 120, 121, 133, -1,
				  120, 133, 132, -1, 121, 122, 134, -1,
				  121, 134, 133, -1, 122, 112, 124, -1,
				  122, 124, 134, -1, 131, 132, 133, -1,
				  130, 131, 133, -1, 129, 130, 133, -1,
				  128, 129, 133, -1, 127, 128, 133, -1,
				  126, 127, 133, -1, 125, 126, 133, -1,
				  123, 125, 133, -1, 124, 123, 133, -1,
				  134, 124, 133, -1, 135, 1, 0, -1,
				  136, 1, 135, -1, 135, 0, 137, -1,
				  0, 138, 137, -1, 1, 136, 139, -1,
				  1, 139, 4, -1, 5, 140, 6, -1,
				  5, 141, 140, -1, 141, 5, 8, -1,
				  142, 6, 143, -1, 6, 144, 143, -1,
				  6, 140, 144, -1, 6, 142, 145, -1,
				  146, 6, 145, -1, 147, 6, 146, -1,
				  6, 147, 9, -1, 0, 148, 138, -1,
				  0, 149, 148, -1, 149, 0, 3, -1,
				  150, 4, 151, -1, 4, 150, 152, -1,
				  4, 139, 153, -1, 151, 4, 153, -1,
				  4, 152, 154, -1, 4, 154, 155, -1,
				  156, 157, 155, -1, 156, 158, 157, -1,
				  4, 155, 159, -1, 159, 155, 160, -1,
				  4, 159, 13, -1, 155, 157, 160, -1,
				  161, 14, 162, -1, 14, 161, 8, -1,
				  162, 14, 163, -1, 14, 164, 163, -1,
				  14, 159, 164, -1, 159, 14, 16, -1,
				  141, 8, 165, -1, 165, 8, 166, -1,
				  166, 8, 167, -1, 8, 161, 167, -1,
				  168, 9, 147, -1, 9, 168, 19, -1,
				  169, 19, 170, -1, 170, 19, 171, -1,
				  172, 19, 169, -1, 19, 172, 21, -1,
				  19, 168, 171, -1, 173, 21, 174, -1,
				  21, 173, 23, -1, 21, 172, 174, -1,
				  175, 23, 173, -1, 23, 175, 25, -1,
				  176, 25, 175, -1, 25, 176, 177, -1,
				  149, 25, 177, -1, 25, 149, 3, -1,
				  13, 159, 16, -1, 178, 179, 180, -1,
				  178, 180, 181, -1, 179, 182, 183, -1,
				  179, 183, 180, -1, 182, 184, 185, -1,
				  182, 185, 183, -1, 184, 186, 187, -1,
				  184, 187, 185, -1, 186, 188, 189, -1,
				  186, 189, 187, -1, 188, 190, 191, -1,
				  188, 191, 189, -1, 190, 192, 193, -1,
				  190, 193, 191, -1, 192, 194, 195, -1,
				  192, 195, 193, -1, 194, 196, 197, -1,
				  194, 197, 195, -1, 196, 198, 199, -1,
				  196, 199, 197, -1, 198, 200, 201, -1,
				  198, 201, 199, -1, 200, 202, 203, -1,
				  200, 203, 201, -1, 202, 204, 205, -1,
				  202, 205, 203, -1, 204, 206, 207, -1,
				  204, 207, 205, -1, 206, 208, 209, -1,
				  206, 209, 207, -1, 208, 210, 211, -1,
				  208, 211, 209, -1, 210, 212, 213, -1,
				  210, 213, 211, -1, 212, 214, 215, -1,
				  212, 215, 213, -1, 214, 216, 217, -1,
				  214, 217, 215, -1, 216, 218, 219, -1,
				  216, 219, 217, -1, 218, 220, 221, -1,
				  218, 221, 219, -1, 220, 222, 223, -1,
				  220, 223, 221, -1, 222, 224, 225, -1,
				  222, 225, 223, -1, 224, 178, 181, -1,
				  224, 181, 225, -1, 181, 180, 226, -1,
				  181, 226, 227, -1, 180, 183, 228, -1,
				  180, 228, 226, -1, 183, 185, 229, -1,
				  183, 229, 228, -1, 185, 187, 230, -1,
				  185, 230, 229, -1, 187, 189, 231, -1,
				  187, 231, 230, -1, 189, 191, 232, -1,
				  189, 232, 231, -1, 191, 193, 233, -1,
				  191, 233, 232, -1, 193, 195, 234, -1,
				  193, 234, 233, -1, 195, 197, 235, -1,
				  195, 235, 234, -1, 197, 199, 236, -1,
				  197, 236, 235, -1, 199, 201, 237, -1,
				  199, 237, 236, -1, 201, 203, 238, -1,
				  201, 238, 237, -1, 203, 205, 239, -1,
				  203, 239, 238, -1, 205, 207, 240, -1,
				  205, 240, 239, -1, 207, 209, 241, -1,
				  207, 241, 240, -1, 209, 211, 242, -1,
				  209, 242, 241, -1, 211, 213, 243, -1,
				  211, 243, 242, -1, 213, 215, 244, -1,
				  213, 244, 243, -1, 215, 217, 245, -1,
				  215, 245, 244, -1, 217, 219, 246, -1,
				  217, 246, 245, -1, 219, 221, 247, -1,
				  219, 247, 246, -1, 221, 223, 248, -1,
				  221, 248, 247, -1, 223, 225, 249, -1,
				  223, 249, 248, -1, 225, 181, 227, -1,
				  225, 227, 249, -1, 227, 226, 250, -1,
				  227, 250, 251, -1, 226, 228, 252, -1,
				  226, 252, 250, -1, 228, 229, 253, -1,
				  228, 253, 252, -1, 229, 230, 254, -1,
				  229, 254, 253, -1, 230, 231, 255, -1,
				  230, 255, 254, -1, 231, 232, 256, -1,
				  231, 256, 255, -1, 232, 233, 257, -1,
				  232, 257, 256, -1, 233, 234, 258, -1,
				  233, 258, 257, -1, 234, 235, 259, -1,
				  234, 259, 258, -1, 235, 236, 260, -1,
				  235, 260, 259, -1, 236, 237, 261, -1,
				  236, 261, 260, -1, 237, 238, 262, -1,
				  237, 262, 261, -1, 238, 239, 263, -1,
				  238, 263, 262, -1, 239, 240, 264, -1,
				  239, 264, 263, -1, 240, 241, 265, -1,
				  240, 265, 264, -1, 241, 242, 266, -1,
				  241, 266, 265, -1, 245, 246, 267, -1,
				  246, 247, 268, -1, 246, 268, 267, -1,
				  247, 248, 269, -1, 247, 269, 268, -1,
				  248, 249, 270, -1, 248, 270, 269, -1,
				  249, 227, 251, -1, 249, 251, 270, -1,
				  251, 250, 271, -1, 251, 271, 272, -1,
				  250, 252, 273, -1, 250, 273, 271, -1,
				  252, 253, 274, -1, 252, 274, 273, -1,
				  253, 254, 275, -1, 253, 275, 274, -1,
				  257, 258, 276, -1, 258, 259, 277, -1,
				  258, 277, 276, -1, 259, 260, 278, -1,
				  259, 278, 277, -1, 260, 261, 279, -1,
				  260, 279, 278, -1, 261, 262, 280, -1,
				  261, 280, 279, -1, 262, 263, 281, -1,
				  262, 281, 280, -1, 263, 264, 282, -1,
				  263, 282, 281, -1, 264, 265, 283, -1,
				  264, 283, 282, -1, 267, 268, 284, -1,
				  268, 269, 285, -1, 268, 285, 284, -1,
				  269, 270, 286, -1, 269, 286, 285, -1,
				  270, 251, 272, -1, 270, 272, 286, -1,
				  272, 271, 287, -1, 272, 287, 288, -1,
				  271, 273, 289, -1, 271, 289, 287, -1,
				  277, 278, 290, -1, 278, 279, 291, -1,
				  278, 291, 290, -1, 279, 280, 292, -1,
				  279, 292, 291, -1, 280, 281, 293, -1,
				  280, 293, 292, -1, 281, 282, 294, -1,
				  281, 294, 293, -1, 282, 283, 295, -1,
				  282, 295, 294, -1, 284, 285, 296, -1,
				  284, 296, 297, -1, 285, 286, 298, -1,
				  285, 298, 296, -1, 286, 272, 288, -1,
				  286, 288, 298, -1, 288, 287, 299, -1,
				  288, 299, 300, -1, 287, 289, 301, -1,
				  287, 301, 299, -1, 290, 291, 302, -1,
				  290, 302, 303, -1, 291, 292, 304, -1,
				  291, 304, 302, -1, 292, 293, 305, -1,
				  292, 305, 304, -1, 293, 294, 306, -1,
				  293, 306, 305, -1, 294, 295, 307, -1,
				  294, 307, 306, -1, 297, 296, 308, -1,
				  297, 308, 309, -1, 296, 298, 310, -1,
				  296, 310, 308, -1, 298, 288, 300, -1,
				  298, 300, 310, -1, 300, 299, 311, -1,
				  300, 311, 312, -1, 299, 301, 313, -1,
				  299, 313, 311, -1, 303, 302, 314, -1,
				  303, 314, 315, -1, 302, 304, 316, -1,
				  302, 316, 314, -1, 304, 305, 317, -1,
				  304, 317, 316, -1, 305, 306, 318, -1,
				  305, 318, 317, -1, 306, 307, 319, -1,
				  306, 319, 318, -1, 307, 320, 319, -1,
				  309, 308, 321, -1, 309, 321, 322, -1,
				  308, 310, 323, -1, 308, 323, 321, -1,
				  310, 300, 312, -1, 310, 312, 323, -1,
				  312, 311, 324, -1, 312, 324, 325, -1,
				  311, 313, 326, -1, 311, 326, 324, -1,
				  315, 314, 327, -1, 315, 327, 328, -1,
				  314, 316, 329, -1, 314, 329, 327, -1,
				  316, 317, 330, -1, 316, 330, 329, -1,
				  317, 318, 331, -1, 317, 331, 330, -1,
				  318, 319, 332, -1, 318, 332, 331, -1,
				  319, 320, 333, -1, 319, 333, 332, -1,
				  334, 322, 335, -1, 334, 335, 336, -1,
				  322, 321, 337, -1, 322, 337, 335, -1,
				  321, 323, 338, -1, 321, 338, 337, -1,
				  323, 312, 325, -1, 323, 325, 338, -1,
				  325, 324, 339, -1, 325, 339, 340, -1,
				  324, 326, 341, -1, 324, 341, 339, -1,
				  328, 327, 342, -1, 328, 342, 343, -1,
				  327, 329, 344, -1, 327, 344, 342, -1,
				  329, 330, 345, -1, 329, 345, 344, -1,
				  330, 331, 346, -1, 330, 346, 345, -1,
				  335, 337, 347, -1, 337, 338, 348, -1,
				  337, 348, 347, -1, 338, 325, 340, -1,
				  338, 340, 348, -1, 342, 344, 349, -1,
				  344, 345, 350, -1, 344, 350, 349, -1,
				  345, 351, 350, -1, 347, 348, 352, -1,
				  348, 340, 353, -1, 348, 353, 352, -1,
				  354, 254, 255, -1, 255, 355, 354, -1,
				  275, 356, 357, -1, 356, 275, 254, -1,
				  254, 354, 356, -1, 358, 255, 256, -1,
				  255, 358, 355, -1, 256, 359, 358, -1,
				  360, 256, 257, -1, 257, 361, 360, -1,
				  256, 360, 359, -1, 361, 257, 362, -1,
				  257, 276, 362, -1, 276, 363, 362, -1,
				  364, 273, 274, -1, 273, 364, 289, -1,
				  274, 365, 364, -1, 366, 289, 364, -1,
				  274, 275, 367, -1, 368, 274, 367, -1,
				  367, 275, 369, -1, 275, 370, 369, -1,
				  274, 368, 365, -1, 370, 275, 357, -1,
				  276, 371, 363, -1, 276, 277, 372, -1,
				  372, 277, 373, -1, 276, 372, 371, -1,
				  277, 374, 373, -1, 374, 277, 290, -1,
				  290, 375, 374, -1, 375, 290, 303, -1,
				  376, 289, 366, -1, 289, 376, 301, -1,
				  377, 301, 376, -1, 303, 378, 375, -1,
				  303, 379, 378, -1, 379, 303, 315, -1,
				  380, 301, 377, -1, 301, 380, 313, -1,
				  381, 313, 380, -1, 315, 382, 379, -1,
				  315, 383, 382, -1, 383, 315, 328, -1,
				  384, 313, 381, -1, 313, 384, 326, -1,
				  385, 326, 384, -1, 328, 386, 383, -1,
				  386, 328, 387, -1, 387, 328, 343, -1,
				  385, 388, 326, -1, 343, 389, 387, -1,
				  389, 343, 390, -1, 343, 391, 390, -1,
				  392, 393, 394, -1, 393, 395, 396, -1,
				  393, 396, 397, -1, 395, 398, 396, -1,
				  399, 400, 401, -1, 399, 401, 402, -1,
				  400, 403, 404, -1, 400, 404, 401, -1,
				  403, 405, 404, -1, 394, 393, 397, -1,
				  394, 397, 406, -1, 397, 396, 407, -1,
				  397, 407, 408, -1, 396, 398, 409, -1,
				  396, 409, 407, -1, 398, 410, 411, -1,
				  398, 411, 409, -1, 410, 412, 413, -1,
				  410, 413, 411, -1, 412, 402, 414, -1,
				  412, 414, 413, -1, 402, 401, 415, -1,
				  402, 415, 414, -1, 401, 404, 416, -1,
				  401, 416, 415, -1, 404, 405, 417, -1,
				  404, 417, 416, -1, 405, 418, 417, -1,
				  419, 406, 420, -1, 419, 420, 421, -1,
				  406, 397, 408, -1, 406, 408, 420, -1,
				  408, 407, 422, -1, 408, 422, 423, -1,
				  407, 409, 424, -1, 407, 424, 422, -1,
				  409, 411, 425, -1, 409, 425, 424, -1,
				  411, 413, 426, -1, 411, 426, 425, -1,
				  413, 414, 427, -1, 413, 427, 426, -1,
				  414, 415, 428, -1, 414, 428, 427, -1,
				  415, 416, 429, -1, 415, 429, 428, -1,
				  416, 417, 430, -1, 416, 430, 429, -1,
				  417, 418, 431, -1, 417, 431, 430, -1,
				  418, 421, 432, -1, 418, 432, 431, -1,
				  421, 420, 433, -1, 421, 433, 432, -1,
				  420, 408, 423, -1, 420, 423, 433, -1,
				  423, 422, 434, -1, 423, 434, 435, -1,
				  422, 424, 436, -1, 422, 436, 434, -1,
				  424, 425, 437, -1, 424, 437, 436, -1,
				  425, 426, 438, -1, 425, 438, 437, -1,
				  426, 427, 439, -1, 426, 439, 438, -1,
				  427, 428, 440, -1, 427, 440, 439, -1,
				  428, 429, 441, -1, 428, 441, 440, -1,
				  429, 430, 442, -1, 429, 442, 441, -1,
				  430, 431, 443, -1, 430, 443, 442, -1,
				  431, 432, 444, -1, 431, 444, 443, -1,
				  432, 433, 445, -1, 432, 445, 444, -1,
				  433, 423, 435, -1, 433, 435, 445, -1,
				  435, 434, 446, -1, 435, 446, 447, -1,
				  434, 436, 448, -1, 434, 448, 446, -1,
				  436, 437, 449, -1, 436, 449, 448, -1,
				  437, 438, 450, -1, 437, 450, 449, -1,
				  438, 439, 451, -1, 438, 451, 450, -1,
				  439, 440, 452, -1, 439, 452, 451, -1,
				  440, 441, 453, -1, 440, 453, 452, -1,
				  441, 442, 454, -1, 441, 454, 453, -1,
				  442, 443, 455, -1, 442, 455, 454, -1,
				  443, 444, 456, -1, 443, 456, 455, -1,
				  444, 445, 457, -1, 444, 457, 456, -1,
				  445, 435, 447, -1, 445, 447, 457, -1,
				  447, 446, 458, -1, 447, 458, 459, -1,
				  446, 448, 460, -1, 446, 460, 458, -1,
				  448, 449, 461, -1, 448, 461, 460, -1,
				  449, 450, 462, -1, 449, 462, 461, -1,
				  450, 451, 463, -1, 450, 463, 462, -1,
				  451, 452, 464, -1, 451, 464, 463, -1,
				  452, 453, 465, -1, 452, 465, 464, -1,
				  453, 454, 466, -1, 453, 466, 465, -1,
				  454, 455, 467, -1, 454, 467, 466, -1,
				  455, 456, 468, -1, 455, 468, 467, -1,
				  456, 457, 469, -1, 456, 469, 468, -1,
				  457, 447, 459, -1, 457, 459, 469, -1,
				  459, 458, 470, -1, 459, 470, 471, -1,
				  458, 460, 472, -1, 458, 472, 470, -1,
				  460, 461, 473, -1, 460, 473, 472, -1,
				  461, 462, 474, -1, 461, 474, 473, -1,
				  462, 463, 475, -1, 462, 475, 474, -1,
				  463, 464, 476, -1, 463, 476, 475, -1,
				  464, 465, 477, -1, 464, 477, 476, -1,
				  465, 466, 478, -1, 465, 478, 477, -1,
				  466, 467, 479, -1, 466, 479, 478, -1,
				  467, 468, 480, -1, 467, 480, 479, -1,
				  468, 469, 481, -1, 468, 481, 480, -1,
				  469, 459, 471, -1, 469, 471, 481, -1,
				  471, 470, 482, -1, 471, 482, 483, -1,
				  470, 472, 484, -1, 470, 484, 482, -1,
				  472, 473, 485, -1, 472, 485, 484, -1,
				  473, 474, 486, -1, 473, 486, 485, -1,
				  474, 475, 487, -1, 474, 487, 486, -1,
				  475, 476, 488, -1, 475, 488, 487, -1,
				  476, 477, 489, -1, 476, 489, 488, -1,
				  477, 478, 490, -1, 477, 490, 489, -1,
				  478, 479, 491, -1, 478, 491, 490, -1,
				  479, 480, 492, -1, 479, 492, 491, -1,
				  480, 481, 493, -1, 480, 493, 492, -1,
				  481, 471, 483, -1, 481, 483, 493, -1,
				  483, 482, 494, -1, 483, 494, 495, -1,
				  482, 484, 496, -1, 482, 496, 494, -1,
				  484, 485, 497, -1, 484, 497, 496, -1,
				  485, 486, 498, -1, 485, 498, 497, -1,
				  486, 487, 499, -1, 486, 499, 498, -1,
				  487, 488, 500, -1, 487, 500, 499, -1,
				  488, 489, 501, -1, 488, 501, 500, -1,
				  489, 490, 502, -1, 489, 502, 501, -1,
				  490, 491, 503, -1, 490, 503, 502, -1,
				  491, 492, 504, -1, 491, 504, 503, -1,
				  492, 493, 505, -1, 492, 505, 504, -1,
				  493, 483, 495, -1, 493, 495, 505, -1,
				  495, 494, 506, -1, 495, 506, 507, -1,
				  494, 496, 508, -1, 494, 508, 506, -1,
				  496, 497, 509, -1, 496, 509, 508, -1,
				  497, 498, 510, -1, 497, 510, 509, -1,
				  498, 499, 511, -1, 498, 511, 510, -1,
				  499, 500, 512, -1, 499, 512, 511, -1,
				  500, 501, 513, -1, 500, 513, 512, -1,
				  501, 502, 514, -1, 501, 514, 513, -1,
				  502, 503, 515, -1, 502, 515, 514, -1,
				  503, 504, 516, -1, 503, 516, 515, -1,
				  504, 505, 517, -1, 504, 517, 516, -1,
				  505, 495, 507, -1, 505, 507, 517, -1,
				  507, 506, 518, -1, 507, 518, 519, -1,
				  506, 508, 520, -1, 506, 520, 518, -1,
				  508, 509, 521, -1, 508, 521, 520, -1,
				  509, 510, 522, -1, 509, 522, 521, -1,
				  510, 511, 523, -1, 510, 523, 522, -1,
				  511, 512, 524, -1, 511, 524, 523, -1,
				  512, 513, 525, -1, 512, 525, 524, -1,
				  513, 514, 526, -1, 513, 526, 525, -1,
				  514, 515, 527, -1, 514, 527, 526, -1,
				  515, 516, 528, -1, 515, 528, 527, -1,
				  516, 517, 529, -1, 516, 529, 528, -1,
				  517, 507, 519, -1, 517, 519, 529, -1,
				  526, 527, 528, -1, 525, 526, 528, -1,
				  524, 525, 528, -1, 523, 524, 528, -1,
				  522, 523, 528, -1, 521, 522, 528, -1,
				  520, 521, 528, -1, 518, 520, 528, -1,
				  519, 518, 528, -1, 529, 519, 528, -1,
				  410, 398, 354, -1, 410, 354, 355, -1,
				  398, 395, 357, -1, 398, 357, 356, -1,
				  398, 356, 354, -1, 410, 358, 359, -1,
				  410, 355, 358, -1, 412, 360, 361, -1,
				  410, 359, 412, -1, 412, 359, 360, -1,
				  362, 412, 361, -1, 412, 362, 402, -1,
				  402, 362, 363, -1, 395, 393, 364, -1,
				  395, 364, 365, -1, 364, 393, 366, -1,
				  367, 395, 368, -1, 369, 395, 367, -1,
				  395, 369, 370, -1, 395, 365, 368, -1,
				  357, 395, 370, -1, 399, 402, 371, -1,
				  402, 363, 371, -1, 373, 399, 372, -1,
				  399, 373, 400, -1, 400, 373, 374, -1,
				  372, 399, 371, -1, 400, 374, 375, -1,
				  366, 393, 376, -1, 376, 393, 377, -1,
				  400, 375, 378, -1, 400, 378, 403, -1,
				  403, 378, 379, -1, 377, 393, 380, -1,
				  393, 392, 381, -1, 380, 393, 381, -1,
				  403, 379, 382, -1, 403, 382, 383, -1,
				  381, 392, 385, -1, 384, 381, 385, -1,
				  530, 403, 386, -1, 403, 383, 386, -1,
				  387, 530, 386, -1, 392, 531, 388, -1,
				  392, 388, 385, -1, 530, 387, 389, -1,
				  530, 390, 391, -1, 390, 530, 389, -1,
				  341, 326, 532, -1, 326, 533, 532, -1,
				  533, 326, 388, -1, 534, 340, 339, -1,
				  340, 534, 353, -1, 339, 535, 534, -1,
				  339, 341, 536, -1, 341, 537, 536, -1,
				  535, 339, 536, -1, 341, 532, 537, -1,
				  343, 538, 539, -1, 343, 539, 391, -1,
				  343, 342, 540, -1, 343, 540, 538, -1,
				  342, 541, 540, -1, 541, 342, 349, -1,
				  349, 542, 541, -1, 353, 534, 543, -1,
				  544, 353, 543, -1, 545, 353, 544, -1,
				  353, 545, 352, -1, 542, 349, 546, -1,
				  349, 547, 546, -1, 349, 350, 547, -1,
				  350, 548, 547, -1, 547, 349, 549, -1,
				  350, 351, 550, -1, 551, 350, 550, -1,
				  350, 551, 548, -1, 351, 552, 550, -1,
				  552, 351, 553, -1, 554, 555, 556, -1,
				  554, 352, 557, -1, 558, 554, 557, -1,
				  554, 558, 555, -1, 352, 559, 557, -1,
				  559, 352, 545, -1, 388, 531, 560, -1,
				  388, 560, 533, -1, 531, 561, 560, -1,
				  531, 562, 561, -1, 391, 539, 563, -1,
				  563, 391, 564, -1, 564, 391, 565, -1,
				  530, 566, 403, -1, 403, 567, 568, -1,
				  403, 566, 567, -1, 403, 568, 569, -1,
				  403, 569, 405, -1, 392, 394, 570, -1,
				  571, 392, 570, -1, 392, 571, 531, -1,
				  570, 394, 572, -1, 572, 394, 573, -1,
				  573, 394, 406, -1, 405, 569, 574, -1,
				  405, 574, 575, -1, 576, 405, 575, -1,
				  405, 576, 418, -1, 577, 419, 578, -1,
				  419, 577, 406, -1, 419, 579, 578, -1,
				  579, 419, 421, -1, 406, 577, 573, -1,
				  418, 576, 580, -1, 418, 580, 421, -1,
				  421, 580, 579, -1, 531, 571, 581, -1,
				  581, 562, 531, -1, 567, 565, 391, -1,
				  582, 567, 391, -1, 530, 391, 582, -1,
				  566, 530, 563, -1, 530, 582, 563, -1,
				  583, 584, 585, -1, 583, 585, 586, -1,
				  587, 588, 589, -1, 587, 589, 590, -1,
				  588, 591, 592, -1, 588, 592, 589, -1,
				  591, 593, 594, -1, 591, 594, 592, -1,
				  595, 596, 597, -1, 595, 597, 598, -1,
				  596, 583, 586, -1, 596, 586, 597, -1,
				  586, 585, 599, -1, 586, 599, 600, -1,
				  585, 601, 599, -1, 590, 589, 602, -1,
				  590, 602, 603, -1, 589, 592, 604, -1,
				  589, 604, 602, -1, 592, 594, 605, -1,
				  592, 605, 604, -1, 594, 606, 607, -1,
				  594, 607, 605, -1, 606, 598, 608, -1,
				  606, 608, 607, -1, 598, 597, 609, -1,
				  598, 609, 608, -1, 597, 586, 600, -1,
				  597, 600, 609, -1, 600, 599, 610, -1,
				  600, 610, 611, -1, 599, 601, 612, -1,
				  599, 612, 610, -1, 601, 613, 612, -1,
				  614, 603, 615, -1, 614, 615, 616, -1,
				  603, 602, 617, -1, 603, 617, 615, -1,
				  602, 604, 618, -1, 602, 618, 617, -1,
				  604, 605, 619, -1, 604, 619, 618, -1,
				  605, 607, 620, -1, 605, 620, 619, -1,
				  607, 608, 621, -1, 607, 621, 620, -1,
				  608, 609, 622, -1, 608, 622, 621, -1,
				  609, 600, 611, -1, 609, 611, 622, -1,
				  611, 610, 623, -1, 611, 623, 624, -1,
				  610, 612, 625, -1, 610, 625, 623, -1,
				  612, 613, 626, -1, 612, 626, 625, -1,
				  613, 616, 627, -1, 613, 627, 626, -1,
				  616, 615, 628, -1, 616, 628, 627, -1,
				  615, 617, 629, -1, 615, 629, 628, -1,
				  617, 618, 630, -1, 617, 630, 629, -1,
				  618, 619, 631, -1, 618, 631, 630, -1,
				  619, 620, 632, -1, 619, 632, 631, -1,
				  620, 621, 633, -1, 620, 633, 632, -1,
				  621, 622, 634, -1, 621, 634, 633, -1,
				  622, 611, 624, -1, 622, 624, 634, -1,
				  624, 623, 635, -1, 624, 635, 636, -1,
				  623, 625, 637, -1, 623, 637, 635, -1,
				  625, 626, 638, -1, 625, 638, 637, -1,
				  626, 627, 639, -1, 626, 639, 638, -1,
				  627, 628, 640, -1, 627, 640, 639, -1,
				  628, 629, 641, -1, 628, 641, 640, -1,
				  629, 630, 642, -1, 629, 642, 641, -1,
				  630, 631, 643, -1, 630, 643, 642, -1,
				  631, 632, 644, -1, 631, 644, 643, -1,
				  632, 633, 645, -1, 632, 645, 644, -1,
				  633, 634, 646, -1, 633, 646, 645, -1,
				  634, 624, 636, -1, 634, 636, 646, -1,
				  636, 635, 647, -1, 636, 647, 648, -1,
				  635, 637, 649, -1, 635, 649, 647, -1,
				  637, 638, 650, -1, 637, 650, 649, -1,
				  638, 639, 651, -1, 638, 651, 650, -1,
				  639, 640, 652, -1, 639, 652, 651, -1,
				  640, 641, 653, -1, 640, 653, 652, -1,
				  641, 642, 654, -1, 641, 654, 653, -1,
				  642, 643, 655, -1, 642, 655, 654, -1,
				  643, 644, 656, -1, 643, 656, 655, -1,
				  644, 645, 657, -1, 644, 657, 656, -1,
				  645, 646, 658, -1, 645, 658, 657, -1,
				  646, 636, 648, -1, 646, 648, 658, -1,
				  648, 647, 659, -1, 648, 659, 660, -1,
				  647, 649, 661, -1, 647, 661, 659, -1,
				  649, 650, 662, -1, 649, 662, 661, -1,
				  650, 651, 663, -1, 650, 663, 662, -1,
				  651, 652, 664, -1, 651, 664, 663, -1,
				  652, 653, 665, -1, 652, 665, 664, -1,
				  653, 654, 666, -1, 653, 666, 665, -1,
				  654, 655, 667, -1, 654, 667, 666, -1,
				  655, 656, 668, -1, 655, 668, 667, -1,
				  656, 657, 669, -1, 656, 669, 668, -1,
				  657, 658, 670, -1, 657, 670, 669, -1,
				  658, 648, 660, -1, 658, 660, 670, -1,
				  660, 659, 671, -1, 660, 671, 672, -1,
				  659, 661, 673, -1, 659, 673, 671, -1,
				  661, 662, 674, -1, 661, 674, 673, -1,
				  662, 663, 675, -1, 662, 675, 674, -1,
				  663, 664, 676, -1, 663, 676, 675, -1,
				  664, 665, 677, -1, 664, 677, 676, -1,
				  665, 666, 678, -1, 665, 678, 677, -1,
				  666, 667, 679, -1, 666, 679, 678, -1,
				  667, 668, 680, -1, 667, 680, 679, -1,
				  668, 669, 681, -1, 668, 681, 680, -1,
				  669, 670, 682, -1, 669, 682, 681, -1,
				  670, 660, 672, -1, 670, 672, 682, -1,
				  672, 671, 683, -1, 672, 683, 684, -1,
				  671, 673, 685, -1, 671, 685, 683, -1,
				  673, 674, 686, -1, 673, 686, 685, -1,
				  674, 675, 687, -1, 674, 687, 686, -1,
				  675, 676, 688, -1, 675, 688, 687, -1,
				  676, 677, 689, -1, 676, 689, 688, -1,
				  677, 678, 690, -1, 677, 690, 689, -1,
				  678, 679, 691, -1, 678, 691, 690, -1,
				  679, 680, 692, -1, 679, 692, 691, -1,
				  680, 681, 693, -1, 680, 693, 692, -1,
				  681, 682, 694, -1, 681, 694, 693, -1,
				  682, 672, 684, -1, 682, 684, 694, -1,
				  684, 683, 695, -1, 684, 695, 696, -1,
				  683, 685, 697, -1, 683, 697, 695, -1,
				  685, 686, 698, -1, 685, 698, 697, -1,
				  686, 687, 699, -1, 686, 699, 698, -1,
				  687, 688, 700, -1, 687, 700, 699, -1,
				  688, 689, 701, -1, 688, 701, 700, -1,
				  689, 690, 702, -1, 689, 702, 701, -1,
				  690, 691, 703, -1, 690, 703, 702, -1,
				  691, 692, 704, -1, 691, 704, 703, -1,
				  692, 693, 705, -1, 692, 705, 704, -1,
				  693, 694, 706, -1, 693, 706, 705, -1,
				  694, 684, 696, -1, 694, 696, 706, -1,
				  696, 695, 707, -1, 696, 707, 708, -1,
				  695, 697, 709, -1, 695, 709, 707, -1,
				  697, 698, 710, -1, 697, 710, 709, -1,
				  698, 699, 711, -1, 698, 711, 710, -1,
				  699, 700, 712, -1, 699, 712, 711, -1,
				  700, 701, 713, -1, 700, 713, 712, -1,
				  701, 702, 714, -1, 701, 714, 713, -1,
				  702, 703, 715, -1, 702, 715, 714, -1,
				  703, 704, 716, -1, 703, 716, 715, -1,
				  704, 705, 717, -1, 704, 717, 716, -1,
				  705, 706, 718, -1, 705, 718, 717, -1,
				  706, 696, 708, -1, 706, 708, 718, -1,
				  715, 716, 717, -1, 714, 715, 717, -1,
				  713, 714, 717, -1, 712, 713, 717, -1,
				  711, 712, 717, -1, 710, 711, 717, -1,
				  709, 710, 717, -1, 707, 709, 717, -1,
				  708, 707, 717, -1, 718, 708, 717, -1,
				  584, 532, 533, -1, 532, 584, 583, -1,
				  583, 596, 534, -1, 583, 534, 535, -1,
				  532, 583, 537, -1, 583, 536, 537, -1,
				  536, 583, 535, -1, 588, 539, 538, -1,
				  539, 588, 587, -1, 588, 538, 540, -1,
				  588, 540, 591, -1, 591, 540, 541, -1,
				  591, 541, 542, -1, 544, 596, 595, -1,
				  543, 596, 544, -1, 596, 543, 534, -1,
				  544, 595, 545, -1, 546, 591, 542, -1,
				  591, 546, 593, -1, 593, 546, 547, -1,
				  593, 547, 548, -1, 593, 548, 551, -1,
				  550, 593, 551, -1, 595, 719, 720, -1,
				  595, 720, 721, -1, 595, 721, 722, -1,
				  595, 556, 555, -1, 595, 722, 556, -1,
				  595, 555, 558, -1, 557, 595, 558, -1,
				  595, 557, 559, -1, 545, 595, 559, -1,
				  563, 539, 566, -1, 539, 587, 566, -1,
				  587, 568, 567, -1, 587, 567, 566, -1,
				  568, 587, 590, -1, 590, 569, 568, -1,
				  584, 533, 571, -1, 533, 560, 571, -1,
				  570, 584, 571, -1, 572, 584, 570, -1,
				  573, 584, 572, -1, 584, 573, 585, -1,
				  569, 590, 603, -1, 603, 574, 569, -1,
				  574, 603, 614, -1, 575, 614, 576, -1,
				  614, 575, 574, -1, 601, 585, 577, -1,
				  578, 601, 577, -1, 601, 578, 579, -1,
				  585, 573, 577, -1, 576, 614, 616, -1,
				  616, 580, 576, -1, 580, 616, 613, -1,
				  601, 579, 613, -1, 613, 579, 580, -1,
				  560, 581, 571, -1, 581, 560, 561, -1,
				  561, 562, 581, -1, 565, 567, 564, -1,
				  563, 564, 567, -1, 563, 582, 567, -1,
				  567, 582, 566, -1, 582, 563, 566, -1,
				  333, 320, 723, -1, 724, 333, 723, -1,
				  336, 725, 726, -1, 727, 331, 332, -1,
				  331, 727, 346, -1, 332, 728, 727, -1,
				  729, 346, 727, -1, 730, 332, 333, -1,
				  333, 731, 730, -1, 332, 730, 732, -1,
				  728, 332, 732, -1, 733, 333, 724, -1,
				  333, 733, 734, -1, 731, 333, 734, -1,
				  733, 731, 734, -1, 336, 735, 736, -1,
				  736, 725, 336, -1, 336, 335, 735, -1,
				  735, 335, 737, -1, 335, 738, 737, -1,
				  738, 335, 347, -1, 347, 739, 738, -1,
				  345, 346, 740, -1, 351, 345, 740, -1,
				  741, 351, 740, -1, 346, 742, 740, -1,
				  346, 729, 743, -1, 744, 351, 741, -1,
				  351, 744, 552, -1, 742, 346, 743, -1,
				  554, 745, 352, -1, 554, 746, 745, -1,
				  347, 747, 748, -1, 747, 347, 352, -1,
				  739, 347, 748, -1, 554, 749, 746, -1,
				  749, 554, 556, -1, 747, 352, 750, -1,
				  352, 745, 750, -1, 552, 744, 751, -1,
				  552, 751, 752, -1, 752, 751, 753, -1,
				  753, 754, 755, -1, 753, 756, 754, -1,
				  756, 753, 751, -1, 755, 754, 757, -1,
				  757, 758, 759, -1, 758, 757, 754, -1,
				  757, 759, 760, -1, 760, 759, 719, -1,
				  761, 719, 759, -1, 719, 761, 720, -1,
				  720, 761, 762, -1, 763, 720, 762, -1,
				  720, 763, 721, -1, 764, 721, 763, -1,
				  721, 764, 722, -1, 722, 764, 556, -1,
				  556, 765, 749, -1, 765, 556, 764, -1,
				  593, 766, 767, -1, 766, 593, 550, -1,
				  606, 768, 598, -1, 768, 606, 594, -1,
				  594, 593, 767, -1, 768, 594, 767, -1,
				  766, 595, 769, -1, 595, 766, 719, -1,
				  595, 598, 769, -1, 598, 768, 769, -1,
				  766, 550, 552, -1, 766, 552, 752, -1,
				  766, 752, 753, -1, 766, 753, 755, -1,
				  766, 755, 757, -1, 766, 757, 760, -1,
				  766, 760, 719, -1, 770, 771, 772, -1,
				  770, 772, 773, -1, 771, 774, 772, -1,
				  775, 776, 777, -1, 775, 777, 778, -1,
				  776, 779, 777, -1, 780, 773, 781, -1,
				  780, 781, 782, -1, 773, 772, 783, -1,
				  773, 783, 781, -1, 772, 774, 784, -1,
				  772, 784, 783, -1, 774, 778, 785, -1,
				  774, 785, 784, -1, 778, 777, 786, -1,
				  778, 786, 785, -1, 777, 779, 787, -1,
				  777, 787, 786, -1, 779, 788, 789, -1,
				  779, 789, 787, -1, 788, 790, 789, -1,
				  791, 780, 782, -1, 791, 782, 792, -1,
				  782, 781, 793, -1, 782, 793, 794, -1,
				  781, 783, 795, -1, 781, 795, 793, -1,
				  783, 784, 796, -1, 783, 796, 795, -1,
				  784, 785, 797, -1, 784, 797, 796, -1,
				  785, 786, 798, -1, 785, 798, 797, -1,
				  786, 787, 799, -1, 786, 799, 798, -1,
				  787, 789, 800, -1, 787, 800, 799, -1,
				  789, 790, 801, -1, 789, 801, 800, -1,
				  790, 802, 801, -1, 803, 792, 804, -1,
				  803, 804, 805, -1, 792, 782, 794, -1,
				  792, 794, 804, -1, 794, 793, 806, -1,
				  794, 806, 807, -1, 793, 795, 808, -1,
				  793, 808, 806, -1, 795, 796, 809, -1,
				  795, 809, 808, -1, 796, 797, 810, -1,
				  796, 810, 809, -1, 797, 798, 811, -1,
				  797, 811, 810, -1, 798, 799, 812, -1,
				  798, 812, 811, -1, 799, 800, 813, -1,
				  799, 813, 812, -1, 800, 801, 814, -1,
				  800, 814, 813, -1, 801, 802, 815, -1,
				  801, 815, 814, -1, 802, 805, 816, -1,
				  802, 816, 815, -1, 805, 804, 817, -1,
				  805, 817, 816, -1, 804, 794, 807, -1,
				  804, 807, 817, -1, 807, 806, 818, -1,
				  807, 818, 819, -1, 806, 808, 820, -1,
				  806, 820, 818, -1, 808, 809, 821, -1,
				  808, 821, 820, -1, 809, 810, 822, -1,
				  809, 822, 821, -1, 810, 811, 823, -1,
				  810, 823, 822, -1, 811, 812, 824, -1,
				  811, 824, 823, -1, 812, 813, 825, -1,
				  812, 825, 824, -1, 813, 814, 826, -1,
				  813, 826, 825, -1, 814, 815, 827, -1,
				  814, 827, 826, -1, 815, 816, 828, -1,
				  815, 828, 827, -1, 816, 817, 829, -1,
				  816, 829, 828, -1, 817, 807, 819, -1,
				  817, 819, 829, -1, 819, 818, 830, -1,
				  819, 830, 831, -1, 818, 820, 832, -1,
				  818, 832, 830, -1, 820, 821, 833, -1,
				  820, 833, 832, -1, 821, 822, 834, -1,
				  821, 834, 833, -1, 822, 823, 835, -1,
				  822, 835, 834, -1, 823, 824, 836, -1,
				  823, 836, 835, -1, 824, 825, 837, -1,
				  824, 837, 836, -1, 825, 826, 838, -1,
				  825, 838, 837, -1, 826, 827, 839, -1,
				  826, 839, 838, -1, 827, 828, 840, -1,
				  827, 840, 839, -1, 828, 829, 841, -1,
				  828, 841, 840, -1, 829, 819, 831, -1,
				  829, 831, 841, -1, 831, 830, 842, -1,
				  831, 842, 843, -1, 830, 832, 844, -1,
				  830, 844, 842, -1, 832, 833, 845, -1,
				  832, 845, 844, -1, 833, 834, 846, -1,
				  833, 846, 845, -1, 834, 835, 847, -1,
				  834, 847, 846, -1, 835, 836, 848, -1,
				  835, 848, 847, -1, 836, 837, 849, -1,
				  836, 849, 848, -1, 837, 838, 850, -1,
				  837, 850, 849, -1, 838, 839, 851, -1,
				  838, 851, 850, -1, 839, 840, 852, -1,
				  839, 852, 851, -1, 840, 841, 853, -1,
				  840, 853, 852, -1, 841, 831, 843, -1,
				  841, 843, 853, -1, 843, 842, 854, -1,
				  843, 854, 855, -1, 842, 844, 856, -1,
				  842, 856, 854, -1, 844, 845, 857, -1,
				  844, 857, 856, -1, 845, 846, 858, -1,
				  845, 858, 857, -1, 846, 847, 859, -1,
				  846, 859, 858, -1, 847, 848, 860, -1,
				  847, 860, 859, -1, 848, 849, 861, -1,
				  848, 861, 860, -1, 849, 850, 862, -1,
				  849, 862, 861, -1, 850, 851, 863, -1,
				  850, 863, 862, -1, 851, 852, 864, -1,
				  851, 864, 863, -1, 852, 853, 865, -1,
				  852, 865, 864, -1, 853, 843, 855, -1,
				  853, 855, 865, -1, 855, 854, 866, -1,
				  855, 866, 867, -1, 854, 856, 868, -1,
				  854, 868, 866, -1, 856, 857, 869, -1,
				  856, 869, 868, -1, 857, 858, 870, -1,
				  857, 870, 869, -1, 858, 859, 871, -1,
				  858, 871, 870, -1, 859, 860, 872, -1,
				  859, 872, 871, -1, 860, 861, 873, -1,
				  860, 873, 872, -1, 861, 862, 874, -1,
				  861, 874, 873, -1, 862, 863, 875, -1,
				  862, 875, 874, -1, 863, 864, 876, -1,
				  863, 876, 875, -1, 864, 865, 877, -1,
				  864, 877, 876, -1, 865, 855, 867, -1,
				  865, 867, 877, -1, 867, 866, 878, -1,
				  867, 878, 879, -1, 866, 868, 880, -1,
				  866, 880, 878, -1, 868, 869, 881, -1,
				  868, 881, 880, -1, 869, 870, 882, -1,
				  869, 882, 881, -1, 870, 871, 883, -1,
				  870, 883, 882, -1, 871, 872, 884, -1,
				  871, 884, 883, -1, 872, 873, 885, -1,
				  872, 885, 884, -1, 873, 874, 886, -1,
				  873, 886, 885, -1, 874, 875, 887, -1,
				  874, 887, 886, -1, 875, 876, 888, -1,
				  875, 888, 887, -1, 876, 877, 889, -1,
				  876, 889, 888, -1, 877, 867, 879, -1,
				  877, 879, 889, -1, 879, 878, 890, -1,
				  879, 890, 891, -1, 878, 880, 892, -1,
				  878, 892, 890, -1, 880, 881, 893, -1,
				  880, 893, 892, -1, 881, 882, 894, -1,
				  881, 894, 893, -1, 882, 883, 895, -1,
				  882, 895, 894, -1, 883, 884, 896, -1,
				  883, 896, 895, -1, 884, 885, 897, -1,
				  884, 897, 896, -1, 885, 886, 898, -1,
				  885, 898, 897, -1, 886, 887, 899, -1,
				  886, 899, 898, -1, 887, 888, 900, -1,
				  887, 900, 899, -1, 888, 889, 901, -1,
				  888, 901, 900, -1, 889, 879, 891, -1,
				  889, 891, 901, -1, 891, 890, 902, -1,
				  891, 902, 903, -1, 890, 892, 904, -1,
				  890, 904, 902, -1, 892, 893, 905, -1,
				  892, 905, 904, -1, 893, 894, 906, -1,
				  893, 906, 905, -1, 894, 895, 907, -1,
				  894, 907, 906, -1, 895, 896, 908, -1,
				  895, 908, 907, -1, 896, 897, 909, -1,
				  896, 909, 908, -1, 897, 898, 910, -1,
				  897, 910, 909, -1, 898, 899, 911, -1,
				  898, 911, 910, -1, 899, 900, 912, -1,
				  899, 912, 911, -1, 900, 901, 913, -1,
				  900, 913, 912, -1, 901, 891, 903, -1,
				  901, 903, 913, -1, 910, 911, 912, -1,
				  909, 910, 912, -1, 908, 909, 912, -1,
				  907, 908, 912, -1, 906, 907, 912, -1,
				  905, 906, 912, -1, 904, 905, 912, -1,
				  902, 904, 912, -1, 903, 902, 912, -1,
				  913, 903, 912, -1, 790, 788, 724, -1,
				  723, 790, 724, -1, 803, 726, 792, -1,
				  792, 726, 725, -1, 788, 727, 728, -1,
				  727, 788, 729, -1, 788, 730, 731, -1,
				  732, 788, 728, -1, 788, 732, 730, -1,
				  724, 788, 733, -1, 734, 788, 731, -1,
				  788, 734, 733, -1, 791, 736, 735, -1,
				  736, 791, 792, -1, 792, 725, 736, -1,
				  737, 791, 735, -1, 791, 737, 780, -1,
				  780, 737, 738, -1, 780, 738, 739, -1,
				  740, 776, 741, -1, 776, 740, 779, -1,
				  779, 740, 742, -1, 788, 743, 729, -1,
				  743, 788, 779, -1, 741, 776, 744, -1,
				  743, 779, 742, -1, 770, 745, 746, -1,
				  770, 773, 747, -1, 773, 748, 747, -1,
				  748, 773, 780, -1, 748, 780, 739, -1,
				  770, 746, 749, -1, 770, 750, 745, -1,
				  750, 770, 747, -1, 776, 751, 744, -1,
				  751, 776, 775, -1, 751, 775, 754, -1,
				  751, 754, 756, -1, 754, 775, 758, -1,
				  775, 759, 758, -1, 762, 771, 763, -1,
				  763, 771, 764, -1, 764, 771, 765, -1,
				  771, 749, 765, -1, 749, 771, 770, -1,
				  759, 775, 767, -1, 759, 767, 766, -1,
				  774, 771, 768, -1, 774, 768, 778, -1,
				  767, 775, 778, -1, 767, 778, 768, -1,
				  762, 761, 766, -1, 769, 762, 766, -1,
				  762, 769, 771, -1, 771, 769, 768, -1,
				  759, 766, 761, -1, 135, 297, 309, -1,
				  135, 309, 136, -1, 267, 284, 138, -1,
				  284, 137, 138, -1, 137, 284, 297, -1,
				  297, 135, 137, -1, 309, 139, 136, -1,
				  295, 140, 141, -1, 283, 265, 142, -1,
				  143, 283, 142, -1, 283, 143, 144, -1,
				  283, 144, 295, -1, 295, 144, 140, -1,
				  266, 146, 265, -1, 145, 265, 146, -1,
				  265, 145, 142, -1, 146, 266, 147, -1,
				  267, 138, 148, -1, 267, 148, 149, -1,
				  139, 309, 322, -1, 151, 334, 150, -1,
				  334, 151, 322, -1, 334, 152, 150, -1,
				  152, 334, 336, -1, 322, 153, 139, -1,
				  153, 322, 151, -1, 336, 154, 152, -1,
				  154, 336, 726, -1, 726, 155, 154, -1,
				  155, 726, 156, -1, 726, 158, 156, -1,
				  158, 726, 803, -1, 803, 157, 158, -1,
				  805, 159, 803, -1, 159, 805, 802, -1,
				  160, 803, 159, -1, 160, 157, 803, -1,
				  723, 320, 161, -1, 162, 723, 161, -1,
				  723, 162, 914, -1, 163, 914, 162, -1,
				  790, 723, 164, -1, 723, 163, 164, -1,
				  163, 723, 914, -1, 802, 790, 159, -1,
				  790, 164, 159, -1, 295, 141, 307, -1,
				  307, 141, 320, -1, 165, 320, 141, -1,
				  166, 320, 165, -1, 167, 320, 166, -1,
				  167, 161, 320, -1, 147, 266, 168, -1,
				  243, 169, 242, -1, 170, 242, 169, -1,
				  242, 170, 266, -1, 171, 266, 170, -1,
				  169, 243, 172, -1, 266, 171, 168, -1,
				  243, 244, 173, -1, 174, 243, 173, -1,
				  174, 172, 243, -1, 244, 245, 175, -1,
				  173, 244, 175, -1, 175, 245, 176, -1,
				  176, 245, 267, -1, 267, 177, 176, -1,
				  177, 267, 149, -1, 915, 916, 917, -1,
				  916, 918, 917, -1, 917, 918, 919, -1,
				  918, 920, 919, -1, 920, 921, 919, -1,
				  921, 922, 919, -1, 923, 919, 922, -1,
				  924, 919, 923, -1, 925, 919, 924, -1,
				  926, 919, 925, -1, 179, 927, 928, -1,
				  927, 179, 178, -1, 929, 179, 928, -1,
				  179, 929, 182, -1, 178, 930, 927, -1,
				  182, 931, 184, -1, 182, 932, 931, -1,
				  929, 932, 182, -1, 184, 933, 934, -1,
				  933, 184, 931, -1, 935, 184, 934, -1,
				  184, 935, 186, -1, 186, 936, 188, -1,
				  186, 937, 936, -1, 186, 935, 937, -1,
				  188, 938, 190, -1, 188, 939, 938, -1,
				  939, 188, 936, -1, 190, 940, 192, -1,
				  190, 938, 940, -1, 192, 941, 194, -1,
				  192, 942, 941, -1, 942, 192, 940, -1,
				  194, 941, 943, -1, 944, 194, 943, -1,
				  194, 944, 196, -1, 196, 945, 198, -1,
				  196, 946, 945, -1, 196, 944, 946, -1,
				  944, 947, 946, -1, 948, 198, 949, -1,
				  198, 948, 200, -1, 950, 949, 198, -1,
				  945, 950, 198, -1, 200, 951, 202, -1,
				  200, 952, 951, -1, 200, 948, 952, -1,
				  953, 202, 954, -1, 202, 953, 204, -1,
				  954, 202, 955, -1, 956, 955, 202, -1,
				  951, 956, 202, -1, 204, 957, 206, -1,
				  957, 204, 953, -1, 958, 206, 959, -1,
				  206, 958, 208, -1, 206, 957, 959, -1,
				  960, 208, 958, -1, 961, 208, 960, -1,
				  208, 961, 210, -1, 962, 210, 963, -1,
				  210, 962, 212, -1, 210, 964, 963, -1,
				  210, 961, 964, -1, 212, 965, 214, -1,
				  212, 966, 965, -1, 212, 962, 966, -1,
				  967, 214, 968, -1, 214, 967, 216, -1,
				  214, 969, 968, -1, 965, 969, 214, -1,
				  216, 970, 218, -1, 216, 971, 970, -1,
				  216, 967, 971, -1, 972, 218, 973, -1,
				  218, 972, 220, -1, 218, 974, 973, -1,
				  970, 974, 218, -1, 220, 975, 222, -1,
				  220, 976, 975, -1, 220, 972, 976, -1,
				  222, 977, 224, -1, 222, 978, 977, -1,
				  975, 978, 222, -1, 224, 979, 178, -1,
				  224, 980, 979, -1, 224, 977, 980, -1,
				  977, 981, 980, -1, 930, 178, 982, -1,
				  979, 982, 178, -1, 983, 984, 985, -1,
				  983, 985, 986, -1, 984, 987, 988, -1,
				  984, 988, 985, -1, 987, 989, 990, -1,
				  987, 990, 988, -1, 989, 991, 992, -1,
				  989, 992, 990, -1, 991, 993, 994, -1,
				  991, 994, 992, -1, 993, 995, 996, -1,
				  993, 996, 994, -1, 995, 997, 998, -1,
				  995, 998, 996, -1, 997, 999, 998, -1,
				  986, 985, 1000, -1, 986, 1000, 1001, -1,
				  985, 988, 1002, -1, 985, 1002, 1000, -1,
				  988, 990, 1003, -1, 988, 1003, 1002, -1,
				  990, 992, 1004, -1, 990, 1004, 1003, -1,
				  992, 994, 1005, -1, 992, 1005, 1004, -1,
				  994, 996, 1006, -1, 994, 1006, 1005, -1,
				  996, 998, 1007, -1, 996, 1007, 1006, -1,
				  998, 1008, 1007, -1, 1001, 1000, 1009, -1,
				  1001, 1009, 1010, -1, 1000, 1002, 1011, -1,
				  1000, 1011, 1009, -1, 1002, 1003, 1012, -1,
				  1002, 1012, 1011, -1, 1003, 1004, 1013, -1,
				  1003, 1013, 1012, -1, 1004, 1005, 1014, -1,
				  1004, 1014, 1013, -1, 1005, 1006, 1015, -1,
				  1005, 1015, 1014, -1, 1006, 1007, 1016, -1,
				  1006, 1016, 1015, -1, 1007, 1017, 1016, -1,
				  1010, 1009, 1018, -1, 1010, 1018, 1019, -1,
				  1009, 1011, 1020, -1, 1009, 1020, 1018, -1,
				  1011, 1012, 1021, -1, 1011, 1021, 1020, -1,
				  1012, 1013, 1022, -1, 1012, 1022, 1021, -1,
				  1013, 1014, 1023, -1, 1013, 1023, 1022, -1,
				  1014, 1015, 1024, -1, 1014, 1024, 1023, -1,
				  1015, 1016, 1025, -1, 1015, 1025, 1024, -1,
				  1016, 1026, 1025, -1, 1019, 1018, 1027, -1,
				  1019, 1027, 1028, -1, 1018, 1020, 1029, -1,
				  1018, 1029, 1027, -1, 1020, 1021, 1030, -1,
				  1020, 1030, 1029, -1, 1021, 1022, 1031, -1,
				  1021, 1031, 1030, -1, 1022, 1023, 1032, -1,
				  1022, 1032, 1031, -1, 1023, 1024, 1033, -1,
				  1023, 1033, 1032, -1, 1024, 1025, 1034, -1,
				  1024, 1034, 1033, -1, 1025, 1035, 1034, -1,
				  1028, 1027, 1036, -1, 1028, 1036, 1037, -1,
				  1027, 1029, 1038, -1, 1027, 1038, 1036, -1,
				  1029, 1030, 1039, -1, 1029, 1039, 1038, -1,
				  1030, 1031, 1040, -1, 1030, 1040, 1039, -1,
				  1031, 1032, 1041, -1, 1031, 1041, 1040, -1,
				  1032, 1033, 1042, -1, 1032, 1042, 1041, -1,
				  1033, 1034, 1043, -1, 1033, 1043, 1042, -1,
				  1034, 1035, 1044, -1, 1034, 1044, 1043, -1,
				  1037, 1036, 1045, -1, 1037, 1045, 1046, -1,
				  1036, 1038, 1047, -1, 1036, 1047, 1045, -1,
				  1038, 1039, 1048, -1, 1038, 1048, 1047, -1,
				  1039, 1040, 1049, -1, 1039, 1049, 1048, -1,
				  1040, 1041, 1050, -1, 1040, 1050, 1049, -1,
				  1041, 1042, 1051, -1, 1041, 1051, 1050, -1,
				  1042, 1043, 1052, -1, 1042, 1052, 1051, -1,
				  1043, 1044, 1053, -1, 1043, 1053, 1052, -1,
				  1046, 1045, 1054, -1, 1046, 1054, 1055, -1,
				  1045, 1047, 1056, -1, 1045, 1056, 1054, -1,
				  1047, 1048, 1057, -1, 1047, 1057, 1056, -1,
				  1048, 1049, 1058, -1, 1048, 1058, 1057, -1,
				  1049, 1050, 1059, -1, 1049, 1059, 1058, -1,
				  1050, 1051, 1060, -1, 1050, 1060, 1059, -1,
				  1051, 1052, 1061, -1, 1051, 1061, 1060, -1,
				  1052, 1053, 1062, -1, 1052, 1062, 1061, -1,
				  1055, 1054, 1063, -1, 1055, 1063, 1064, -1,
				  1054, 1056, 1065, -1, 1054, 1065, 1063, -1,
				  1056, 1057, 1066, -1, 1056, 1066, 1065, -1,
				  1057, 1058, 1067, -1, 1057, 1067, 1066, -1,
				  1058, 1059, 1068, -1, 1058, 1068, 1067, -1,
				  1059, 1060, 1069, -1, 1059, 1069, 1068, -1,
				  1060, 1061, 1070, -1, 1060, 1070, 1069, -1,
				  1061, 1062, 1071, -1, 1061, 1071, 1070, -1,
				  1064, 1063, 1072, -1, 1064, 1072, 1073, -1,
				  1063, 1065, 1074, -1, 1063, 1074, 1072, -1,
				  1065, 1066, 1075, -1, 1065, 1075, 1074, -1,
				  1066, 1067, 1076, -1, 1066, 1076, 1075, -1,
				  1067, 1068, 1077, -1, 1067, 1077, 1076, -1,
				  1068, 1069, 1078, -1, 1068, 1078, 1077, -1,
				  1069, 1070, 1079, -1, 1069, 1079, 1078, -1,
				  1070, 1071, 1080, -1, 1070, 1080, 1079, -1,
				  1073, 1072, 1081, -1, 1073, 1081, 1082, -1,
				  1072, 1074, 1083, -1, 1072, 1083, 1081, -1,
				  1074, 1075, 1084, -1, 1074, 1084, 1083, -1,
				  1075, 1076, 1085, -1, 1075, 1085, 1084, -1,
				  1076, 1077, 1086, -1, 1076, 1086, 1085, -1,
				  1077, 1078, 1087, -1, 1077, 1087, 1086, -1,
				  1078, 1079, 1088, -1, 1078, 1088, 1087, -1,
				  1079, 1089, 1088, -1, 1082, 1081, 984, -1,
				  1082, 984, 983, -1, 1081, 1083, 987, -1,
				  1081, 987, 984, -1, 1083, 1084, 989, -1,
				  1083, 989, 987, -1, 1084, 1085, 991, -1,
				  1084, 991, 989, -1, 1085, 1086, 993, -1,
				  1085, 993, 991, -1, 1086, 1087, 995, -1,
				  1086, 995, 993, -1, 1087, 1088, 997, -1,
				  1087, 997, 995, -1, 1088, 1090, 997, -1,
				  915, 1064, 1073, -1, 915, 1073, 916, -1,
				  1055, 1064, 915, -1, 1055, 915, 917, -1,
				  916, 1073, 1082, -1, 916, 1082, 918, -1,
				  1046, 1055, 917, -1, 1046, 917, 919, -1,
				  918, 1082, 983, -1, 918, 983, 920, -1,
				  983, 986, 921, -1, 920, 983, 921, -1,
				  921, 986, 1001, -1, 921, 1001, 922, -1,
				  922, 1001, 1010, -1, 922, 1010, 923, -1,
				  923, 1010, 1019, -1, 923, 1019, 924, -1,
				  924, 1019, 1028, -1, 924, 1028, 925, -1,
				  925, 1028, 1037, -1, 925, 1037, 926, -1,
				  926, 1037, 1046, -1, 926, 1046, 919, -1,
				  1090, 928, 927, -1, 928, 1090, 929, -1,
				  1090, 1088, 929, -1, 1090, 927, 930, -1,
				  1089, 931, 932, -1, 1089, 932, 1088, -1,
				  1088, 932, 929, -1, 1089, 934, 933, -1,
				  934, 1089, 1079, -1, 934, 1079, 935, -1,
				  1079, 1080, 935, -1, 1089, 933, 931, -1,
				  1080, 936, 937, -1, 1080, 937, 935, -1,
				  1080, 1071, 938, -1, 1080, 938, 939, -1,
				  1080, 939, 936, -1, 1071, 940, 938, -1,
				  1071, 1062, 941, -1, 1071, 941, 942, -1,
				  1071, 942, 940, -1, 1062, 1091, 941, -1,
				  1091, 943, 941, -1, 943, 1091, 944, -1,
				  1091, 1062, 945, -1, 1062, 1053, 945, -1,
				  1091, 945, 946, -1, 1091, 946, 947, -1,
				  1091, 947, 944, -1, 949, 1092, 948, -1,
				  1053, 1092, 950, -1, 950, 1092, 949, -1,
				  1053, 950, 945, -1, 1092, 1053, 951, -1,
				  1053, 1044, 951, -1, 1092, 951, 952, -1,
				  1092, 952, 948, -1, 953, 1093, 1044, -1,
				  954, 1093, 953, -1, 955, 1093, 954, -1,
				  1044, 1093, 956, -1, 1093, 955, 956, -1,
				  1044, 956, 951, -1, 1044, 1035, 957, -1,
				  953, 1044, 957, -1, 959, 1035, 958, -1,
				  1035, 959, 957, -1, 958, 1035, 960, -1,
				  960, 1035, 1025, -1, 960, 1025, 961, -1,
				  1025, 1026, 961, -1, 963, 1026, 962, -1,
				  1026, 963, 964, -1, 1026, 964, 961, -1,
				  1016, 1017, 965, -1, 1026, 1016, 965, -1,
				  1026, 965, 966, -1, 1026, 966, 962, -1,
				  968, 1017, 967, -1, 1017, 968, 969, -1,
				  1017, 969, 965, -1, 1007, 1008, 970, -1,
				  1017, 1007, 970, -1, 1017, 970, 971, -1,
				  1017, 971, 967, -1, 973, 1008, 972, -1,
				  1008, 973, 974, -1, 1008, 974, 970, -1,
				  998, 999, 975, -1, 1008, 998, 975, -1,
				  1008, 975, 976, -1, 1008, 976, 972, -1,
				  999, 977, 978, -1, 999, 978, 975, -1,
				  997, 1090, 979, -1, 999, 997, 979, -1,
				  999, 979, 980, -1, 999, 980, 981, -1,
				  999, 981, 977, -1, 982, 1090, 930, -1,
				  1090, 982, 979, -1 ]
		normalIndex	[ 0, 1, 1, -1, 0, 1, 2, -1,
				  1, 3, 1, -1, 4, 5, 5, -1,
				  4, 5, 6, -1, 5, 7, 5, -1,
				  2, 1, 1, -1, 2, 1, 2, -1,
				  1, 3, 3, -1, 1, 3, 1, -1,
				  8, 8, 8, -1, 9, 6, 10, -1,
				  9, 10, 9, -1, 6, 5, 5, -1,
				  6, 5, 10, -1, 5, 7, 11, -1,
				  5, 11, 5, -1, 7, 12, 12, -1,
				  7, 12, 11, -1, 13, 13, 13, -1,
				  13, 13, 13, -1, 14, 14, 14, -1,
				  14, 14, 14, -1, 15, 16, 17, -1,
				  15, 17, 15, -1, 16, 2, 2, -1,
				  16, 2, 17, -1, 2, 1, 1, -1,
				  2, 1, 2, -1, 1, 3, 3, -1,
				  1, 3, 1, -1, 8, 8, 8, -1,
				  8, 8, 8, -1, 18, 18, 18, -1,
				  18, 18, 18, -1, 9, 10, 10, -1,
				  9, 10, 9, -1, 10, 5, 5, -1,
				  10, 5, 10, -1, 5, 11, 11, -1,
				  5, 11, 5, -1, 11, 12, 12, -1,
				  11, 12, 11, -1, 13, 13, 13, -1,
				  13, 13, 13, -1, 14, 14, 14, -1,
				  14, 14, 14, -1, 15, 17, 17, -1,
				  15, 17, 15, -1, 17, 2, 2, -1,
				  17, 2, 17, -1, 2, 1, 19, -1,
				  2, 19, 20, -1, 1, 3, 21, -1,
				  1, 21, 19, -1, 8, 8, 22, -1,
				  8, 22, 23, -1, 18, 18, 24, -1,
				  18, 24, 25, -1, 9, 10, 26, -1,
				  9, 26, 27, -1, 10, 5, 28, -1,
				  10, 28, 26, -1, 5, 11, 29, -1,
				  5, 29, 28, -1, 11, 12, 30, -1,
				  11, 30, 29, -1, 13, 13, 31, -1,
				  13, 31, 32, -1, 14, 14, 33, -1,
				  14, 33, 34, -1, 15, 17, 35, -1,
				  15, 35, 36, -1, 17, 2, 20, -1,
				  17, 20, 35, -1, 20, 19, 37, -1,
				  20, 37, 38, -1, 19, 21, 39, -1,
				  19, 39, 37, -1, 23, 22, 40, -1,
				  23, 40, 41, -1, 25, 24, 42, -1,
				  25, 42, 43, -1, 27, 26, 44, -1,
				  27, 44, 45, -1, 26, 28, 46, -1,
				  26, 46, 44, -1, 28, 29, 47, -1,
				  28, 47, 46, -1, 29, 30, 48, -1,
				  29, 48, 47, -1, 32, 31, 49, -1,
				  32, 49, 50, -1, 34, 33, 51, -1,
				  34, 51, 52, -1, 36, 35, 53, -1,
				  36, 53, 54, -1, 35, 20, 38, -1,
				  35, 38, 53, -1, 38, 37, 55, -1,
				  38, 55, 56, -1, 37, 39, 57, -1,
				  37, 57, 55, -1, 41, 40, 58, -1,
				  41, 58, 58, -1, 43, 42, 59, -1,
				  43, 59, 59, -1, 45, 44, 60, -1,
				  45, 60, 61, -1, 44, 46, 62, -1,
				  44, 62, 60, -1, 46, 47, 63, -1,
				  46, 63, 62, -1, 47, 48, 64, -1,
				  47, 64, 63, -1, 50, 49, 65, -1,
				  50, 65, 65, -1, 52, 51, 66, -1,
				  52, 66, 66, -1, 54, 53, 67, -1,
				  54, 67, 68, -1, 53, 38, 56, -1,
				  53, 56, 67, -1, 56, 55, 69, -1,
				  56, 69, 70, -1, 55, 57, 71, -1,
				  55, 71, 69, -1, 58, 58, 58, -1,
				  58, 58, 58, -1, 59, 59, 59, -1,
				  59, 59, 59, -1, 61, 60, 72, -1,
				  61, 72, 73, -1, 60, 62, 74, -1,
				  60, 74, 72, -1, 62, 63, 75, -1,
				  62, 75, 74, -1, 63, 64, 76, -1,
				  63, 76, 75, -1, 65, 65, 77, -1,
				  65, 77, 78, -1, 66, 66, 79, -1,
				  66, 79, 80, -1, 68, 67, 81, -1,
				  68, 81, 82, -1, 67, 56, 70, -1,
				  67, 70, 81, -1, 70, 69, 83, -1,
				  70, 83, 84, -1, 85, 71, 86, -1,
				  85, 86, 83, -1, 87, 88, 89, -1,
				  87, 89, 86, -1, 88, 90, 91, -1,
				  88, 91, 89, -1, 90, 72, 92, -1,
				  90, 92, 91, -1, 93, 74, 94, -1,
				  93, 94, 92, -1, 95, 75, 96, -1,
				  95, 96, 94, -1, 97, 76, 98, -1,
				  97, 98, 96, -1, 78, 77, 99, -1,
				  78, 99, 98, -1, 80, 79, 100, -1,
				  80, 100, 99, -1, 82, 81, 101, -1,
				  82, 101, 100, -1, 102, 103, 84, -1,
				  102, 84, 101, -1, 84, 83, 104, -1,
				  84, 104, 105, -1, 83, 86, 106, -1,
				  83, 106, 104, -1, 86, 89, 107, -1,
				  86, 107, 106, -1, 89, 91, 108, -1,
				  89, 108, 107, -1, 91, 92, 109, -1,
				  91, 109, 108, -1, 92, 94, 110, -1,
				  92, 110, 109, -1, 94, 96, 111, -1,
				  94, 111, 110, -1, 96, 98, 112, -1,
				  96, 112, 111, -1, 98, 99, 113, -1,
				  98, 113, 112, -1, 99, 100, 114, -1,
				  99, 114, 113, -1, 100, 101, 115, -1,
				  100, 115, 114, -1, 101, 84, 105, -1,
				  101, 105, 115, -1, 105, 104, 116, -1,
				  105, 116, 117, -1, 104, 106, 118, -1,
				  104, 118, 116, -1, 106, 107, 119, -1,
				  106, 119, 118, -1, 107, 108, 120, -1,
				  107, 120, 119, -1, 108, 109, 121, -1,
				  108, 121, 120, -1, 109, 110, 122, -1,
				  109, 122, 121, -1, 110, 111, 123, -1,
				  110, 123, 122, -1, 111, 112, 124, -1,
				  111, 124, 123, -1, 112, 113, 125, -1,
				  112, 125, 124, -1, 113, 114, 126, -1,
				  113, 126, 125, -1, 114, 115, 127, -1,
				  114, 127, 126, -1, 115, 105, 117, -1,
				  115, 117, 127, -1, 128, 129, 130, -1,
				  128, 130, 131, -1, 129, 132, 133, -1,
				  129, 133, 130, -1, 132, 134, 135, -1,
				  132, 135, 133, -1, 134, 136, 137, -1,
				  134, 137, 135, -1, 136, 138, 139, -1,
				  136, 139, 137, -1, 138, 140, 141, -1,
				  138, 141, 139, -1, 140, 142, 143, -1,
				  140, 143, 141, -1, 142, 144, 145, -1,
				  142, 145, 143, -1, 144, 146, 147, -1,
				  144, 147, 145, -1, 146, 148, 149, -1,
				  146, 149, 147, -1, 148, 150, 151, -1,
				  148, 151, 149, -1, 150, 128, 131, -1,
				  150, 131, 151, -1, 152, 152, 152, -1,
				  152, 152, 152, -1, 141, 143, 149, -1,
				  139, 141, 149, -1, 137, 139, 149, -1,
				  135, 137, 149, -1, 133, 135, 149, -1,
				  130, 133, 149, -1, 152, 152, 152, -1,
				  152, 152, 152, -1, 153, 1, 0, -1,
				  1, 1, 153, -1, 153, 0, 153, -1,
				  0, 2, 153, -1, 1, 1, 3, -1,
				  1, 3, 3, -1, 4, 154, 5, -1,
				  4, 9, 154, -1, 9, 4, 6, -1,
				  5, 5, 155, -1, 5, 155, 155, -1,
				  5, 154, 155, -1, 5, 5, 156, -1,
				  156, 5, 156, -1, 156, 5, 156, -1,
				  5, 156, 7, -1, 0, 157, 2, -1,
				  0, 158, 157, -1, 158, 0, 2, -1,
				  3, 3, 3, -1, 3, 3, 3, -1,
				  3, 3, 3, -1, 3, 3, 3, -1,
				  3, 3, 3, -1, 3, 3, 3, -1,
				  8, 8, 8, -1, 8, 8, 8, -1,
				  8, 8, 8, -1, 8, 8, 8, -1,
				  8, 8, 8, -1, 8, 8, 8, -1,
				  18, 18, 18, -1, 9, 9, 6, -1,
				  18, 18, 18, -1, 18, 18, 18, -1,
				  18, 18, 18, -1, 18, 18, 18, -1,
				  9, 6, 9, -1, 9, 6, 9, -1,
				  9, 6, 9, -1, 6, 9, 9, -1,
				  159, 7, 156, -1, 7, 159, 12, -1,
				  12, 12, 12, -1, 12, 12, 12, -1,
				  12, 12, 12, -1, 13, 13, 13, -1,
				  12, 159, 12, -1, 13, 13, 13, -1,
				  14, 14, 14, -1, 13, 13, 13, -1,
				  14, 14, 14, -1, 15, 15, 16, -1,
				  15, 16, 15, -1, 16, 15, 15, -1,
				  158, 16, 15, -1, 16, 158, 2, -1,
				  18, 18, 18, -1, 160, 161, 162, -1,
				  160, 162, 160, -1, 161, 163, 164, -1,
				  161, 164, 162, -1, 163, 165, 166, -1,
				  163, 166, 164, -1, 165, 167, 168, -1,
				  165, 168, 166, -1, 167, 169, 170, -1,
				  167, 170, 168, -1, 169, 171, 171, -1,
				  169, 171, 170, -1, 171, 172, 173, -1,
				  171, 173, 171, -1, 172, 174, 175, -1,
				  172, 175, 173, -1, 174, 176, 177, -1,
				  174, 177, 175, -1, 176, 178, 179, -1,
				  176, 179, 177, -1, 178, 180, 181, -1,
				  178, 181, 179, -1, 180, 182, 183, -1,
				  180, 183, 181, -1, 182, 184, 184, -1,
				  182, 184, 183, -1, 184, 185, 186, -1,
				  184, 186, 184, -1, 185, 187, 188, -1,
				  185, 188, 186, -1, 187, 189, 190, -1,
				  187, 190, 188, -1, 189, 191, 192, -1,
				  189, 192, 190, -1, 191, 193, 194, -1,
				  191, 194, 192, -1, 193, 195, 196, -1,
				  193, 196, 194, -1, 195, 197, 198, -1,
				  195, 198, 196, -1, 197, 199, 200, -1,
				  197, 200, 198, -1, 199, 201, 202, -1,
				  199, 202, 200, -1, 201, 203, 204, -1,
				  201, 204, 202, -1, 203, 160, 160, -1,
				  203, 160, 204, -1, 160, 162, 205, -1,
				  160, 205, 206, -1, 162, 164, 207, -1,
				  162, 207, 205, -1, 164, 166, 208, -1,
				  164, 208, 207, -1, 166, 168, 209, -1,
				  166, 209, 208, -1, 168, 170, 210, -1,
				  168, 210, 209, -1, 170, 171, 211, -1,
				  170, 211, 210, -1, 171, 173, 212, -1,
				  171, 212, 211, -1, 173, 175, 213, -1,
				  173, 213, 212, -1, 175, 177, 214, -1,
				  175, 214, 213, -1, 177, 179, 215, -1,
				  177, 215, 214, -1, 179, 181, 216, -1,
				  179, 216, 215, -1, 181, 183, 217, -1,
				  181, 217, 216, -1, 183, 184, 218, -1,
				  183, 218, 217, -1, 184, 186, 219, -1,
				  184, 219, 218, -1, 186, 188, 220, -1,
				  186, 220, 219, -1, 188, 190, 221, -1,
				  188, 221, 220, -1, 190, 192, 222, -1,
				  190, 222, 221, -1, 192, 194, 223, -1,
				  192, 223, 222, -1, 194, 196, 224, -1,
				  194, 224, 223, -1, 196, 198, 225, -1,
				  196, 225, 224, -1, 198, 200, 226, -1,
				  198, 226, 225, -1, 200, 202, 227, -1,
				  200, 227, 226, -1, 202, 204, 228, -1,
				  202, 228, 227, -1, 204, 160, 206, -1,
				  204, 206, 228, -1, 206, 205, 229, -1,
				  206, 229, 230, -1, 205, 207, 231, -1,
				  205, 231, 229, -1, 207, 208, 232, -1,
				  207, 232, 231, -1, 208, 209, 233, -1,
				  208, 233, 232, -1, 209, 210, 234, -1,
				  209, 234, 233, -1, 210, 211, 235, -1,
				  210, 235, 234, -1, 211, 212, 236, -1,
				  211, 236, 235, -1, 212, 213, 237, -1,
				  212, 237, 236, -1, 213, 214, 238, -1,
				  213, 238, 237, -1, 214, 215, 239, -1,
				  214, 239, 238, -1, 215, 216, 240, -1,
				  215, 240, 239, -1, 241, 217, 242, -1,
				  241, 242, 240, -1, 217, 218, 243, -1,
				  244, 243, 242, -1, 218, 219, 245, -1,
				  218, 245, 243, -1, 219, 220, 246, -1,
				  219, 246, 245, -1, 220, 221, 247, -1,
				  220, 247, 246, -1, 224, 225, 248, -1,
				  225, 226, 249, -1, 225, 249, 248, -1,
				  226, 227, 250, -1, 226, 250, 249, -1,
				  227, 228, 251, -1, 227, 251, 250, -1,
				  252, 253, 230, -1, 252, 230, 251, -1,
				  230, 229, 254, -1, 230, 254, 255, -1,
				  229, 231, 256, -1, 229, 256, 254, -1,
				  231, 232, 257, -1, 231, 257, 256, -1,
				  232, 233, 258, -1, 232, 258, 257, -1,
				  236, 237, 259, -1, 260, 238, 261, -1,
				  260, 261, 259, -1, 262, 239, 263, -1,
				  262, 263, 261, -1, 264, 240, 265, -1,
				  264, 265, 263, -1, 266, 242, 267, -1,
				  266, 267, 265, -1, 242, 243, 268, -1,
				  242, 268, 267, -1, 243, 245, 269, -1,
				  243, 269, 268, -1, 245, 246, 270, -1,
				  245, 270, 269, -1, 271, 249, 272, -1,
				  273, 250, 274, -1, 273, 274, 272, -1,
				  275, 251, 276, -1, 275, 276, 274, -1,
				  277, 230, 255, -1, 277, 255, 276, -1,
				  278, 279, 280, -1, 278, 280, 281, -1,
				  279, 282, 283, -1, 279, 283, 280, -1,
				  284, 285, 286, -1, 285, 287, 288, -1,
				  285, 288, 286, -1, 287, 289, 290, -1,
				  287, 290, 288, -1, 289, 291, 292, -1,
				  289, 292, 290, -1, 291, 293, 294, -1,
				  291, 294, 292, -1, 293, 270, 295, -1,
				  293, 295, 294, -1, 296, 297, 298, -1,
				  296, 298, 299, -1, 297, 300, 301, -1,
				  297, 301, 298, -1, 300, 278, 281, -1,
				  300, 281, 301, -1, 281, 280, 302, -1,
				  281, 302, 303, -1, 280, 283, 304, -1,
				  280, 304, 302, -1, 286, 288, 305, -1,
				  286, 305, 306, -1, 288, 290, 307, -1,
				  288, 307, 305, -1, 290, 292, 308, -1,
				  290, 308, 307, -1, 292, 294, 309, -1,
				  292, 309, 308, -1, 294, 295, 310, -1,
				  294, 310, 309, -1, 299, 298, 311, -1,
				  299, 311, 312, -1, 298, 301, 313, -1,
				  298, 313, 311, -1, 301, 281, 303, -1,
				  301, 303, 313, -1, 303, 302, 314, -1,
				  303, 314, 315, -1, 302, 304, 316, -1,
				  302, 316, 314, -1, 306, 305, 317, -1,
				  306, 317, 318, -1, 305, 307, 319, -1,
				  305, 319, 317, -1, 307, 308, 320, -1,
				  307, 320, 319, -1, 308, 309, 321, -1,
				  308, 321, 320, -1, 309, 310, 322, -1,
				  309, 322, 321, -1, 310, 323, 322, -1,
				  312, 311, 324, -1, 312, 324, 325, -1,
				  311, 313, 326, -1, 311, 326, 324, -1,
				  313, 303, 315, -1, 313, 315, 326, -1,
				  315, 314, 327, -1, 315, 327, 328, -1,
				  314, 316, 329, -1, 314, 329, 327, -1,
				  318, 317, 330, -1, 318, 330, 331, -1,
				  317, 319, 332, -1, 317, 332, 330, -1,
				  319, 320, 333, -1, 319, 333, 332, -1,
				  320, 321, 334, -1, 320, 334, 333, -1,
				  321, 322, 335, -1, 321, 335, 334, -1,
				  322, 323, 336, -1, 322, 336, 335, -1,
				  337, 325, 338, -1, 337, 338, 339, -1,
				  325, 324, 340, -1, 325, 340, 338, -1,
				  324, 326, 341, -1, 324, 341, 340, -1,
				  326, 315, 328, -1, 326, 328, 341, -1,
				  342, 343, 344, -1, 342, 344, 345, -1,
				  343, 329, 346, -1, 343, 346, 344, -1,
				  331, 330, 347, -1, 331, 347, 348, -1,
				  330, 349, 350, -1, 330, 350, 347, -1,
				  349, 351, 352, -1, 349, 352, 350, -1,
				  351, 334, 353, -1, 351, 353, 352, -1,
				  338, 340, 354, -1, 340, 341, 355, -1,
				  340, 355, 354, -1, 341, 342, 345, -1,
				  341, 345, 355, -1, 347, 350, 356, -1,
				  350, 352, 357, -1, 350, 357, 356, -1,
				  352, 358, 357, -1, 354, 355, 359, -1,
				  355, 345, 360, -1, 355, 360, 359, -1,
				  361, 233, 234, -1, 234, 362, 361, -1,
				  258, 363, 364, -1, 363, 258, 233, -1,
				  233, 361, 363, -1, 365, 234, 235, -1,
				  234, 365, 362, -1, 235, 366, 365, -1,
				  367, 235, 236, -1, 236, 368, 367, -1,
				  235, 367, 366, -1, 368, 236, 369, -1,
				  236, 259, 369, -1, 259, 370, 369, -1,
				  371, 282, 257, -1, 282, 371, 283, -1,
				  257, 372, 371, -1, 373, 283, 371, -1,
				  257, 258, 374, -1, 375, 257, 374, -1,
				  374, 258, 374, -1, 258, 376, 374, -1,
				  257, 375, 372, -1, 376, 258, 364, -1,
				  259, 377, 370, -1, 259, 284, 378, -1,
				  378, 284, 379, -1, 259, 378, 377, -1,
				  284, 380, 379, -1, 380, 284, 286, -1,
				  286, 381, 380, -1, 381, 286, 306, -1,
				  382, 283, 373, -1, 283, 382, 304, -1,
				  383, 304, 382, -1, 306, 384, 381, -1,
				  306, 385, 384, -1, 385, 306, 318, -1,
				  386, 304, 383, -1, 304, 386, 316, -1,
				  387, 316, 386, -1, 318, 388, 385, -1,
				  318, 389, 388, -1, 389, 318, 331, -1,
				  390, 316, 387, -1, 316, 390, 329, -1,
				  391, 329, 390, -1, 331, 392, 389, -1,
				  392, 331, 393, -1, 393, 331, 348, -1,
				  391, 394, 395, -1, 348, 396, 393, -1,
				  396, 348, 397, -1, 348, 397, 397, -1,
				  398, 399, 400, -1, 399, 401, 401, -1,
				  399, 401, 402, -1, 401, 403, 401, -1,
				  404, 405, 406, -1, 404, 406, 407, -1,
				  405, 408, 409, -1, 405, 409, 406, -1,
				  408, 410, 409, -1, 400, 399, 402, -1,
				  400, 402, 400, -1, 402, 401, 401, -1,
				  402, 401, 402, -1, 401, 403, 403, -1,
				  401, 403, 401, -1, 411, 411, 411, -1,
				  411, 411, 411, -1, 412, 412, 412, -1,
				  412, 412, 412, -1, 413, 407, 404, -1,
				  413, 404, 413, -1, 407, 406, 406, -1,
				  407, 406, 404, -1, 406, 409, 409, -1,
				  406, 409, 406, -1, 409, 410, 410, -1,
				  409, 410, 409, -1, 414, 414, 414, -1,
				  415, 400, 416, -1, 415, 416, 415, -1,
				  400, 402, 402, -1, 400, 402, 416, -1,
				  402, 401, 401, -1, 402, 401, 402, -1,
				  401, 403, 403, -1, 401, 403, 401, -1,
				  411, 411, 411, -1, 411, 411, 411, -1,
				  412, 412, 412, -1, 412, 412, 412, -1,
				  413, 404, 404, -1, 413, 404, 413, -1,
				  404, 406, 406, -1, 404, 406, 404, -1,
				  406, 409, 409, -1, 406, 409, 406, -1,
				  409, 410, 410, -1, 409, 410, 409, -1,
				  414, 414, 414, -1, 414, 414, 414, -1,
				  417, 417, 417, -1, 417, 417, 417, -1,
				  415, 416, 416, -1, 415, 416, 415, -1,
				  416, 402, 402, -1, 416, 402, 416, -1,
				  402, 401, 418, -1, 402, 418, 419, -1,
				  401, 403, 420, -1, 401, 420, 418, -1,
				  411, 411, 421, -1, 411, 421, 422, -1,
				  412, 412, 423, -1, 412, 423, 424, -1,
				  413, 404, 425, -1, 413, 425, 426, -1,
				  404, 406, 427, -1, 404, 427, 425, -1,
				  406, 409, 428, -1, 406, 428, 427, -1,
				  409, 410, 429, -1, 409, 429, 428, -1,
				  414, 414, 430, -1, 414, 430, 431, -1,
				  417, 417, 432, -1, 417, 432, 433, -1,
				  415, 416, 434, -1, 415, 434, 435, -1,
				  416, 402, 419, -1, 416, 419, 434, -1,
				  419, 418, 436, -1, 419, 436, 437, -1,
				  418, 420, 438, -1, 418, 438, 436, -1,
				  422, 421, 439, -1, 422, 439, 440, -1,
				  424, 423, 441, -1, 424, 441, 442, -1,
				  426, 425, 443, -1, 426, 443, 444, -1,
				  425, 427, 445, -1, 425, 445, 443, -1,
				  427, 428, 446, -1, 427, 446, 445, -1,
				  428, 429, 447, -1, 428, 447, 446, -1,
				  431, 430, 448, -1, 431, 448, 449, -1,
				  433, 432, 450, -1, 433, 450, 451, -1,
				  435, 434, 452, -1, 435, 452, 453, -1,
				  434, 419, 437, -1, 434, 437, 452, -1,
				  437, 436, 454, -1, 437, 454, 455, -1,
				  436, 438, 456, -1, 436, 456, 454, -1,
				  440, 439, 457, -1, 440, 457, 457, -1,
				  442, 441, 458, -1, 442, 458, 458, -1,
				  444, 443, 459, -1, 444, 459, 460, -1,
				  443, 445, 461, -1, 443, 461, 459, -1,
				  445, 446, 462, -1, 445, 462, 461, -1,
				  446, 447, 463, -1, 446, 463, 462, -1,
				  449, 448, 464, -1, 449, 464, 464, -1,
				  451, 450, 465, -1, 451, 465, 465, -1,
				  453, 452, 466, -1, 453, 466, 467, -1,
				  452, 437, 455, -1, 452, 455, 466, -1,
				  455, 454, 468, -1, 455, 468, 469, -1,
				  454, 456, 470, -1, 454, 470, 468, -1,
				  457, 457, 471, -1, 457, 471, 472, -1,
				  458, 458, 473, -1, 458, 473, 474, -1,
				  460, 459, 475, -1, 460, 475, 476, -1,
				  459, 461, 477, -1, 459, 477, 475, -1,
				  461, 462, 478, -1, 461, 478, 477, -1,
				  462, 463, 479, -1, 462, 479, 478, -1,
				  464, 464, 464, -1, 464, 464, 464, -1,
				  465, 465, 465, -1, 465, 465, 465, -1,
				  467, 466, 480, -1, 467, 480, 481, -1,
				  466, 455, 469, -1, 466, 469, 480, -1,
				  469, 468, 482, -1, 469, 482, 483, -1,
				  484, 470, 485, -1, 484, 485, 482, -1,
				  472, 471, 486, -1, 472, 486, 485, -1,
				  474, 473, 487, -1, 474, 487, 486, -1,
				  476, 475, 488, -1, 476, 488, 487, -1,
				  489, 477, 490, -1, 489, 490, 488, -1,
				  491, 478, 492, -1, 491, 492, 490, -1,
				  493, 479, 494, -1, 493, 494, 492, -1,
				  495, 496, 497, -1, 495, 497, 494, -1,
				  496, 498, 499, -1, 496, 499, 497, -1,
				  498, 480, 500, -1, 498, 500, 499, -1,
				  501, 502, 483, -1, 501, 483, 500, -1,
				  483, 482, 503, -1, 483, 503, 504, -1,
				  482, 485, 505, -1, 482, 505, 503, -1,
				  485, 486, 506, -1, 485, 506, 505, -1,
				  486, 487, 507, -1, 486, 507, 506, -1,
				  487, 488, 508, -1, 487, 508, 507, -1,
				  488, 490, 509, -1, 488, 509, 508, -1,
				  490, 492, 510, -1, 490, 510, 509, -1,
				  492, 494, 511, -1, 492, 511, 510, -1,
				  494, 497, 512, -1, 494, 512, 511, -1,
				  497, 499, 513, -1, 497, 513, 512, -1,
				  499, 500, 514, -1, 499, 514, 513, -1,
				  500, 483, 504, -1, 500, 504, 514, -1,
				  504, 503, 515, -1, 504, 515, 516, -1,
				  503, 505, 517, -1, 503, 517, 515, -1,
				  505, 506, 518, -1, 505, 518, 517, -1,
				  506, 507, 519, -1, 506, 519, 518, -1,
				  507, 508, 520, -1, 507, 520, 519, -1,
				  508, 509, 521, -1, 508, 521, 520, -1,
				  509, 510, 522, -1, 509, 522, 521, -1,
				  510, 511, 523, -1, 510, 523, 522, -1,
				  511, 512, 524, -1, 511, 524, 523, -1,
				  512, 513, 525, -1, 512, 525, 524, -1,
				  513, 514, 526, -1, 513, 526, 525, -1,
				  514, 504, 516, -1, 514, 516, 526, -1,
				  527, 528, 529, -1, 527, 529, 530, -1,
				  528, 531, 532, -1, 528, 532, 529, -1,
				  531, 533, 534, -1, 531, 534, 532, -1,
				  533, 535, 536, -1, 533, 536, 534, -1,
				  535, 537, 538, -1, 535, 538, 536, -1,
				  537, 539, 540, -1, 537, 540, 538, -1,
				  539, 541, 542, -1, 539, 542, 540, -1,
				  541, 543, 544, -1, 541, 544, 542, -1,
				  543, 545, 546, -1, 543, 546, 544, -1,
				  545, 547, 548, -1, 545, 548, 546, -1,
				  547, 549, 550, -1, 547, 550, 548, -1,
				  549, 527, 530, -1, 549, 530, 550, -1,
				  152, 152, 152, -1, 542, 544, 548, -1,
				  540, 542, 548, -1, 538, 540, 548, -1,
				  536, 538, 548, -1, 534, 536, 548, -1,
				  532, 534, 548, -1, 529, 532, 548, -1,
				  530, 529, 548, -1, 152, 152, 152, -1,
				  411, 411, 411, -1, 411, 411, 551, -1,
				  403, 401, 403, -1, 403, 403, 403, -1,
				  411, 411, 411, -1, 411, 411, 411, -1,
				  411, 551, 411, -1, 412, 412, 412, -1,
				  412, 412, 412, -1, 412, 412, 412, -1,
				  412, 412, 412, -1, 413, 413, 407, -1,
				  407, 413, 413, -1, 401, 399, 371, -1,
				  401, 371, 372, -1, 371, 399, 373, -1,
				  401, 401, 552, -1, 403, 401, 401, -1,
				  401, 403, 403, -1, 401, 372, 552, -1,
				  403, 401, 403, -1, 404, 407, 413, -1,
				  407, 413, 413, -1, 553, 404, 413, -1,
				  404, 553, 405, -1, 405, 553, 554, -1,
				  413, 404, 413, -1, 405, 554, 381, -1,
				  373, 399, 402, -1, 402, 399, 383, -1,
				  405, 381, 555, -1, 405, 555, 408, -1,
				  408, 555, 385, -1, 383, 399, 556, -1,
				  399, 398, 556, -1, 556, 399, 556, -1,
				  408, 385, 557, -1, 408, 557, 557, -1,
				  556, 398, 556, -1, 556, 556, 556, -1,
				  558, 408, 557, -1, 408, 557, 557, -1,
				  557, 558, 557, -1, 559, 559, 559, -1,
				  398, 556, 556, -1, 558, 557, 557, -1,
				  559, 559, 559, -1, 557, 558, 557, -1,
				  346, 395, 560, -1, 395, 561, 560, -1,
				  561, 395, 394, -1, 562, 345, 344, -1,
				  345, 562, 360, -1, 344, 563, 562, -1,
				  344, 346, 564, -1, 346, 565, 564, -1,
				  563, 344, 564, -1, 346, 560, 565, -1,
				  348, 566, 567, -1, 348, 567, 397, -1,
				  348, 347, 568, -1, 348, 568, 566, -1,
				  347, 569, 568, -1, 569, 347, 356, -1,
				  356, 570, 569, -1, 360, 562, 571, -1,
				  572, 360, 571, -1, 573, 360, 572, -1,
				  360, 573, 359, -1, 570, 356, 574, -1,
				  356, 575, 574, -1, 356, 357, 575, -1,
				  357, 576, 575, -1, 575, 356, 577, -1,
				  357, 358, 578, -1, 579, 357, 578, -1,
				  357, 579, 576, -1, 358, 580, 578, -1,
				  580, 358, 581, -1, 582, 583, 584, -1,
				  582, 359, 585, -1, 586, 582, 585, -1,
				  582, 586, 583, -1, 359, 587, 585, -1,
				  587, 359, 573, -1, 394, 588, 394, -1,
				  394, 394, 561, -1, 588, 589, 394, -1,
				  588, 590, 589, -1, 397, 567, 397, -1,
				  591, 592, 592, -1, 592, 592, 593, -1,
				  558, 410, 408, -1, 408, 410, 410, -1,
				  408, 410, 410, -1, 408, 410, 410, -1,
				  408, 410, 410, -1, 398, 400, 415, -1,
				  415, 398, 415, -1, 559, 559, 559, -1,
				  415, 400, 415, -1, 415, 400, 415, -1,
				  415, 400, 400, -1, 410, 410, 410, -1,
				  414, 414, 414, -1, 414, 414, 414, -1,
				  414, 414, 414, -1, 417, 417, 417, -1,
				  415, 415, 400, -1, 417, 417, 417, -1,
				  417, 417, 417, -1, 400, 415, 415, -1,
				  414, 414, 414, -1, 417, 417, 417, -1,
				  417, 417, 417, -1, 559, 559, 559, -1,
				  559, 559, 559, -1, 594, 594, 594, -1,
				  595, 595, 596, -1, 559, 559, 559, -1,
				  597, 597, 597, -1, 598, 599, 599, -1,
				  600, 601, 602, -1, 600, 602, 600, -1,
				  603, 604, 604, -1, 603, 604, 605, -1,
				  606, 607, 608, -1, 606, 608, 606, -1,
				  607, 609, 610, -1, 607, 610, 608, -1,
				  611, 612, 613, -1, 611, 613, 614, -1,
				  612, 615, 615, -1, 612, 615, 613, -1,
				  600, 602, 616, -1, 600, 616, 600, -1,
				  602, 617, 616, -1, 605, 604, 604, -1,
				  605, 604, 618, -1, 606, 608, 608, -1,
				  606, 608, 606, -1, 608, 610, 619, -1,
				  608, 619, 608, -1, 610, 620, 620, -1,
				  610, 620, 619, -1, 621, 614, 622, -1,
				  621, 622, 621, -1, 614, 613, 613, -1,
				  614, 613, 622, -1, 613, 615, 615, -1,
				  613, 615, 613, -1, 600, 616, 616, -1,
				  600, 616, 600, -1, 616, 617, 623, -1,
				  616, 623, 616, -1, 617, 624, 623, -1,
				  625, 618, 605, -1, 625, 605, 626, -1,
				  618, 604, 604, -1, 618, 604, 605, -1,
				  606, 608, 608, -1, 606, 608, 606, -1,
				  608, 619, 619, -1, 608, 619, 608, -1,
				  619, 620, 620, -1, 619, 620, 619, -1,
				  621, 622, 622, -1, 621, 622, 621, -1,
				  622, 613, 613, -1, 622, 613, 622, -1,
				  613, 615, 615, -1, 613, 615, 613, -1,
				  600, 616, 627, -1, 600, 627, 628, -1,
				  616, 623, 629, -1, 616, 629, 627, -1,
				  623, 624, 630, -1, 623, 630, 629, -1,
				  631, 626, 632, -1, 631, 632, 633, -1,
				  626, 605, 634, -1, 626, 634, 632, -1,
				  605, 604, 635, -1, 605, 635, 634, -1,
				  606, 608, 636, -1, 606, 636, 637, -1,
				  608, 619, 638, -1, 608, 638, 636, -1,
				  619, 620, 639, -1, 619, 639, 638, -1,
				  621, 622, 640, -1, 621, 640, 641, -1,
				  622, 613, 642, -1, 622, 642, 640, -1,
				  613, 615, 643, -1, 613, 643, 642, -1,
				  628, 627, 644, -1, 628, 644, 645, -1,
				  627, 629, 646, -1, 627, 646, 644, -1,
				  647, 630, 648, -1, 647, 648, 646, -1,
				  633, 632, 649, -1, 633, 649, 650, -1,
				  632, 634, 651, -1, 632, 651, 649, -1,
				  634, 635, 652, -1, 634, 652, 651, -1,
				  637, 636, 653, -1, 637, 653, 654, -1,
				  636, 638, 655, -1, 636, 655, 653, -1,
				  656, 639, 657, -1, 656, 657, 658, -1,
				  641, 640, 659, -1, 641, 659, 660, -1,
				  661, 642, 662, -1, 661, 662, 663, -1,
				  664, 643, 665, -1, 664, 665, 662, -1,
				  645, 644, 666, -1, 645, 666, 667, -1,
				  644, 646, 668, -1, 644, 668, 666, -1,
				  646, 648, 669, -1, 646, 669, 668, -1,
				  650, 649, 670, -1, 650, 670, 671, -1,
				  649, 651, 672, -1, 649, 672, 670, -1,
				  651, 652, 673, -1, 651, 673, 672, -1,
				  654, 653, 674, -1, 654, 674, 673, -1,
				  653, 655, 675, -1, 653, 675, 674, -1,
				  658, 657, 676, -1, 658, 676, 675, -1,
				  660, 659, 677, -1, 660, 677, 678, -1,
				  663, 662, 679, -1, 663, 679, 677, -1,
				  680, 665, 667, -1, 680, 667, 679, -1,
				  667, 666, 681, -1, 667, 681, 682, -1,
				  666, 668, 683, -1, 666, 683, 681, -1,
				  668, 669, 684, -1, 668, 684, 683, -1,
				  671, 670, 685, -1, 671, 685, 686, -1,
				  670, 672, 687, -1, 670, 687, 685, -1,
				  672, 673, 688, -1, 672, 688, 687, -1,
				  673, 674, 689, -1, 673, 689, 688, -1,
				  674, 675, 690, -1, 674, 690, 689, -1,
				  675, 676, 691, -1, 675, 691, 690, -1,
				  678, 677, 692, -1, 678, 692, 693, -1,
				  677, 679, 694, -1, 677, 694, 692, -1,
				  679, 667, 682, -1, 679, 682, 694, -1,
				  682, 681, 695, -1, 682, 695, 696, -1,
				  697, 683, 698, -1, 697, 698, 695, -1,
				  699, 684, 700, -1, 699, 700, 698, -1,
				  686, 685, 701, -1, 686, 701, 700, -1,
				  702, 687, 703, -1, 702, 703, 701, -1,
				  704, 688, 705, -1, 704, 705, 703, -1,
				  706, 689, 707, -1, 706, 707, 705, -1,
				  708, 690, 709, -1, 708, 709, 707, -1,
				  710, 691, 711, -1, 710, 711, 709, -1,
				  693, 692, 712, -1, 693, 712, 711, -1,
				  713, 694, 714, -1, 713, 714, 712, -1,
				  715, 716, 696, -1, 715, 696, 714, -1,
				  696, 695, 717, -1, 696, 717, 718, -1,
				  695, 698, 719, -1, 695, 719, 717, -1,
				  698, 700, 720, -1, 698, 720, 719, -1,
				  700, 701, 721, -1, 700, 721, 720, -1,
				  701, 703, 722, -1, 701, 722, 721, -1,
				  703, 705, 723, -1, 703, 723, 722, -1,
				  705, 707, 724, -1, 705, 724, 723, -1,
				  707, 709, 725, -1, 707, 725, 724, -1,
				  709, 711, 726, -1, 709, 726, 725, -1,
				  711, 712, 727, -1, 711, 727, 726, -1,
				  712, 714, 728, -1, 712, 728, 727, -1,
				  714, 696, 718, -1, 714, 718, 728, -1,
				  718, 717, 729, -1, 718, 729, 730, -1,
				  717, 719, 731, -1, 717, 731, 729, -1,
				  719, 720, 732, -1, 719, 732, 731, -1,
				  720, 721, 733, -1, 720, 733, 732, -1,
				  721, 722, 734, -1, 721, 734, 733, -1,
				  722, 723, 735, -1, 722, 735, 734, -1,
				  723, 724, 736, -1, 723, 736, 735, -1,
				  724, 725, 737, -1, 724, 737, 736, -1,
				  725, 726, 738, -1, 725, 738, 737, -1,
				  726, 727, 739, -1, 726, 739, 738, -1,
				  727, 728, 740, -1, 727, 740, 739, -1,
				  728, 718, 730, -1, 728, 730, 740, -1,
				  741, 742, 743, -1, 741, 743, 744, -1,
				  742, 745, 746, -1, 742, 746, 743, -1,
				  745, 747, 748, -1, 745, 748, 746, -1,
				  747, 749, 750, -1, 747, 750, 748, -1,
				  749, 751, 752, -1, 749, 752, 750, -1,
				  751, 753, 754, -1, 751, 754, 752, -1,
				  753, 755, 756, -1, 753, 756, 754, -1,
				  755, 757, 758, -1, 755, 758, 756, -1,
				  757, 759, 760, -1, 757, 760, 758, -1,
				  759, 761, 762, -1, 759, 762, 760, -1,
				  761, 763, 764, -1, 761, 764, 762, -1,
				  763, 741, 744, -1, 763, 744, 764, -1,
				  152, 152, 152, -1, 152, 152, 152, -1,
				  754, 756, 762, -1, 752, 754, 762, -1,
				  750, 752, 762, -1, 748, 750, 762, -1,
				  746, 748, 762, -1, 743, 746, 762, -1,
				  152, 152, 152, -1, 152, 152, 152, -1,
				  601, 600, 600, -1, 600, 601, 600, -1,
				  615, 612, 615, -1, 615, 615, 615, -1,
				  600, 600, 600, -1, 600, 600, 600, -1,
				  615, 615, 615, -1, 604, 604, 604, -1,
				  604, 604, 603, -1, 604, 604, 604, -1,
				  606, 606, 607, -1, 607, 606, 606, -1,
				  607, 606, 606, -1, 765, 612, 611, -1,
				  613, 612, 765, -1, 612, 613, 615, -1,
				  765, 611, 765, -1, 766, 607, 606, -1,
				  607, 766, 609, -1, 609, 766, 767, -1,
				  609, 767, 767, -1, 609, 767, 767, -1,
				  768, 609, 767, -1, 611, 621, 621, -1,
				  611, 621, 621, -1, 611, 621, 621, -1,
				  611, 621, 621, -1, 611, 621, 621, -1,
				  611, 621, 621, -1, 622, 611, 621, -1,
				  611, 622, 765, -1, 765, 611, 765, -1,
				  599, 604, 604, -1, 604, 603, 604, -1,
				  603, 769, 770, -1, 603, 770, 604, -1,
				  769, 603, 605, -1, 605, 769, 769, -1,
				  601, 600, 600, -1, 600, 771, 600, -1,
				  616, 601, 600, -1, 772, 601, 616, -1,
				  772, 601, 772, -1, 601, 772, 602, -1,
				  769, 605, 618, -1, 618, 769, 769, -1,
				  769, 618, 625, -1, 773, 625, 631, -1,
				  625, 773, 769, -1, 617, 602, 772, -1,
				  623, 617, 772, -1, 617, 623, 624, -1,
				  602, 772, 772, -1, 631, 625, 626, -1,
				  626, 631, 631, -1, 631, 626, 631, -1,
				  617, 624, 624, -1, 624, 624, 624, -1,
				  771, 774, 600, -1, 774, 771, 772, -1,
				  772, 772, 774, -1, 775, 775, 775, -1,
				  775, 775, 775, -1, 152, 152, 152, -1,
				  770, 599, 604, -1, 599, 599, 604, -1,
				  336, 323, 776, -1, 777, 336, 776, -1,
				  339, 778, 779, -1, 780, 781, 335, -1,
				  781, 780, 353, -1, 335, 782, 780, -1,
				  783, 353, 780, -1, 784, 335, 336, -1,
				  336, 785, 784, -1, 335, 784, 786, -1,
				  782, 335, 786, -1, 787, 336, 777, -1,
				  336, 787, 788, -1, 785, 336, 788, -1,
				  152, 152, 152, -1, 339, 789, 790, -1,
				  790, 778, 339, -1, 339, 338, 789, -1,
				  789, 338, 791, -1, 338, 792, 791, -1,
				  792, 338, 354, -1, 354, 793, 792, -1,
				  352, 353, 794, -1, 358, 352, 794, -1,
				  795, 358, 794, -1, 353, 795, 794, -1,
				  353, 783, 796, -1, 797, 358, 795, -1,
				  358, 797, 580, -1, 795, 353, 796, -1,
				  582, 798, 359, -1, 582, 799, 798, -1,
				  354, 798, 800, -1, 798, 354, 359, -1,
				  793, 354, 800, -1, 582, 801, 799, -1,
				  801, 582, 584, -1, 798, 359, 802, -1,
				  359, 798, 802, -1, 580, 797, 803, -1,
				  580, 803, 803, -1, 803, 803, 804, -1,
				  804, 805, 805, -1, 804, 804, 805, -1,
				  804, 804, 803, -1, 805, 805, 806, -1,
				  806, 806, 807, -1, 806, 806, 805, -1,
				  806, 807, 807, -1, 807, 807, 808, -1,
				  809, 808, 807, -1, 808, 809, 810, -1,
				  810, 809, 810, -1, 811, 810, 810, -1,
				  810, 811, 812, -1, 813, 812, 811, -1,
				  812, 813, 813, -1, 813, 813, 584, -1,
				  584, 814, 801, -1, 814, 584, 813, -1,
				  609, 620, 620, -1, 620, 609, 768, -1,
				  621, 621, 614, -1, 620, 620, 610, -1,
				  610, 609, 620, -1, 620, 610, 620, -1,
				  621, 611, 621, -1, 611, 621, 621, -1,
				  611, 614, 621, -1, 614, 621, 621, -1,
				  620, 768, 620, -1, 620, 620, 620, -1,
				  620, 620, 620, -1, 620, 620, 620, -1,
				  620, 620, 620, -1, 620, 620, 620, -1,
				  620, 620, 620, -1, 815, 816, 816, -1,
				  815, 816, 817, -1, 818, 818, 818, -1,
				  819, 820, 821, -1, 819, 821, 819, -1,
				  820, 822, 821, -1, 823, 817, 815, -1,
				  823, 815, 2, -1, 817, 816, 816, -1,
				  817, 816, 815, -1, 818, 818, 818, -1,
				  818, 818, 818, -1, 824, 824, 824, -1,
				  824, 824, 824, -1, 819, 821, 821, -1,
				  819, 821, 819, -1, 821, 822, 5, -1,
				  821, 5, 821, -1, 822, 825, 826, -1,
				  822, 826, 5, -1, 825, 827, 826, -1,
				  828, 823, 2, -1, 828, 2, 829, -1,
				  2, 815, 815, -1, 2, 815, 2, -1,
				  815, 816, 816, -1, 815, 816, 815, -1,
				  818, 818, 818, -1, 818, 818, 818, -1,
				  824, 824, 824, -1, 824, 824, 824, -1,
				  819, 821, 821, -1, 819, 821, 819, -1,
				  821, 5, 5, -1, 821, 5, 821, -1,
				  5, 826, 826, -1, 5, 826, 5, -1,
				  826, 827, 827, -1, 826, 827, 826, -1,
				  830, 830, 830, -1, 831, 829, 828, -1,
				  831, 828, 831, -1, 829, 2, 2, -1,
				  829, 2, 828, -1, 2, 815, 815, -1,
				  2, 815, 2, -1, 815, 816, 816, -1,
				  815, 816, 815, -1, 818, 818, 818, -1,
				  818, 818, 818, -1, 824, 824, 824, -1,
				  824, 824, 824, -1, 819, 821, 821, -1,
				  819, 821, 819, -1, 821, 5, 5, -1,
				  821, 5, 821, -1, 5, 826, 826, -1,
				  5, 826, 5, -1, 826, 827, 827, -1,
				  826, 827, 826, -1, 830, 830, 830, -1,
				  830, 830, 830, -1, 832, 832, 832, -1,
				  832, 832, 832, -1, 831, 828, 828, -1,
				  831, 828, 831, -1, 828, 2, 2, -1,
				  828, 2, 828, -1, 2, 815, 833, -1,
				  2, 833, 834, -1, 815, 816, 835, -1,
				  815, 835, 833, -1, 818, 818, 836, -1,
				  818, 836, 837, -1, 824, 824, 838, -1,
				  824, 838, 839, -1, 819, 821, 840, -1,
				  819, 840, 841, -1, 821, 5, 842, -1,
				  821, 842, 840, -1, 5, 826, 843, -1,
				  5, 843, 842, -1, 826, 827, 844, -1,
				  826, 844, 843, -1, 830, 830, 845, -1,
				  830, 845, 846, -1, 832, 832, 847, -1,
				  832, 847, 848, -1, 831, 828, 849, -1,
				  831, 849, 850, -1, 828, 2, 834, -1,
				  828, 834, 849, -1, 834, 833, 851, -1,
				  834, 851, 852, -1, 833, 835, 853, -1,
				  833, 853, 851, -1, 837, 836, 854, -1,
				  837, 854, 855, -1, 839, 838, 856, -1,
				  839, 856, 857, -1, 841, 840, 858, -1,
				  841, 858, 859, -1, 840, 842, 860, -1,
				  840, 860, 858, -1, 842, 843, 861, -1,
				  842, 861, 860, -1, 843, 844, 862, -1,
				  843, 862, 861, -1, 846, 845, 863, -1,
				  846, 863, 864, -1, 848, 847, 865, -1,
				  848, 865, 866, -1, 850, 849, 867, -1,
				  850, 867, 868, -1, 849, 834, 852, -1,
				  849, 852, 867, -1, 852, 851, 869, -1,
				  852, 869, 870, -1, 851, 853, 871, -1,
				  851, 871, 869, -1, 855, 854, 872, -1,
				  855, 872, 872, -1, 857, 856, 873, -1,
				  857, 873, 873, -1, 859, 858, 874, -1,
				  859, 874, 875, -1, 858, 860, 876, -1,
				  858, 876, 874, -1, 860, 861, 877, -1,
				  860, 877, 876, -1, 861, 862, 878, -1,
				  861, 878, 877, -1, 864, 863, 879, -1,
				  864, 879, 879, -1, 866, 865, 880, -1,
				  866, 880, 880, -1, 868, 867, 881, -1,
				  868, 881, 882, -1, 867, 852, 870, -1,
				  867, 870, 881, -1, 870, 869, 883, -1,
				  870, 883, 884, -1, 869, 871, 885, -1,
				  869, 885, 883, -1, 872, 872, 886, -1,
				  872, 886, 887, -1, 873, 873, 888, -1,
				  873, 888, 889, -1, 875, 874, 890, -1,
				  875, 890, 891, -1, 874, 876, 892, -1,
				  874, 892, 890, -1, 876, 877, 893, -1,
				  876, 893, 892, -1, 877, 878, 894, -1,
				  877, 894, 893, -1, 879, 879, 895, -1,
				  879, 895, 896, -1, 880, 880, 897, -1,
				  880, 897, 898, -1, 882, 881, 899, -1,
				  882, 899, 900, -1, 881, 870, 884, -1,
				  881, 884, 899, -1, 884, 883, 901, -1,
				  884, 901, 902, -1, 903, 885, 904, -1,
				  903, 904, 901, -1, 887, 886, 905, -1,
				  887, 905, 904, -1, 889, 888, 906, -1,
				  889, 906, 905, -1, 891, 890, 907, -1,
				  891, 907, 906, -1, 908, 892, 909, -1,
				  908, 909, 907, -1, 910, 893, 911, -1,
				  910, 911, 909, -1, 912, 894, 913, -1,
				  912, 913, 911, -1, 896, 895, 914, -1,
				  896, 914, 913, -1, 898, 897, 915, -1,
				  898, 915, 914, -1, 900, 899, 916, -1,
				  900, 916, 915, -1, 917, 918, 902, -1,
				  917, 902, 916, -1, 902, 901, 919, -1,
				  902, 919, 920, -1, 901, 904, 921, -1,
				  901, 921, 919, -1, 904, 905, 922, -1,
				  904, 922, 921, -1, 905, 906, 923, -1,
				  905, 923, 922, -1, 906, 907, 924, -1,
				  906, 924, 923, -1, 907, 909, 925, -1,
				  907, 925, 924, -1, 909, 911, 926, -1,
				  909, 926, 925, -1, 911, 913, 927, -1,
				  911, 927, 926, -1, 913, 914, 928, -1,
				  913, 928, 927, -1, 914, 915, 929, -1,
				  914, 929, 928, -1, 915, 916, 930, -1,
				  915, 930, 929, -1, 916, 902, 920, -1,
				  916, 920, 930, -1, 920, 919, 931, -1,
				  920, 931, 932, -1, 919, 921, 933, -1,
				  919, 933, 931, -1, 921, 922, 934, -1,
				  921, 934, 933, -1, 922, 923, 935, -1,
				  922, 935, 934, -1, 923, 924, 936, -1,
				  923, 936, 935, -1, 924, 925, 937, -1,
				  924, 937, 936, -1, 925, 926, 938, -1,
				  925, 938, 937, -1, 926, 927, 939, -1,
				  926, 939, 938, -1, 927, 928, 940, -1,
				  927, 940, 939, -1, 928, 929, 941, -1,
				  928, 941, 940, -1, 929, 930, 942, -1,
				  929, 942, 941, -1, 930, 920, 932, -1,
				  930, 932, 942, -1, 943, 944, 945, -1,
				  943, 945, 946, -1, 944, 947, 948, -1,
				  944, 948, 945, -1, 947, 949, 950, -1,
				  947, 950, 948, -1, 949, 951, 952, -1,
				  949, 952, 950, -1, 951, 953, 954, -1,
				  951, 954, 952, -1, 953, 955, 956, -1,
				  953, 956, 954, -1, 955, 957, 958, -1,
				  955, 958, 956, -1, 957, 959, 960, -1,
				  957, 960, 958, -1, 959, 961, 962, -1,
				  959, 962, 960, -1, 961, 963, 964, -1,
				  961, 964, 962, -1, 963, 965, 966, -1,
				  963, 966, 964, -1, 965, 943, 946, -1,
				  965, 946, 966, -1, 152, 152, 152, -1,
				  152, 152, 152, -1, 956, 958, 964, -1,
				  954, 956, 964, -1, 952, 954, 964, -1,
				  950, 952, 964, -1, 948, 950, 964, -1,
				  945, 948, 964, -1, 152, 152, 152, -1,
				  152, 152, 152, -1, 827, 825, 827, -1,
				  827, 827, 827, -1, 831, 831, 829, -1,
				  829, 831, 831, -1, 825, 967, 967, -1,
				  967, 825, 967, -1, 825, 827, 827, -1,
				  826, 825, 967, -1, 825, 826, 827, -1,
				  827, 825, 827, -1, 827, 825, 827, -1,
				  825, 827, 827, -1, 828, 831, 831, -1,
				  831, 828, 829, -1, 829, 831, 831, -1,
				  968, 828, 831, -1, 828, 968, 823, -1,
				  823, 968, 969, -1, 823, 969, 969, -1,
				  970, 970, 970, -1, 820, 971, 822, -1,
				  822, 971, 971, -1, 825, 972, 967, -1,
				  972, 825, 822, -1, 970, 970, 970, -1,
				  972, 822, 971, -1, 970, 970, 970, -1,
				  815, 817, 973, -1, 817, 974, 973, -1,
				  974, 817, 823, -1, 974, 823, 969, -1,
				  970, 970, 970, -1, 970, 970, 970, -1,
				  973, 815, 973, -1, 970, 970, 970, -1,
				  970, 970, 970, -1, 970, 970, 975, -1,
				  970, 975, 976, -1, 975, 970, 975, -1,
				  970, 970, 975, -1, 970, 970, 970, -1,
				  970, 970, 970, -1, 970, 970, 970, -1,
				  970, 970, 970, -1, 970, 970, 970, -1,
				  970, 970, 970, -1, 970, 970, 970, -1,
				  818, 818, 818, -1, 824, 824, 824, -1,
				  824, 824, 824, -1, 824, 824, 824, -1,
				  970, 970, 970, -1, 970, 970, 970, -1,
				  970, 970, 970, -1, 818, 818, 818, -1,
				  970, 970, 970, -1, 977, 299, 312, -1,
				  977, 312, 978, -1, 271, 296, 979, -1,
				  296, 980, 979, -1, 980, 296, 299, -1,
				  299, 977, 980, -1, 312, 981, 978, -1,
				  295, 982, 983, -1, 270, 246, 984, -1,
				  985, 270, 984, -1, 270, 985, 986, -1,
				  270, 986, 295, -1, 295, 986, 982, -1,
				  247, 987, 246, -1, 988, 246, 987, -1,
				  246, 988, 984, -1, 987, 247, 989, -1,
				  271, 979, 990, -1, 271, 990, 991, -1,
				  981, 312, 325, -1, 992, 337, 993, -1,
				  337, 992, 325, -1, 337, 994, 993, -1,
				  994, 337, 339, -1, 325, 995, 981, -1,
				  995, 325, 992, -1, 339, 996, 994, -1,
				  996, 339, 779, -1, 779, 997, 996, -1,
				  997, 779, 998, -1, 779, 999, 998, -1,
				  832, 832, 832, -1, 832, 832, 832, -1,
				  832, 832, 832, -1, 832, 832, 832, -1,
				  832, 832, 832, -1, 832, 832, 832, -1,
				  776, 323, 776, -1, 1000, 776, 776, -1,
				  776, 1000, 777, -1, 1001, 777, 1000, -1,
				  830, 830, 830, -1, 830, 830, 830, -1,
				  818, 818, 818, -1, 830, 830, 830, -1,
				  830, 830, 830, -1, 295, 983, 310, -1,
				  310, 983, 323, -1, 1002, 323, 983, -1,
				  1003, 323, 1002, -1, 1004, 323, 1003, -1,
				  1004, 776, 323, -1, 989, 247, 1005, -1,
				  222, 1006, 221, -1, 1007, 221, 1006, -1,
				  221, 1007, 247, -1, 1008, 247, 1007, -1,
				  1006, 222, 1009, -1, 247, 1008, 1005, -1,
				  222, 223, 1010, -1, 1011, 222, 1010, -1,
				  1011, 1009, 222, -1, 223, 224, 1012, -1,
				  1010, 223, 1012, -1, 1012, 224, 1013, -1,
				  1013, 224, 248, -1, 248, 1014, 1013, -1,
				  1014, 271, 991, -1, 1015, 1015, 1015, -1,
				  1015, 1015, 1015, -1, 1015, 1015, 1015, -1,
				  1015, 1015, 1015, -1, 1015, 1015, 1015, -1,
				  1015, 1015, 1015, -1, 1015, 1015, 1015, -1,
				  1015, 1015, 1015, -1, 1015, 1015, 1015, -1,
				  1015, 1015, 1015, -1, 161, 1016, 1016, -1,
				  1016, 161, 160, -1, 1017, 161, 1016, -1,
				  161, 1017, 163, -1, 160, 160, 1016, -1,
				  163, 1018, 165, -1, 163, 1019, 1018, -1,
				  1017, 1019, 163, -1, 165, 1020, 1021, -1,
				  1020, 165, 1018, -1, 1022, 165, 1021, -1,
				  165, 1022, 167, -1, 167, 1023, 169, -1,
				  167, 1024, 1023, -1, 167, 1022, 1024, -1,
				  169, 1025, 171, -1, 169, 1026, 1025, -1,
				  1026, 169, 1023, -1, 171, 1027, 172, -1,
				  171, 1025, 1027, -1, 172, 1028, 174, -1,
				  172, 1029, 1028, -1, 1029, 172, 1027, -1,
				  174, 1028, 1030, -1, 1031, 174, 1030, -1,
				  174, 1031, 176, -1, 176, 1032, 178, -1,
				  176, 1033, 1032, -1, 176, 1031, 1033, -1,
				  1031, 1033, 1033, -1, 1034, 178, 1035, -1,
				  178, 1034, 180, -1, 1035, 1035, 178, -1,
				  1032, 1035, 178, -1, 180, 1036, 182, -1,
				  180, 1037, 1036, -1, 180, 1034, 1037, -1,
				  1038, 182, 1039, -1, 182, 1038, 184, -1,
				  1039, 182, 1039, -1, 1039, 1039, 182, -1,
				  1036, 1039, 182, -1, 184, 1040, 185, -1,
				  1040, 184, 1038, -1, 1041, 185, 1042, -1,
				  185, 1041, 187, -1, 185, 1040, 1042, -1,
				  1043, 187, 1041, -1, 1044, 187, 1043, -1,
				  187, 1044, 189, -1, 1045, 189, 1046, -1,
				  189, 1045, 191, -1, 189, 1047, 1046, -1,
				  189, 1044, 1047, -1, 191, 1048, 193, -1,
				  191, 1049, 1048, -1, 191, 1045, 1049, -1,
				  1050, 193, 1051, -1, 193, 1050, 195, -1,
				  193, 1051, 1051, -1, 1048, 1051, 193, -1,
				  195, 1052, 197, -1, 195, 1053, 1052, -1,
				  195, 1050, 1053, -1, 1054, 197, 1055, -1,
				  197, 1054, 199, -1, 197, 1056, 1055, -1,
				  1052, 1056, 197, -1, 199, 1057, 201, -1,
				  199, 1058, 1057, -1, 199, 1054, 1058, -1,
				  201, 1059, 203, -1, 201, 1060, 1059, -1,
				  1057, 1060, 201, -1, 203, 1061, 160, -1,
				  203, 1062, 1061, -1, 203, 1059, 1062, -1,
				  1059, 1062, 1062, -1, 160, 160, 1063, -1,
				  1061, 1063, 160, -1, 1064, 1065, 1066, -1,
				  1064, 1066, 1067, -1, 1068, 1069, 1070, -1,
				  1068, 1070, 1071, -1, 1072, 1073, 1074, -1,
				  1072, 1074, 1075, -1, 1076, 1077, 1078, -1,
				  1076, 1078, 1079, -1, 1077, 1080, 1081, -1,
				  1077, 1081, 1078, -1, 1080, 1082, 1083, -1,
				  1080, 1083, 1081, -1, 1082, 1084, 1085, -1,
				  1082, 1085, 1083, -1, 1086, 1087, 1088, -1,
				  1067, 1066, 1089, -1, 1067, 1089, 1090, -1,
				  1071, 1070, 1091, -1, 1071, 1091, 1092, -1,
				  1075, 1074, 1093, -1, 1075, 1093, 1094, -1,
				  1079, 1078, 1095, -1, 1079, 1095, 1096, -1,
				  1097, 1081, 1098, -1, 1097, 1098, 1095, -1,
				  1099, 1083, 1100, -1, 1099, 1100, 1098, -1,
				  1101, 1085, 1102, -1, 1101, 1102, 1100, -1,
				  1088, 1103, 1104, -1, 1090, 1089, 1105, -1,
				  1090, 1105, 1106, -1, 1092, 1091, 1107, -1,
				  1092, 1107, 1108, -1, 1094, 1093, 1109, -1,
				  1094, 1109, 1110, -1, 1096, 1095, 1111, -1,
				  1096, 1111, 1112, -1, 1113, 1098, 1114, -1,
				  1113, 1114, 1111, -1, 1115, 1100, 1116, -1,
				  1115, 1116, 1114, -1, 1117, 1102, 1118, -1,
				  1117, 1118, 1116, -1, 1104, 1119, 1120, -1,
				  1106, 1105, 1121, -1, 1106, 1121, 1122, -1,
				  1108, 1107, 1123, -1, 1108, 1123, 1124, -1,
				  1110, 1109, 1125, -1, 1110, 1125, 1126, -1,
				  1112, 1111, 1127, -1, 1112, 1127, 1128, -1,
				  1129, 1114, 1130, -1, 1129, 1130, 1127, -1,
				  1131, 1116, 1132, -1, 1131, 1132, 1130, -1,
				  1133, 1118, 1134, -1, 1133, 1134, 1132, -1,
				  1120, 1135, 1136, -1, 1122, 1121, 1137, -1,
				  1122, 1137, 1138, -1, 1124, 1123, 1139, -1,
				  1124, 1139, 1140, -1, 1126, 1125, 1141, -1,
				  1126, 1141, 1142, -1, 1128, 1127, 1143, -1,
				  1128, 1143, 1144, -1, 1145, 1130, 1146, -1,
				  1145, 1146, 1143, -1, 1147, 1132, 1148, -1,
				  1147, 1148, 1146, -1, 1149, 1134, 1150, -1,
				  1149, 1150, 1148, -1, 1136, 1151, 1152, -1,
				  1138, 1137, 1153, -1, 1138, 1153, 1154, -1,
				  1140, 1139, 1073, -1, 1140, 1073, 1072, -1,
				  1142, 1141, 1069, -1, 1142, 1069, 1068, -1,
				  1144, 1143, 1155, -1, 1144, 1155, 1156, -1,
				  1157, 1146, 1158, -1, 1157, 1158, 1155, -1,
				  1159, 1148, 1160, -1, 1159, 1160, 1158, -1,
				  1161, 1150, 1162, -1, 1161, 1162, 1160, -1,
				  1152, 1151, 1163, -1, 1152, 1163, 1164, -1,
				  1154, 1153, 1165, -1, 1154, 1165, 1166, -1,
				  1072, 1073, 1074, -1, 1072, 1074, 1075, -1,
				  1068, 1069, 1070, -1, 1068, 1070, 1071, -1,
				  1156, 1155, 1167, -1, 1156, 1167, 1168, -1,
				  1169, 1158, 1170, -1, 1169, 1170, 1167, -1,
				  1171, 1160, 1172, -1, 1171, 1172, 1170, -1,
				  1173, 1162, 1174, -1, 1173, 1174, 1172, -1,
				  1164, 1163, 1175, -1, 1164, 1175, 1176, -1,
				  1166, 1165, 1177, -1, 1166, 1177, 1178, -1,
				  1075, 1074, 1093, -1, 1075, 1093, 1094, -1,
				  1071, 1070, 1091, -1, 1071, 1091, 1092, -1,
				  1168, 1167, 1179, -1, 1168, 1179, 1180, -1,
				  1181, 1170, 1182, -1, 1181, 1182, 1179, -1,
				  1183, 1172, 1184, -1, 1183, 1184, 1182, -1,
				  1185, 1174, 1186, -1, 1185, 1186, 1184, -1,
				  1176, 1175, 1187, -1, 1176, 1187, 1188, -1,
				  1178, 1177, 1189, -1, 1178, 1189, 1190, -1,
				  1094, 1093, 1109, -1, 1094, 1109, 1110, -1,
				  1092, 1091, 1107, -1, 1092, 1107, 1108, -1,
				  1180, 1179, 1191, -1, 1180, 1191, 1192, -1,
				  1193, 1182, 1194, -1, 1193, 1194, 1191, -1,
				  1195, 1184, 1196, -1, 1195, 1196, 1194, -1,
				  1197, 1186, 1198, -1, 1197, 1198, 1196, -1,
				  1188, 1187, 1199, -1, 1188, 1199, 1200, -1,
				  1190, 1189, 1201, -1, 1190, 1201, 1202, -1,
				  1110, 1109, 1125, -1, 1110, 1125, 1126, -1,
				  1108, 1107, 1123, -1, 1108, 1123, 1124, -1,
				  1192, 1191, 1203, -1, 1192, 1203, 1204, -1,
				  1205, 1194, 1206, -1, 1205, 1206, 1203, -1,
				  1207, 1196, 1208, -1, 1207, 1208, 1206, -1,
				  1209, 1198, 1210, -1, 1209, 1210, 1208, -1,
				  1200, 1199, 1211, -1, 1200, 1211, 1212, -1,
				  1202, 1201, 1213, -1, 1202, 1213, 1214, -1,
				  1126, 1125, 1141, -1, 1126, 1141, 1142, -1,
				  1124, 1123, 1139, -1, 1124, 1139, 1140, -1,
				  1204, 1203, 1215, -1, 1204, 1215, 1216, -1,
				  1217, 1206, 1218, -1, 1217, 1218, 1215, -1,
				  1219, 1208, 1220, -1, 1219, 1220, 1218, -1,
				  1221, 1210, 1222, -1, 1221, 1222, 1220, -1,
				  1212, 1223, 1224, -1, 1214, 1213, 1065, -1,
				  1214, 1065, 1064, -1, 1142, 1141, 1069, -1,
				  1142, 1069, 1068, -1, 1140, 1139, 1073, -1,
				  1140, 1073, 1072, -1, 1216, 1215, 1077, -1,
				  1216, 1077, 1076, -1, 1225, 1218, 1080, -1,
				  1225, 1080, 1226, -1, 1227, 1220, 1082, -1,
				  1227, 1082, 1228, -1, 1229, 1222, 1084, -1,
				  1229, 1084, 1230, -1, 1224, 1231, 1086, -1,
				  1232, 1233, 1202, -1, 1232, 1202, 1234, -1,
				  1235, 1233, 1232, -1, 1235, 1232, 1236, -1,
				  1234, 1237, 1214, -1, 1234, 1214, 1238, -1,
				  1239, 1235, 1236, -1, 1239, 1236, 1240, -1,
				  1238, 1241, 1242, -1, 1238, 1242, 1243, -1,
				  1242, 1067, 1244, -1, 1243, 1242, 1244, -1,
				  1244, 1245, 1090, -1, 1244, 1090, 1246, -1,
				  1246, 1247, 1106, -1, 1246, 1106, 1248, -1,
				  1248, 1249, 1122, -1, 1248, 1122, 1250, -1,
				  1250, 1251, 1138, -1, 1250, 1138, 1252, -1,
				  1252, 1253, 1154, -1, 1252, 1154, 1254, -1,
				  1254, 1255, 1239, -1, 1254, 1239, 1240, -1,
				  1164, 1256, 1257, -1, 1258, 1231, 1258, -1,
				  1231, 1224, 1258, -1, 1164, 1257, 1259, -1,
				  1152, 1256, 1256, -1, 1223, 1258, 1224, -1,
				  1224, 1258, 1258, -1, 1152, 1260, 1261, -1,
				  1262, 1223, 1212, -1, 1262, 1212, 1262, -1,
				  1212, 1211, 1262, -1, 1152, 1261, 1256, -1,
				  1263, 1260, 1260, -1, 1211, 1262, 1262, -1,
				  1263, 1264, 1265, -1, 1263, 1265, 1263, -1,
				  1263, 1263, 1260, -1, 1264, 1265, 1265, -1,
				  1264, 1266, 1267, -1, 1264, 1267, 1268, -1,
				  1264, 1268, 1265, -1, 1266, 1266, 1267, -1,
				  1266, 1267, 1267, -1, 1269, 1270, 1269, -1,
				  1266, 1266, 1271, -1, 1266, 1272, 1271, -1,
				  1266, 1271, 1271, -1, 1270, 1273, 1274, -1,
				  1270, 1274, 1269, -1, 1275, 1085, 1276, -1,
				  1272, 1277, 1271, -1, 1273, 1085, 1275, -1,
				  1272, 1271, 1271, -1, 1277, 1272, 1278, -1,
				  1272, 1279, 1278, -1, 1277, 1278, 1278, -1,
				  1085, 1276, 1276, -1, 1258, 1280, 1279, -1,
				  1258, 1280, 1258, -1, 1281, 1281, 1282, -1,
				  1279, 1280, 1278, -1, 1281, 1281, 1276, -1,
				  1279, 1278, 1278, -1, 1279, 1283, 1258, -1,
				  1258, 1279, 1258, -1, 1283, 1283, 1262, -1,
				  1283, 1283, 1258, -1, 1262, 1283, 1262, -1,
				  1260, 1151, 1136, -1, 1260, 1136, 1260, -1,
				  1136, 1135, 1260, -1, 1211, 1284, 1285, -1,
				  1284, 1211, 1262, -1, 1135, 1260, 1260, -1,
				  1120, 1119, 1265, -1, 1135, 1120, 1265, -1,
				  1135, 1265, 1265, -1, 1284, 1285, 1285, -1,
				  1286, 1199, 1287, -1, 1199, 1286, 1285, -1,
				  1119, 1265, 1265, -1, 1104, 1103, 1267, -1,
				  1119, 1104, 1267, -1, 1119, 1267, 1267, -1,
				  1199, 1287, 1287, -1, 1288, 1187, 1289, -1,
				  1187, 1288, 1287, -1, 1103, 1267, 1267, -1,
				  1088, 1087, 1271, -1, 1103, 1088, 1271, -1,
				  1103, 1271, 1271, -1, 1187, 1289, 1289, -1,
				  1176, 1289, 1289, -1, 1087, 1271, 1271, -1,
				  1086, 1231, 1278, -1, 1087, 1086, 1278, -1,
				  1087, 1278, 1278, -1, 1176, 1259, 1290, -1,
				  1176, 1290, 1289, -1, 1259, 1164, 1259, -1,
				  1231, 1278, 1278, -1 ]
	    }
	}
    }
    Separator {
	Material {
	    ambientColor	0.5 0.05 0.05
	    diffuseColor	0.1 0.1 0.1
	}
	Separator {
	    Separator {
		Separator {
		    Coordinate3 {
			point	[ 0 22.3998 0.097737,
					  0.841267 22.0175 0.096069,
					  0.790532 22.0187 -0.191658,
					  1.10101 20.5788 0.089792,
					  1.03461 20.5805 -0.286771,
					  1.22195 19.12 0.083427,
					  1.14825 19.1218 -0.3345,
					  1.30009 17.6579 0.077048,
					  1.22169 17.6599 -0.367606,
					  1.39899 16.1972 0.070674,
					  1.31462 16.1993 -0.407804,
					  1.58236 14.7454 0.064339,
					  1.48693 14.7478 -0.476853,
					  1.90476 13.3183 0.058113,
					  1.78989 13.3212 -0.593346,
					  2.39243 11.9388 0.052094,
					  2.24815 11.9424 -0.766157,
					  2.98414 10.5997 0.046251,
					  2.80417 10.6042 -0.974374,
					  3.56505 9.25625 0.040389,
					  3.35005 9.26157 -1.17892,
					  3.97983 7.85417 0.034271,
					  3.73982 7.86011 -1.3269,
					  4.18711 6.40609 0.027953,
					  3.9346 6.41234 -1.40411,
					  4.20882 4.94308 0.02157,
					  3.955 4.94936 -1.41792,
					  4.03866 3.49017 0.01523,
					  3.7951 3.49619 -1.36606,
					  3.61297 2.09387 0.009138,
					  3.39508 2.09926 -1.22656,
					  2.7349 0.942345 0.004114,
					  2.56997 0.946426 -0.93127,
					  1.43171 0.296349 0.001295,
					  1.34537 0.298486 -0.488375,
					  0 -4e-06 2e-06,
					  0.644448 22.0198 -0.444682,
					  0.843422 20.5819 -0.617916,
					  0.936066 19.1234 -0.702019,
					  0.995928 17.6616 -0.758628,
					  1.07169 16.2011 -0.828569,
					  1.21215 14.7498 -0.95277,
					  1.45913 13.3237 -1.16623,
					  1.83271 11.9455 -1.48571,
					  2.28598 10.6081 -1.8719,
					  2.73099 9.26625 -2.25116,
					  3.04873 7.86534 -2.52389,
					  3.20751 6.41784 -2.66344,
					  3.22415 4.95488 -2.68378,
					  3.09379 3.50149 -2.58075,
					  2.7677 2.104 -2.31321,
					  2.09506 0.950015 -1.75383,
					  1.09676 0.300364 -0.918984,
					  0.420633 22.0206 -0.632482,
					  0.550505 20.583 -0.863701,
					  0.610974 19.1246 -0.974801,
					  0.650046 17.6628 -1.04885,
					  0.699494 16.2025 -1.14087,
					  0.791178 14.7514 -1.30601,
					  0.952379 13.3255 -1.59144,
					  1.19621 11.9478 -2.01979,
					  1.49207 10.611 -2.53806,
					  1.78253 9.26972 -3.04701,
					  1.98992 7.86921 -3.41233,
					  2.09355 6.42191 -3.59816,
					  2.10441 4.95898 -3.62334,
					  2.01933 3.50543 -3.48232,
					  1.80649 2.10752 -3.11976,
					  1.36745 0.952679 -2.36436,
					  0.715857 0.301759 -1.23859,
					  0.146084 22.0211 -0.732409,
					  0.191188 20.5836 -0.994481,
					  0.212189 19.1253 -1.11994,
					  0.225759 17.6635 -1.20328,
					  0.242932 16.2032 -1.30705,
					  0.274773 14.7522 -1.49396,
					  0.330758 13.3265 -1.81769,
					  0.415441 11.9491 -2.30396,
					  0.51819 10.6125 -2.89252,
					  0.619065 9.27157 -3.47047,
					  0.69109 7.87127 -3.88506,
					  0.727084 6.42408 -4.09551,
					  0.730855 4.96116 -4.12327,
					  0.701306 3.50752 -3.96204,
					  0.627386 2.1094 -3.54891,
					  0.474911 0.954096 -2.68921,
					  0.248615 0.302501 -1.40866,
					  -0.146084 22.0211 -0.732409,
					  -0.191188 20.5836 -0.994481,
					  -0.212189 19.1253 -1.11994,
					  -0.225759 17.6635 -1.20328,
					  -0.242932 16.2032 -1.30705,
					  -0.274773 14.7522 -1.49396,
					  -0.330758 13.3265 -1.81769,
					  -0.415441 11.9491 -2.30396,
					  -0.51819 10.6125 -2.89252,
					  -0.619065 9.27157 -3.47047,
					  -0.69109 7.87127 -3.88506,
					  -0.727084 6.42408 -4.09551,
					  -0.730855 4.96116 -4.12327,
					  -0.701306 3.50752 -3.96204,
					  -0.627386 2.1094 -3.54891,
					  -0.474911 0.954096 -2.68921,
					  -0.248615 0.302501 -1.40866,
					  -0.420633 22.0206 -0.632482,
					  -0.550505 20.583 -0.863701,
					  -0.610974 19.1246 -0.974801,
					  -0.650046 17.6628 -1.04885,
					  -0.699494 16.2025 -1.14087,
					  -0.791178 14.7514 -1.30601,
					  -0.952379 13.3255 -1.59144,
					  -1.19621 11.9478 -2.01979,
					  -1.49207 10.611 -2.53806,
					  -1.78253 9.26972 -3.04701,
					  -1.98992 7.86921 -3.41233,
					  -2.09355 6.42191 -3.59816,
					  -2.10441 4.95898 -3.62334,
					  -2.01933 3.50543 -3.48232,
					  -1.80649 2.10752 -3.11976,
					  -1.36745 0.952679 -2.36436,
					  -0.715857 0.301759 -1.23859,
					  -0.644448 22.0198 -0.444682,
					  -0.843422 20.5819 -0.617916,
					  -0.936066 19.1234 -0.702019,
					  -0.995928 17.6616 -0.758628,
					  -1.07169 16.2011 -0.828569,
					  -1.21215 14.7498 -0.95277,
					  -1.45913 13.3237 -1.16623,
					  -1.83271 11.9455 -1.48571,
					  -2.28598 10.6081 -1.8719,
					  -2.73099 9.26625 -2.25116,
					  -3.04873 7.86534 -2.52389,
					  -3.20751 6.41784 -2.66344,
					  -3.22415 4.95488 -2.68378,
					  -3.09379 3.50149 -2.58075,
					  -2.7677 2.104 -2.31321,
					  -2.09506 0.950015 -1.75383,
					  -1.09676 0.300364 -0.918984,
					  -0.790532 22.0187 -0.191658,
					  -1.03461 20.5805 -0.286771,
					  -1.14825 19.1218 -0.3345,
					  -1.22169 17.6599 -0.367606,
					  -1.31462 16.1993 -0.407804,
					  -1.48693 14.7478 -0.476853,
					  -1.78989 13.3212 -0.593346,
					  -2.24815 11.9424 -0.766157,
					  -2.80417 10.6042 -0.974374,
					  -3.35005 9.26157 -1.17892,
					  -3.73982 7.86011 -1.3269,
					  -3.9346 6.41234 -1.40411,
					  -3.955 4.94936 -1.41792,
					  -3.7951 3.49619 -1.36606,
					  -3.39508 2.09926 -1.22656,
					  -2.56997 0.946426 -0.93127,
					  -1.34537 0.298486 -0.488375,
					  -0.841267 22.0175 0.096069,
					  -1.10101 20.5788 0.089792,
					  -1.22195 19.12 0.083427,
					  -1.30009 17.6579 0.077048,
					  -1.39899 16.1972 0.070674,
					  -1.58236 14.7454 0.064339,
					  -1.90476 13.3183 0.058113,
					  -2.39243 11.9388 0.052094,
					  -2.98414 10.5997 0.046251,
					  -3.56505 9.25625 0.040389,
					  -3.97983 7.85417 0.034271,
					  -4.18711 6.40609 0.027953,
					  -4.20882 4.94308 0.02157,
					  -4.03866 3.49017 0.01523,
					  -3.61297 2.09387 0.009138,
					  -2.7349 0.942345 0.004114,
					  -1.43171 0.296349 0.001295,
					  -0.790532 22.0162 0.383796,
					  -1.03461 20.5772 0.466355,
					  -1.14825 19.1182 0.501354,
					  -1.22169 17.656 0.521701,
					  -1.31462 16.1951 0.549152,
					  -1.48693 14.743 0.605532,
					  -1.78989 13.3155 0.709572,
					  -2.24815 11.9352 0.870344,
					  -2.80417 10.5953 1.06688,
					  -3.35005 9.25093 1.2597,
					  -3.73982 7.84823 1.39544,
					  -3.9346 6.39984 1.46002,
					  -3.955 4.9368 1.46106,
					  -3.7951 3.48414 1.39652,
					  -3.39508 2.08848 1.24484,
					  -2.56997 0.938263 0.939497,
					  -1.34537 0.294212 0.490965,
					  -0.644448 22.0151 0.63682,
					  -0.843422 20.5757 0.7975,
					  -0.936066 19.1166 0.868873,
					  -0.995928 17.6543 0.912723,
					  -1.07169 16.1933 0.969918,
					  -1.21215 14.741 1.08145,
					  -1.45913 13.313 1.28245,
					  -1.83271 11.9321 1.5899,
					  -2.28598 10.5914 1.9644,
					  -2.73099 9.24625 2.33194,
					  -3.04873 7.84301 2.59243,
					  -3.20751 6.39435 2.71935,
					  -3.22415 4.93127 2.72692,
					  -3.09379 3.47884 2.61121,
					  -2.7677 2.08373 2.33149,
					  -2.09506 0.934674 1.76206,
					  -1.09676 0.292334 0.921574,
					  -0.420633 22.0143 0.82462,
					  -0.550505 20.5747 1.04329,
					  -0.610974 19.1154 1.14165,
					  -0.650046 17.653 1.20295,
					  -0.699494 16.1919 1.28222,
					  -0.791178 14.7394 1.43469,
					  -0.952379 13.3111 1.70766,
					  -1.19621 11.9298 2.12398,
					  -1.49207 10.5884 2.63056,
					  -1.78253 9.24278 3.12778,
					  -1.98992 7.83914 3.48087,
					  -2.09355 6.39027 3.65406,
					  -2.10441 4.92718 3.66648,
					  -2.01933 3.47491 3.51278,
					  -1.80649 2.08022 3.13803,
					  -1.36745 0.93201 2.37259,
					  -0.715857 0.290939 1.24118,
					  -0.146084 22.0138 0.924547,
					  -0.191188 20.5741 1.17406,
					  -0.212189 19.1148 1.2868,
					  -0.225759 17.6523 1.35738,
					  -0.242932 16.1912 1.4484,
					  -0.274773 14.7386 1.62264,
					  -0.330758 13.3101 1.93392,
					  -0.415441 11.9285 2.40815,
					  -0.51819 10.5869 2.98502,
					  -0.619065 9.24093 3.55125,
					  -0.69109 7.83707 3.9536,
					  -0.727084 6.3881 4.15141,
					  -0.730855 4.92499 4.16641,
					  -0.701306 3.47281 3.9925,
					  -0.627386 2.07834 3.56719,
					  -0.474911 0.930593 2.69744,
					  -0.248615 0.290197 1.41124,
					  0.146084 22.0138 0.924547,
					  0.191188 20.5741 1.17406,
					  0.212189 19.1148 1.2868,
					  0.225759 17.6523 1.35738,
					  0.242932 16.1912 1.4484,
					  0.274773 14.7386 1.62264,
					  0.330758 13.3101 1.93392,
					  0.415441 11.9285 2.40815,
					  0.51819 10.5869 2.98502,
					  0.619065 9.24093 3.55125,
					  0.69109 7.83707 3.9536,
					  0.727084 6.3881 4.15141,
					  0.730855 4.92499 4.16641,
					  0.701306 3.47281 3.9925,
					  0.627386 2.07834 3.56719,
					  0.474911 0.930593 2.69744,
					  0.248615 0.290197 1.41124,
					  0.420633 22.0143 0.82462,
					  0.550505 20.5747 1.04329,
					  0.610974 19.1154 1.14165,
					  0.650046 17.653 1.20295,
					  0.699494 16.1919 1.28222,
					  0.791178 14.7394 1.43469,
					  0.952379 13.3111 1.70766,
					  1.19621 11.9298 2.12398,
					  1.49207 10.5884 2.63056,
					  1.78253 9.24278 3.12778,
					  1.98992 7.83914 3.48087,
					  2.09355 6.39027 3.65406,
					  2.10441 4.92718 3.66648,
					  2.01933 3.47491 3.51278,
					  1.80649 2.08022 3.13803,
					  1.36745 0.93201 2.37259,
					  0.715857 0.290939 1.24118,
					  0.644448 22.0151 0.63682,
					  0.843422 20.5757 0.7975,
					  0.936066 19.1166 0.868873,
					  0.995928 17.6543 0.912723,
					  1.07169 16.1933 0.969918,
					  1.21215 14.741 1.08145,
					  1.45913 13.313 1.28245,
					  1.83271 11.9321 1.5899,
					  2.28598 10.5914 1.9644,
					  2.73099 9.24625 2.33194,
					  3.04873 7.84301 2.59243,
					  3.20751 6.39435 2.71935,
					  3.22415 4.93127 2.72692,
					  3.09379 3.47884 2.61121,
					  2.7677 2.08373 2.33149,
					  2.09506 0.934674 1.76206,
					  1.09676 0.292334 0.921574,
					  0.790532 22.0162 0.383796,
					  1.03461 20.5772 0.466355,
					  1.14825 19.1182 0.501354,
					  1.22169 17.656 0.521701,
					  1.31462 16.1951 0.549152,
					  1.48693 14.743 0.605532,
					  1.78989 13.3155 0.709572,
					  2.24815 11.9352 0.870344,
					  2.80417 10.5953 1.06688,
					  3.35005 9.25093 1.2597,
					  3.73982 7.84823 1.39544,
					  3.9346 6.39984 1.46002,
					  3.955 4.9368 1.46106,
					  3.7951 3.48414 1.39652,
					  3.39508 2.08848 1.24484,
					  2.56997 0.938263 0.939497,
					  1.34537 0.294212 0.490965 ]
		    }
		    Normal {
			vector	[ 0.330915 0.942101 -0.0542417,
					  0.413754 0.91038 0.00396333,
					  0.388802 0.910996 -0.137545,
					  0.982447 0.177629 -0.0569688,
					  0.991474 0.130305 0.000212565,
					  0.931559 0.131785 -0.338868,
					  0.903449 0.179079 -0.3895,
					  0.997685 0.0680011 0.000239999,
					  0.937498 0.0694899 -0.340981,
					  0.99817 0.0604604 0.000288041,
					  0.937982 0.0619498 -0.341104,
					  0.995336 0.096469 0.000580875,
					  0.935364 0.0979545 -0.339851,
					  0.984913 0.173043 0.00123219,
					  0.925679 0.174513 -0.335654,
					  0.960773 0.277326 0.00214274,
					  0.903151 0.27876 -0.326514,
					  0.929423 0.369009 0.00241628,
					  0.873647 0.370396 -0.315511,
					  0.916283 0.400529 0.00165644,
					  0.860993 0.401896 -0.311722,
					  0.940088 0.340932 0.000311077,
					  0.882991 0.342334 -0.321144,
					  0.97699 0.213283 4.36521e-05,
					  0.917767 0.21474 -0.33405,
					  0.996919 0.0784371 5.72142e-05,
					  0.9367 0.0799249 -0.340889,
					  0.998706 -0.0508574 -3.10269e-05,
					  0.938542 -0.049367 -0.341617,
					  0.978795 -0.204842 0.000157303,
					  0.920126 -0.203381 -0.33467,
					  0.889705 -0.456528 0.00271373,
					  0.837658 -0.455199 -0.301865,
					  0.635723 -0.771885 0.00710173,
					  0.600964 -0.770934 -0.210957,
					  0.350129 -0.936629 0.0116821,
					  0.334407 -0.936102 -0.109018,
					  -5.07559e-09 -0.99999 -0.00436318,
					  0.316955 0.91154 -0.261982,
					  0.759284 0.133085 -0.637005,
					  0.715481 0.180324 -0.674959,
					  0.764235 0.0707994 -0.641041,
					  0.764659 0.0632595 -0.641323,
					  0.762574 0.0992608 -0.63924,
					  0.754794 0.175806 -0.631964,
					  0.736595 0.280021 -0.615642,
					  0.712497 0.371616 -0.595188,
					  0.701855 0.403098 -0.587292,
					  0.719393 0.343567 -0.603685,
					  0.747848 0.216022 -0.62774,
					  0.763501 0.0812327 -0.640677,
					  0.765176 -0.0480561 -0.642025,
					  0.750476 -0.202096 -0.62924,
					  0.684578 -0.454028 -0.570273,
					  0.493721 -0.770091 -0.403978,
					  0.278351 -0.935631 -0.217062,
					  0.206876 0.911943 -0.354348,
					  0.495428 0.134051 -0.858243,
					  0.441216 0.181215 -0.878914,
					  0.498793 0.0717714 -0.863745,
					  0.499107 0.0642318 -0.864157,
					  0.497807 0.10023 -0.861477,
					  0.49287 0.176766 -0.851958,
					  0.481194 0.280958 -0.83037,
					  0.465409 0.372523 -0.802883,
					  0.458062 0.403991 -0.791815,
					  0.469025 0.344481 -0.813233,
					  0.487727 0.216973 -0.845603,
					  0.498213 0.0822032 -0.863149,
					  0.499518 -0.0470829 -0.865023,
					  0.490308 -0.201141 -0.848021,
					  0.448927 -0.453156 -0.770139,
					  0.326928 -0.76946 -0.548679,
					  0.188721 -0.935271 -0.29942,
					  0.0718461 0.912158 -0.403493,
					  0.171817 0.134564 -0.975895,
					  0.113734 0.181642 -0.976765,
					  0.173189 0.0722881 -0.982232,
					  0.173354 0.0647496 -0.982729,
					  0.172996 0.100746 -0.979756,
					  0.171498 0.177277 -0.969103,
					  0.167755 0.281457 -0.944796,
					  0.162186 0.373005 -0.913544,
					  0.15902 0.404466 -0.900622,
					  0.162086 0.344967 -0.924514,
					  0.168779 0.217478 -0.961362,
					  0.172833 0.0827196 -0.981471,
					  0.173612 -0.0465653 -0.983713,
					  0.171001 -0.200632 -0.964627,
					  0.159129 -0.452688 -0.877355,
					  0.120702 -0.769116 -0.627608,
					  0.0763293 -0.935067 -0.346154,
					  4.41633e-09 0.943312 -0.331908,
					  -0.0718461 0.912158 -0.403493,
					  -0.172519 0.134564 -0.975771,
					  -0.227468 0.181555 -0.956711,
					  -0.173301 0.0722876 -0.982212,
					  -0.173306 0.0647497 -0.982737,
					  -0.172681 0.100747 -0.979812,
					  -0.170558 0.177278 -0.969269,
					  -0.165918 0.281459 -0.94512,
					  -0.160598 0.373006 -0.913824,
					  -0.1592 0.404465 -0.90059,
					  -0.164403 0.344965 -0.924105,
					  -0.170526 0.217477 -0.961054,
					  -0.173394 0.0827197 -0.981372,
					  -0.173236 -0.0465655 -0.983779,
					  -0.168931 -0.20063 -0.964992,
					  -0.149862 -0.452681 -0.878989,
					  -0.100082 -0.7691 -0.631244,
					  -0.0452695 -0.935043 -0.351631,
					  -0.206876 0.911944 -0.354346,
					  -0.496047 0.13405 -0.857886,
					  -0.541231 0.180962 -0.821171,
					  -0.498891 0.0717707 -0.863688,
					  -0.499063 0.064232 -0.864182,
					  -0.49753 0.100231 -0.861637,
					  -0.492044 0.176769 -0.852435,
					  -0.479579 0.280963 -0.831303,
					  -0.464013 0.372526 -0.803689,
					  -0.45822 0.40399 -0.791724,
					  -0.471062 0.344476 -0.812057,
					  -0.489263 0.216968 -0.844717,
					  -0.498707 0.0822025 -0.862864,
					  -0.499188 -0.0470824 -0.865214,
					  -0.488488 -0.201136 -0.849072,
					  -0.440778 -0.453135 -0.774844,
					  -0.308794 -0.769415 -0.559149,
					  -0.161408 -0.935202 -0.315189,
					  -0.316955 0.91154 -0.261982,
					  -0.759742 0.133083 -0.63646,
					  -0.789715 0.179938 -0.586491,
					  -0.764308 0.0707991 -0.640953,
					  -0.764627 0.0632597 -0.641361,
					  -0.762369 0.0992618 -0.639485,
					  -0.754181 0.17581 -0.632694,
					  -0.735396 0.280028 -0.617071,
					  -0.711461 0.371622 -0.596423,
					  -0.701972 0.403098 -0.587152,
					  -0.720905 0.343559 -0.601882,
					  -0.748988 0.216016 -0.626381,
					  -0.763867 0.0812308 -0.640241,
					  -0.76493 -0.0480548 -0.642318,
					  -0.749125 -0.202089 -0.63085,
					  -0.67853 -0.453996 -0.577482,
					  -0.480262 -0.770022 -0.420018,
					  -0.258078 -0.935525 -0.241222,
					  -0.388802 0.910997 -0.137543,
					  -0.931803 0.131782 -0.338197,
					  -0.942948 0.178606 -0.280977,
					  -0.937537 0.0694897 -0.340875,
					  -0.937965 0.0619499 -0.34115,
					  -0.935255 0.0979558 -0.340151,
					  -0.925353 0.174517 -0.33655,
					  -0.902513 0.278768 -0.328267,
					  -0.873096 0.370403 -0.317025,
					  -0.861055 0.401895 -0.311551,
					  -0.883796 0.342325 -0.318933,
					  -0.918374 0.214733 -0.332383,
					  -0.936895 0.0799224 -0.340353,
					  -0.938411 -0.0493652 -0.341975,
					  -0.919407 -0.203372 -0.336646,
					  -0.83444 -0.45516 -0.310707,
					  -0.593803 -0.770848 -0.230633,
					  -0.32362 -0.935973 -0.138654,
					  -0.330915 0.942101 -0.0542387,
					  -0.413754 0.91038 0.00397196,
					  -0.991474 0.130302 0.000925098,
					  -0.982447 0.177125 0.0585177,
					  -0.997685 0.0680006 0.000353539,
					  -0.998171 0.0604605 0.000239855,
					  -0.995336 0.0964704 0.000261189,
					  -0.984914 0.173048 0.00027774,
					  -0.960773 0.277334 0.00027727,
					  -0.929423 0.369016 0.000804095,
					  -0.916283 0.400528 0.00183927,
					  -0.940088 0.340921 0.00266409,
					  -0.976991 0.213275 0.0018176,
					  -0.996919 0.0784346 0.000627302,
					  -0.998706 -0.0508557 -0.000412687,
					  -0.978795 -0.204833 -0.00194464,
					  -0.889705 -0.456487 -0.00669636,
					  -0.635722 -0.771794 -0.0138371,
					  -0.350129 -0.936491 -0.0198563,
					  -0.388801 0.909762 0.145489,
					  -0.931559 0.128823 0.340005,
					  -0.903449 0.175673 0.391049,
					  -0.937498 0.0665118 0.341575,
					  -0.937982 0.0589709 0.341632,
					  -0.935364 0.0949851 0.340693,
					  -0.925679 0.171578 0.337164,
					  -0.903151 0.2759 0.328934,
					  -0.873647 0.367629 0.318731,
					  -0.860993 0.39916 0.315218,
					  -0.882991 0.339519 0.324119,
					  -0.917767 0.211817 0.335911,
					  -0.9367 0.0769472 0.341573,
					  -0.938542 -0.0523463 0.341173,
					  -0.920126 -0.206294 0.332883,
					  -0.837659 -0.457815 0.297881,
					  -0.600965 -0.772745 0.204223,
					  -0.334407 -0.937018 0.100845,
					  -0.316952 0.909219 0.269929,
					  -0.759284 0.127522 0.638142,
					  -0.715481 0.174428 0.676507,
					  -0.764235 0.0652029 0.641634,
					  -0.764659 0.0576609 0.64185,
					  -0.762574 0.0936786 0.640082,
					  -0.754794 0.170285 0.633474,
					  -0.736595 0.274638 0.618063,
					  -0.712497 0.366409 0.598409,
					  -0.701854 0.397958 0.590787,
					  -0.719393 0.338287 0.60666,
					  -0.747848 0.210536 0.629601,
					  -0.763501 0.0756391 0.641362,
					  -0.765176 -0.0536567 0.641582,
					  -0.750476 -0.207579 0.627452,
					  -0.684578 -0.458987 0.56629,
					  -0.493722 -0.773587 0.397242,
					  -0.278351 -0.937489 0.20889,
					  -0.206877 0.908816 0.362291,
					  -0.495428 0.126556 0.85938,
					  -0.441215 0.173539 0.880462,
					  -0.498792 0.0642314 0.864338,
					  -0.499106 0.0566886 0.864685,
					  -0.497806 0.0927091 0.862319,
					  -0.49287 0.169325 0.853468,
					  -0.481195 0.273702 0.83279,
					  -0.465409 0.365502 0.806103,
					  -0.458062 0.397066 0.79531,
					  -0.469025 0.337372 0.816208,
					  -0.487727 0.209586 0.847465,
					  -0.498213 0.0746679 0.863834,
					  -0.499518 -0.0546298 0.864579,
					  -0.490308 -0.208534 0.846234,
					  -0.448927 -0.459859 0.766155,
					  -0.326928 -0.774218 0.541945,
					  -0.188721 -0.937849 0.291246,
					  -0.114925 0.940467 0.319864,
					  -0.0718495 0.908602 0.411437,
					  -0.171817 0.126043 0.977032,
					  -0.113734 0.173112 0.978313,
					  -0.173189 0.0637141 0.982825,
					  -0.173354 0.0561715 0.983256,
					  -0.172995 0.0921932 0.980598,
					  -0.171499 0.168814 0.970613,
					  -0.167756 0.273202 0.947216,
					  -0.162186 0.365019 0.916764,
					  -0.159021 0.396591 0.904117,
					  -0.162086 0.336886 0.927489,
					  -0.168779 0.209081 0.963223,
					  -0.172833 0.0741518 0.982156,
					  -0.173611 -0.0551483 0.983269,
					  -0.171001 -0.209042 0.96284,
					  -0.15913 -0.460327 0.873371,
					  -0.120703 -0.774563 0.620873,
					  -0.0763291 -0.938052 0.337982,
					  0.0718493 0.908602 0.411437,
					  0.172519 0.126044 0.976909,
					  0.227468 0.173199 0.958259,
					  0.173301 0.0637138 0.982806,
					  0.173306 0.0561716 0.983265,
					  0.172681 0.0921928 0.980654,
					  0.170559 0.168813 0.970779,
					  0.165918 0.273201 0.94754,
					  0.160598 0.365018 0.917044,
					  0.159201 0.396591 0.904085,
					  0.164404 0.336889 0.92708,
					  0.170526 0.209082 0.962915,
					  0.173394 0.0741526 0.982057,
					  0.173235 -0.0551487 0.983335,
					  0.168931 -0.209044 0.963205,
					  0.149863 -0.460333 0.875005,
					  0.100082 -0.774579 0.624508,
					  0.0452695 -0.938076 0.343458,
					  0.206877 0.908816 0.362291,
					  0.496047 0.126558 0.859023,
					  0.541231 0.17379 0.822719,
					  0.498891 0.0642312 0.864281,
					  0.499063 0.0566887 0.864709,
					  0.497529 0.0927082 0.862479,
					  0.492044 0.169323 0.853945,
					  0.47958 0.273698 0.833722,
					  0.464013 0.365499 0.806909,
					  0.45822 0.397066 0.795219,
					  0.471063 0.337377 0.815031,
					  0.489263 0.209589 0.846578,
					  0.498707 0.0746699 0.863549,
					  0.499188 -0.054631 0.86477,
					  0.488487 -0.208538 0.847285,
					  0.440778 -0.459879 0.770861,
					  0.308795 -0.774264 0.552413,
					  0.161408 -0.937917 0.307016,
					  0.316952 0.90922 0.269928,
					  0.759742 0.127524 0.637597,
					  0.789715 0.174814 0.58804,
					  0.764308 0.0652034 0.641546,
					  0.764628 0.0576607 0.641888,
					  0.762369 0.0936778 0.640326,
					  0.754181 0.170281 0.634205,
					  0.735396 0.274632 0.619492,
					  0.711461 0.366403 0.599643,
					  0.701972 0.397959 0.590647,
					  0.720905 0.338294 0.604858,
					  0.748988 0.210542 0.628243,
					  0.763868 0.0756409 0.640925,
					  0.76493 -0.053658 0.641874,
					  0.749125 -0.207586 0.629063,
					  0.678529 -0.459018 0.573498,
					  0.480262 -0.773657 0.413283,
					  0.258078 -0.937595 0.23305,
					  0.388801 0.909763 0.145483,
					  0.931803 0.128825 0.339334,
					  0.942948 0.176147 0.282526,
					  0.937537 0.0665126 0.341468,
					  0.937965 0.0589705 0.341678,
					  0.935255 0.0949838 0.340992,
					  0.925353 0.171574 0.33806,
					  0.902513 0.275892 0.330688,
					  0.873096 0.367622 0.320246,
					  0.861055 0.399161 0.315046,
					  0.883796 0.339528 0.321908,
					  0.918374 0.211825 0.334244,
					  0.936895 0.0769493 0.341038,
					  0.938411 -0.0523475 0.341532,
					  0.919407 -0.206303 0.334858,
					  0.83444 -0.457854 0.306724,
					  0.593803 -0.772831 0.223898,
					  0.32362 -0.937147 0.130482 ]
		    }
		    NormalBinding {
			value	PER_VERTEX_INDEXED
		    }
		    IndexedFaceSet {
			coordIndex	[ 0, 1, 2, -1, 1, 3, 4, -1,
					  4, 2, 1, -1, 3, 5, 6, -1,
					  6, 4, 3, -1, 5, 7, 8, -1,
					  8, 6, 5, -1, 7, 9, 10, -1,
					  10, 8, 7, -1, 9, 11, 12, -1,
					  12, 10, 9, -1, 11, 13, 14, -1,
					  14, 12, 11, -1, 13, 15, 16, -1,
					  16, 14, 13, -1, 15, 17, 18, -1,
					  18, 16, 15, -1, 17, 19, 20, -1,
					  20, 18, 17, -1, 19, 21, 22, -1,
					  22, 20, 19, -1, 21, 23, 24, -1,
					  24, 22, 21, -1, 23, 25, 26, -1,
					  26, 24, 23, -1, 25, 27, 28, -1,
					  28, 26, 25, -1, 27, 29, 30, -1,
					  30, 28, 27, -1, 29, 31, 32, -1,
					  32, 30, 29, -1, 31, 33, 34, -1,
					  34, 32, 31, -1, 35, 34, 33, -1,
					  0, 2, 36, -1, 2, 4, 37, -1,
					  37, 36, 2, -1, 4, 6, 38, -1,
					  38, 37, 4, -1, 6, 8, 39, -1,
					  39, 38, 6, -1, 8, 10, 40, -1,
					  40, 39, 8, -1, 10, 12, 41, -1,
					  41, 40, 10, -1, 12, 14, 42, -1,
					  42, 41, 12, -1, 14, 16, 43, -1,
					  43, 42, 14, -1, 16, 18, 44, -1,
					  44, 43, 16, -1, 18, 20, 45, -1,
					  45, 44, 18, -1, 20, 22, 46, -1,
					  46, 45, 20, -1, 22, 24, 47, -1,
					  47, 46, 22, -1, 24, 26, 48, -1,
					  48, 47, 24, -1, 26, 28, 49, -1,
					  49, 48, 26, -1, 28, 30, 50, -1,
					  50, 49, 28, -1, 30, 32, 51, -1,
					  51, 50, 30, -1, 32, 34, 52, -1,
					  52, 51, 32, -1, 35, 52, 34, -1,
					  0, 36, 53, -1, 36, 37, 54, -1,
					  54, 53, 36, -1, 37, 38, 55, -1,
					  55, 54, 37, -1, 38, 39, 56, -1,
					  56, 55, 38, -1, 39, 40, 57, -1,
					  57, 56, 39, -1, 40, 41, 58, -1,
					  58, 57, 40, -1, 41, 42, 59, -1,
					  59, 58, 41, -1, 42, 43, 60, -1,
					  60, 59, 42, -1, 43, 44, 61, -1,
					  61, 60, 43, -1, 44, 45, 62, -1,
					  62, 61, 44, -1, 45, 46, 63, -1,
					  63, 62, 45, -1, 46, 47, 64, -1,
					  64, 63, 46, -1, 47, 48, 65, -1,
					  65, 64, 47, -1, 48, 49, 66, -1,
					  66, 65, 48, -1, 49, 50, 67, -1,
					  67, 66, 49, -1, 50, 51, 68, -1,
					  68, 67, 50, -1, 51, 52, 69, -1,
					  69, 68, 51, -1, 35, 69, 52, -1,
					  0, 53, 70, -1, 53, 54, 71, -1,
					  71, 70, 53, -1, 54, 55, 72, -1,
					  72, 71, 54, -1, 55, 56, 73, -1,
					  73, 72, 55, -1, 56, 57, 74, -1,
					  74, 73, 56, -1, 57, 58, 75, -1,
					  75, 74, 57, -1, 58, 59, 76, -1,
					  76, 75, 58, -1, 59, 60, 77, -1,
					  77, 76, 59, -1, 60, 61, 78, -1,
					  78, 77, 60, -1, 61, 62, 79, -1,
					  79, 78, 61, -1, 62, 63, 80, -1,
					  80, 79, 62, -1, 63, 64, 81, -1,
					  81, 80, 63, -1, 64, 65, 82, -1,
					  82, 81, 64, -1, 65, 66, 83, -1,
					  83, 82, 65, -1, 66, 67, 84, -1,
					  84, 83, 66, -1, 67, 68, 85, -1,
					  85, 84, 67, -1, 68, 69, 86, -1,
					  86, 85, 68, -1, 35, 86, 69, -1,
					  0, 70, 87, -1, 70, 71, 88, -1,
					  88, 87, 70, -1, 71, 72, 89, -1,
					  89, 88, 71, -1, 72, 73, 90, -1,
					  90, 89, 72, -1, 73, 74, 91, -1,
					  91, 90, 73, -1, 74, 75, 92, -1,
					  92, 91, 74, -1, 75, 76, 93, -1,
					  93, 92, 75, -1, 76, 77, 94, -1,
					  94, 93, 76, -1, 77, 78, 95, -1,
					  95, 94, 77, -1, 78, 79, 96, -1,
					  96, 95, 78, -1, 79, 80, 97, -1,
					  97, 96, 79, -1, 80, 81, 98, -1,
					  98, 97, 80, -1, 81, 82, 99, -1,
					  99, 98, 81, -1, 82, 83, 100, -1,
					  100, 99, 82, -1, 83, 84, 101, -1,
					  101, 100, 83, -1, 84, 85, 102, -1,
					  102, 101, 84, -1, 85, 86, 103, -1,
					  103, 102, 85, -1, 35, 103, 86, -1,
					  0, 87, 104, -1, 87, 88, 105, -1,
					  105, 104, 87, -1, 88, 89, 106, -1,
					  106, 105, 88, -1, 89, 90, 107, -1,
					  107, 106, 89, -1, 90, 91, 108, -1,
					  108, 107, 90, -1, 91, 92, 109, -1,
					  109, 108, 91, -1, 92, 93, 110, -1,
					  110, 109, 92, -1, 93, 94, 111, -1,
					  111, 110, 93, -1, 94, 95, 112, -1,
					  112, 111, 94, -1, 95, 96, 113, -1,
					  113, 112, 95, -1, 96, 97, 114, -1,
					  114, 113, 96, -1, 97, 98, 115, -1,
					  115, 114, 97, -1, 98, 99, 116, -1,
					  116, 115, 98, -1, 99, 100, 117, -1,
					  117, 116, 99, -1, 100, 101, 118, -1,
					  118, 117, 100, -1, 101, 102, 119, -1,
					  119, 118, 101, -1, 102, 103, 120, -1,
					  120, 119, 102, -1, 35, 120, 103, -1,
					  0, 104, 121, -1, 104, 105, 122, -1,
					  122, 121, 104, -1, 105, 106, 123, -1,
					  123, 122, 105, -1, 106, 107, 124, -1,
					  124, 123, 106, -1, 107, 108, 125, -1,
					  125, 124, 107, -1, 108, 109, 126, -1,
					  126, 125, 108, -1, 109, 110, 127, -1,
					  127, 126, 109, -1, 110, 111, 128, -1,
					  128, 127, 110, -1, 111, 112, 129, -1,
					  129, 128, 111, -1, 112, 113, 130, -1,
					  130, 129, 112, -1, 113, 114, 131, -1,
					  131, 130, 113, -1, 114, 115, 132, -1,
					  132, 131, 114, -1, 115, 116, 133, -1,
					  133, 132, 115, -1, 116, 117, 134, -1,
					  134, 133, 116, -1, 117, 118, 135, -1,
					  135, 134, 117, -1, 118, 119, 136, -1,
					  136, 135, 118, -1, 119, 120, 137, -1,
					  137, 136, 119, -1, 35, 137, 120, -1,
					  0, 121, 138, -1, 121, 122, 139, -1,
					  139, 138, 121, -1, 122, 123, 140, -1,
					  140, 139, 122, -1, 123, 124, 141, -1,
					  141, 140, 123, -1, 124, 125, 142, -1,
					  142, 141, 124, -1, 125, 126, 143, -1,
					  143, 142, 125, -1, 126, 127, 144, -1,
					  144, 143, 126, -1, 127, 128, 145, -1,
					  145, 144, 127, -1, 128, 129, 146, -1,
					  146, 145, 128, -1, 129, 130, 147, -1,
					  147, 146, 129, -1, 130, 131, 148, -1,
					  148, 147, 130, -1, 131, 132, 149, -1,
					  149, 148, 131, -1, 132, 133, 150, -1,
					  150, 149, 132, -1, 133, 134, 151, -1,
					  151, 150, 133, -1, 134, 135, 152, -1,
					  152, 151, 134, -1, 135, 136, 153, -1,
					  153, 152, 135, -1, 136, 137, 154, -1,
					  154, 153, 136, -1, 35, 154, 137, -1,
					  0, 138, 155, -1, 138, 139, 156, -1,
					  156, 155, 138, -1, 139, 140, 157, -1,
					  157, 156, 139, -1, 140, 141, 158, -1,
					  158, 157, 140, -1, 141, 142, 159, -1,
					  159, 158, 141, -1, 142, 143, 160, -1,
					  160, 159, 142, -1, 143, 144, 161, -1,
					  161, 160, 143, -1, 144, 145, 162, -1,
					  162, 161, 144, -1, 145, 146, 163, -1,
					  163, 162, 145, -1, 146, 147, 164, -1,
					  164, 163, 146, -1, 147, 148, 165, -1,
					  165, 164, 147, -1, 148, 149, 166, -1,
					  166, 165, 148, -1, 149, 150, 167, -1,
					  167, 166, 149, -1, 150, 151, 168, -1,
					  168, 167, 150, -1, 151, 152, 169, -1,
					  169, 168, 151, -1, 152, 153, 170, -1,
					  170, 169, 152, -1, 153, 154, 171, -1,
					  171, 170, 153, -1, 35, 171, 154, -1,
					  0, 155, 172, -1, 155, 156, 173, -1,
					  173, 172, 155, -1, 156, 157, 174, -1,
					  174, 173, 156, -1, 157, 158, 175, -1,
					  175, 174, 157, -1, 158, 159, 176, -1,
					  176, 175, 158, -1, 159, 160, 177, -1,
					  177, 176, 159, -1, 160, 161, 178, -1,
					  178, 177, 160, -1, 161, 162, 179, -1,
					  179, 178, 161, -1, 162, 163, 180, -1,
					  180, 179, 162, -1, 163, 164, 181, -1,
					  181, 180, 163, -1, 164, 165, 182, -1,
					  182, 181, 164, -1, 165, 166, 183, -1,
					  183, 182, 165, -1, 166, 167, 184, -1,
					  184, 183, 166, -1, 167, 168, 185, -1,
					  185, 184, 167, -1, 168, 169, 186, -1,
					  186, 185, 168, -1, 169, 170, 187, -1,
					  187, 186, 169, -1, 170, 171, 188, -1,
					  188, 187, 170, -1, 35, 188, 171, -1,
					  0, 172, 189, -1, 172, 173, 190, -1,
					  190, 189, 172, -1, 173, 174, 191, -1,
					  191, 190, 173, -1, 174, 175, 192, -1,
					  192, 191, 174, -1, 175, 176, 193, -1,
					  193, 192, 175, -1, 176, 177, 194, -1,
					  194, 193, 176, -1, 177, 178, 195, -1,
					  195, 194, 177, -1, 178, 179, 196, -1,
					  196, 195, 178, -1, 179, 180, 197, -1,
					  197, 196, 179, -1, 180, 181, 198, -1,
					  198, 197, 180, -1, 181, 182, 199, -1,
					  199, 198, 181, -1, 182, 183, 200, -1,
					  200, 199, 182, -1, 183, 184, 201, -1,
					  201, 200, 183, -1, 184, 185, 202, -1,
					  202, 201, 184, -1, 185, 186, 203, -1,
					  203, 202, 185, -1, 186, 187, 204, -1,
					  204, 203, 186, -1, 187, 188, 205, -1,
					  205, 204, 187, -1, 35, 205, 188, -1,
					  0, 189, 206, -1, 189, 190, 207, -1,
					  207, 206, 189, -1, 190, 191, 208, -1,
					  208, 207, 190, -1, 191, 192, 209, -1,
					  209, 208, 191, -1, 192, 193, 210, -1,
					  210, 209, 192, -1, 193, 194, 211, -1,
					  211, 210, 193, -1, 194, 195, 212, -1,
					  212, 211, 194, -1, 195, 196, 213, -1,
					  213, 212, 195, -1, 196, 197, 214, -1,
					  214, 213, 196, -1, 197, 198, 215, -1,
					  215, 214, 197, -1, 198, 199, 216, -1,
					  216, 215, 198, -1, 199, 200, 217, -1,
					  217, 216, 199, -1, 200, 201, 218, -1,
					  218, 217, 200, -1, 201, 202, 219, -1,
					  219, 218, 201, -1, 202, 203, 220, -1,
					  220, 219, 202, -1, 203, 204, 221, -1,
					  221, 220, 203, -1, 204, 205, 222, -1,
					  222, 221, 204, -1, 35, 222, 205, -1,
					  0, 206, 223, -1, 206, 207, 224, -1,
					  224, 223, 206, -1, 207, 208, 225, -1,
					  225, 224, 207, -1, 208, 209, 226, -1,
					  226, 225, 208, -1, 209, 210, 227, -1,
					  227, 226, 209, -1, 210, 211, 228, -1,
					  228, 227, 210, -1, 211, 212, 229, -1,
					  229, 228, 211, -1, 212, 213, 230, -1,
					  230, 229, 212, -1, 213, 214, 231, -1,
					  231, 230, 213, -1, 214, 215, 232, -1,
					  232, 231, 214, -1, 215, 216, 233, -1,
					  233, 232, 215, -1, 216, 217, 234, -1,
					  234, 233, 216, -1, 217, 218, 235, -1,
					  235, 234, 217, -1, 218, 219, 236, -1,
					  236, 235, 218, -1, 219, 220, 237, -1,
					  237, 236, 219, -1, 220, 221, 238, -1,
					  238, 237, 220, -1, 221, 222, 239, -1,
					  239, 238, 221, -1, 35, 239, 222, -1,
					  0, 223, 240, -1, 223, 224, 241, -1,
					  241, 240, 223, -1, 224, 225, 242, -1,
					  242, 241, 224, -1, 225, 226, 243, -1,
					  243, 242, 225, -1, 226, 227, 244, -1,
					  244, 243, 226, -1, 227, 228, 245, -1,
					  245, 244, 227, -1, 228, 229, 246, -1,
					  246, 245, 228, -1, 229, 230, 247, -1,
					  247, 246, 229, -1, 230, 231, 248, -1,
					  248, 247, 230, -1, 231, 232, 249, -1,
					  249, 248, 231, -1, 232, 233, 250, -1,
					  250, 249, 232, -1, 233, 234, 251, -1,
					  251, 250, 233, -1, 234, 235, 252, -1,
					  252, 251, 234, -1, 235, 236, 253, -1,
					  253, 252, 235, -1, 236, 237, 254, -1,
					  254, 253, 236, -1, 237, 238, 255, -1,
					  255, 254, 237, -1, 238, 239, 256, -1,
					  256, 255, 238, -1, 35, 256, 239, -1,
					  0, 240, 257, -1, 240, 241, 258, -1,
					  258, 257, 240, -1, 241, 242, 259, -1,
					  259, 258, 241, -1, 242, 243, 260, -1,
					  260, 259, 242, -1, 243, 244, 261, -1,
					  261, 260, 243, -1, 244, 245, 262, -1,
					  262, 261, 244, -1, 245, 246, 263, -1,
					  263, 262, 245, -1, 246, 247, 264, -1,
					  264, 263, 246, -1, 247, 248, 265, -1,
					  265, 264, 247, -1, 248, 249, 266, -1,
					  266, 265, 248, -1, 249, 250, 267, -1,
					  267, 266, 249, -1, 250, 251, 268, -1,
					  268, 267, 250, -1, 251, 252, 269, -1,
					  269, 268, 251, -1, 252, 253, 270, -1,
					  270, 269, 252, -1, 253, 254, 271, -1,
					  271, 270, 253, -1, 254, 255, 272, -1,
					  272, 271, 254, -1, 255, 256, 273, -1,
					  273, 272, 255, -1, 35, 273, 256, -1,
					  0, 257, 274, -1, 257, 258, 275, -1,
					  275, 274, 257, -1, 258, 259, 276, -1,
					  276, 275, 258, -1, 259, 260, 277, -1,
					  277, 276, 259, -1, 260, 261, 278, -1,
					  278, 277, 260, -1, 261, 262, 279, -1,
					  279, 278, 261, -1, 262, 263, 280, -1,
					  280, 279, 262, -1, 263, 264, 281, -1,
					  281, 280, 263, -1, 264, 265, 282, -1,
					  282, 281, 264, -1, 265, 266, 283, -1,
					  283, 282, 265, -1, 266, 267, 284, -1,
					  284, 283, 266, -1, 267, 268, 285, -1,
					  285, 284, 267, -1, 268, 269, 286, -1,
					  286, 285, 268, -1, 269, 270, 287, -1,
					  287, 286, 269, -1, 270, 271, 288, -1,
					  288, 287, 270, -1, 271, 272, 289, -1,
					  289, 288, 271, -1, 272, 273, 290, -1,
					  290, 289, 272, -1, 35, 290, 273, -1,
					  0, 274, 291, -1, 274, 275, 292, -1,
					  292, 291, 274, -1, 275, 276, 293, -1,
					  293, 292, 275, -1, 276, 277, 294, -1,
					  294, 293, 276, -1, 277, 278, 295, -1,
					  295, 294, 277, -1, 278, 279, 296, -1,
					  296, 295, 278, -1, 279, 280, 297, -1,
					  297, 296, 279, -1, 280, 281, 298, -1,
					  298, 297, 280, -1, 281, 282, 299, -1,
					  299, 298, 281, -1, 282, 283, 300, -1,
					  300, 299, 282, -1, 283, 284, 301, -1,
					  301, 300, 283, -1, 284, 285, 302, -1,
					  302, 301, 284, -1, 285, 286, 303, -1,
					  303, 302, 285, -1, 286, 287, 304, -1,
					  304, 303, 286, -1, 287, 288, 305, -1,
					  305, 304, 287, -1, 288, 289, 306, -1,
					  306, 305, 288, -1, 289, 290, 307, -1,
					  307, 306, 289, -1, 35, 307, 290, -1,
					  0, 291, 1, -1, 291, 292, 3, -1,
					  3, 1, 291, -1, 292, 293, 5, -1,
					  5, 3, 292, -1, 293, 294, 7, -1,
					  7, 5, 293, -1, 294, 295, 9, -1,
					  9, 7, 294, -1, 295, 296, 11, -1,
					  11, 9, 295, -1, 296, 297, 13, -1,
					  13, 11, 296, -1, 297, 298, 15, -1,
					  15, 13, 297, -1, 298, 299, 17, -1,
					  17, 15, 298, -1, 299, 300, 19, -1,
					  19, 17, 299, -1, 300, 301, 21, -1,
					  21, 19, 300, -1, 301, 302, 23, -1,
					  23, 21, 301, -1, 302, 303, 25, -1,
					  25, 23, 302, -1, 303, 304, 27, -1,
					  27, 25, 303, -1, 304, 305, 29, -1,
					  29, 27, 304, -1, 305, 306, 31, -1,
					  31, 29, 305, -1, 306, 307, 33, -1,
					  33, 31, 306, -1, 35, 33, 307, -1 ]
			normalIndex	[ 0, 1, 2, -1, 3, 4, 5, -1,
					  5, 6, 3, -1, 4, 7, 8, -1,
					  8, 5, 4, -1, 7, 9, 10, -1,
					  10, 8, 7, -1, 9, 11, 12, -1,
					  12, 10, 9, -1, 11, 13, 14, -1,
					  14, 12, 11, -1, 13, 15, 16, -1,
					  16, 14, 13, -1, 15, 17, 18, -1,
					  18, 16, 15, -1, 17, 19, 20, -1,
					  20, 18, 17, -1, 19, 21, 22, -1,
					  22, 20, 19, -1, 21, 23, 24, -1,
					  24, 22, 21, -1, 23, 25, 26, -1,
					  26, 24, 23, -1, 25, 27, 28, -1,
					  28, 26, 25, -1, 27, 29, 30, -1,
					  30, 28, 27, -1, 29, 31, 32, -1,
					  32, 30, 29, -1, 31, 33, 34, -1,
					  34, 32, 31, -1, 33, 35, 36, -1,
					  36, 34, 33, -1, 37, 36, 35, -1,
					  0, 2, 38, -1, 6, 5, 39, -1,
					  39, 40, 6, -1, 5, 8, 41, -1,
					  41, 39, 5, -1, 8, 10, 42, -1,
					  42, 41, 8, -1, 10, 12, 43, -1,
					  43, 42, 10, -1, 12, 14, 44, -1,
					  44, 43, 12, -1, 14, 16, 45, -1,
					  45, 44, 14, -1, 16, 18, 46, -1,
					  46, 45, 16, -1, 18, 20, 47, -1,
					  47, 46, 18, -1, 20, 22, 48, -1,
					  48, 47, 20, -1, 22, 24, 49, -1,
					  49, 48, 22, -1, 24, 26, 50, -1,
					  50, 49, 24, -1, 26, 28, 51, -1,
					  51, 50, 26, -1, 28, 30, 52, -1,
					  52, 51, 28, -1, 30, 32, 53, -1,
					  53, 52, 30, -1, 32, 34, 54, -1,
					  54, 53, 32, -1, 34, 36, 55, -1,
					  55, 54, 34, -1, 37, 55, 36, -1,
					  0, 38, 56, -1, 40, 39, 57, -1,
					  57, 58, 40, -1, 39, 41, 59, -1,
					  59, 57, 39, -1, 41, 42, 60, -1,
					  60, 59, 41, -1, 42, 43, 61, -1,
					  61, 60, 42, -1, 43, 44, 62, -1,
					  62, 61, 43, -1, 44, 45, 63, -1,
					  63, 62, 44, -1, 45, 46, 64, -1,
					  64, 63, 45, -1, 46, 47, 65, -1,
					  65, 64, 46, -1, 47, 48, 66, -1,
					  66, 65, 47, -1, 48, 49, 67, -1,
					  67, 66, 48, -1, 49, 50, 68, -1,
					  68, 67, 49, -1, 50, 51, 69, -1,
					  69, 68, 50, -1, 51, 52, 70, -1,
					  70, 69, 51, -1, 52, 53, 71, -1,
					  71, 70, 52, -1, 53, 54, 72, -1,
					  72, 71, 53, -1, 54, 55, 73, -1,
					  73, 72, 54, -1, 37, 73, 55, -1,
					  0, 56, 74, -1, 58, 57, 75, -1,
					  75, 76, 58, -1, 57, 59, 77, -1,
					  77, 75, 57, -1, 59, 60, 78, -1,
					  78, 77, 59, -1, 60, 61, 79, -1,
					  79, 78, 60, -1, 61, 62, 80, -1,
					  80, 79, 61, -1, 62, 63, 81, -1,
					  81, 80, 62, -1, 63, 64, 82, -1,
					  82, 81, 63, -1, 64, 65, 83, -1,
					  83, 82, 64, -1, 65, 66, 84, -1,
					  84, 83, 65, -1, 66, 67, 85, -1,
					  85, 84, 66, -1, 67, 68, 86, -1,
					  86, 85, 67, -1, 68, 69, 87, -1,
					  87, 86, 68, -1, 69, 70, 88, -1,
					  88, 87, 69, -1, 70, 71, 89, -1,
					  89, 88, 70, -1, 71, 72, 90, -1,
					  90, 89, 71, -1, 72, 73, 91, -1,
					  91, 90, 72, -1, 37, 91, 73, -1,
					  92, 74, 93, -1, 76, 75, 94, -1,
					  94, 95, 76, -1, 75, 77, 96, -1,
					  96, 94, 75, -1, 77, 78, 97, -1,
					  97, 96, 77, -1, 78, 79, 98, -1,
					  98, 97, 78, -1, 79, 80, 99, -1,
					  99, 98, 79, -1, 80, 81, 100, -1,
					  100, 99, 80, -1, 81, 82, 101, -1,
					  101, 100, 81, -1, 82, 83, 102, -1,
					  102, 101, 82, -1, 83, 84, 103, -1,
					  103, 102, 83, -1, 84, 85, 104, -1,
					  104, 103, 84, -1, 85, 86, 105, -1,
					  105, 104, 85, -1, 86, 87, 106, -1,
					  106, 105, 86, -1, 87, 88, 107, -1,
					  107, 106, 87, -1, 88, 89, 108, -1,
					  108, 107, 88, -1, 89, 90, 109, -1,
					  109, 108, 89, -1, 90, 91, 110, -1,
					  110, 109, 90, -1, 37, 110, 91, -1,
					  92, 93, 111, -1, 95, 94, 112, -1,
					  112, 113, 95, -1, 94, 96, 114, -1,
					  114, 112, 94, -1, 96, 97, 115, -1,
					  115, 114, 96, -1, 97, 98, 116, -1,
					  116, 115, 97, -1, 98, 99, 117, -1,
					  117, 116, 98, -1, 99, 100, 118, -1,
					  118, 117, 99, -1, 100, 101, 119, -1,
					  119, 118, 100, -1, 101, 102, 120, -1,
					  120, 119, 101, -1, 102, 103, 121, -1,
					  121, 120, 102, -1, 103, 104, 122, -1,
					  122, 121, 103, -1, 104, 105, 123, -1,
					  123, 122, 104, -1, 105, 106, 124, -1,
					  124, 123, 105, -1, 106, 107, 125, -1,
					  125, 124, 106, -1, 107, 108, 126, -1,
					  126, 125, 107, -1, 108, 109, 127, -1,
					  127, 126, 108, -1, 109, 110, 128, -1,
					  128, 127, 109, -1, 37, 128, 110, -1,
					  92, 111, 129, -1, 113, 112, 130, -1,
					  130, 131, 113, -1, 112, 114, 132, -1,
					  132, 130, 112, -1, 114, 115, 133, -1,
					  133, 132, 114, -1, 115, 116, 134, -1,
					  134, 133, 115, -1, 116, 117, 135, -1,
					  135, 134, 116, -1, 117, 118, 136, -1,
					  136, 135, 117, -1, 118, 119, 137, -1,
					  137, 136, 118, -1, 119, 120, 138, -1,
					  138, 137, 119, -1, 120, 121, 139, -1,
					  139, 138, 120, -1, 121, 122, 140, -1,
					  140, 139, 121, -1, 122, 123, 141, -1,
					  141, 140, 122, -1, 123, 124, 142, -1,
					  142, 141, 123, -1, 124, 125, 143, -1,
					  143, 142, 124, -1, 125, 126, 144, -1,
					  144, 143, 125, -1, 126, 127, 145, -1,
					  145, 144, 126, -1, 127, 128, 146, -1,
					  146, 145, 127, -1, 37, 146, 128, -1,
					  92, 129, 147, -1, 131, 130, 148, -1,
					  148, 149, 131, -1, 130, 132, 150, -1,
					  150, 148, 130, -1, 132, 133, 151, -1,
					  151, 150, 132, -1, 133, 134, 152, -1,
					  152, 151, 133, -1, 134, 135, 153, -1,
					  153, 152, 134, -1, 135, 136, 154, -1,
					  154, 153, 135, -1, 136, 137, 155, -1,
					  155, 154, 136, -1, 137, 138, 156, -1,
					  156, 155, 137, -1, 138, 139, 157, -1,
					  157, 156, 138, -1, 139, 140, 158, -1,
					  158, 157, 139, -1, 140, 141, 159, -1,
					  159, 158, 140, -1, 141, 142, 160, -1,
					  160, 159, 141, -1, 142, 143, 161, -1,
					  161, 160, 142, -1, 143, 144, 162, -1,
					  162, 161, 143, -1, 144, 145, 163, -1,
					  163, 162, 144, -1, 145, 146, 164, -1,
					  164, 163, 145, -1, 37, 164, 146, -1,
					  165, 147, 166, -1, 149, 148, 167, -1,
					  167, 168, 149, -1, 148, 150, 169, -1,
					  169, 167, 148, -1, 150, 151, 170, -1,
					  170, 169, 150, -1, 151, 152, 171, -1,
					  171, 170, 151, -1, 152, 153, 172, -1,
					  172, 171, 152, -1, 153, 154, 173, -1,
					  173, 172, 153, -1, 154, 155, 174, -1,
					  174, 173, 154, -1, 155, 156, 175, -1,
					  175, 174, 155, -1, 156, 157, 176, -1,
					  176, 175, 156, -1, 157, 158, 177, -1,
					  177, 176, 157, -1, 158, 159, 178, -1,
					  178, 177, 158, -1, 159, 160, 179, -1,
					  179, 178, 159, -1, 160, 161, 180, -1,
					  180, 179, 160, -1, 161, 162, 181, -1,
					  181, 180, 161, -1, 162, 163, 182, -1,
					  182, 181, 162, -1, 163, 164, 183, -1,
					  183, 182, 163, -1, 37, 183, 164, -1,
					  165, 166, 184, -1, 168, 167, 185, -1,
					  185, 186, 168, -1, 167, 169, 187, -1,
					  187, 185, 167, -1, 169, 170, 188, -1,
					  188, 187, 169, -1, 170, 171, 189, -1,
					  189, 188, 170, -1, 171, 172, 190, -1,
					  190, 189, 171, -1, 172, 173, 191, -1,
					  191, 190, 172, -1, 173, 174, 192, -1,
					  192, 191, 173, -1, 174, 175, 193, -1,
					  193, 192, 174, -1, 175, 176, 194, -1,
					  194, 193, 175, -1, 176, 177, 195, -1,
					  195, 194, 176, -1, 177, 178, 196, -1,
					  196, 195, 177, -1, 178, 179, 197, -1,
					  197, 196, 178, -1, 179, 180, 198, -1,
					  198, 197, 179, -1, 180, 181, 199, -1,
					  199, 198, 180, -1, 181, 182, 200, -1,
					  200, 199, 181, -1, 182, 183, 201, -1,
					  201, 200, 182, -1, 37, 201, 183, -1,
					  165, 184, 202, -1, 186, 185, 203, -1,
					  203, 204, 186, -1, 185, 187, 205, -1,
					  205, 203, 185, -1, 187, 188, 206, -1,
					  206, 205, 187, -1, 188, 189, 207, -1,
					  207, 206, 188, -1, 189, 190, 208, -1,
					  208, 207, 189, -1, 190, 191, 209, -1,
					  209, 208, 190, -1, 191, 192, 210, -1,
					  210, 209, 191, -1, 192, 193, 211, -1,
					  211, 210, 192, -1, 193, 194, 212, -1,
					  212, 211, 193, -1, 194, 195, 213, -1,
					  213, 212, 194, -1, 195, 196, 214, -1,
					  214, 213, 195, -1, 196, 197, 215, -1,
					  215, 214, 196, -1, 197, 198, 216, -1,
					  216, 215, 197, -1, 198, 199, 217, -1,
					  217, 216, 198, -1, 199, 200, 218, -1,
					  218, 217, 199, -1, 200, 201, 219, -1,
					  219, 218, 200, -1, 37, 219, 201, -1,
					  165, 202, 220, -1, 204, 203, 221, -1,
					  221, 222, 204, -1, 203, 205, 223, -1,
					  223, 221, 203, -1, 205, 206, 224, -1,
					  224, 223, 205, -1, 206, 207, 225, -1,
					  225, 224, 206, -1, 207, 208, 226, -1,
					  226, 225, 207, -1, 208, 209, 227, -1,
					  227, 226, 208, -1, 209, 210, 228, -1,
					  228, 227, 209, -1, 210, 211, 229, -1,
					  229, 228, 210, -1, 211, 212, 230, -1,
					  230, 229, 211, -1, 212, 213, 231, -1,
					  231, 230, 212, -1, 213, 214, 232, -1,
					  232, 231, 213, -1, 214, 215, 233, -1,
					  233, 232, 214, -1, 215, 216, 234, -1,
					  234, 233, 215, -1, 216, 217, 235, -1,
					  235, 234, 216, -1, 217, 218, 236, -1,
					  236, 235, 217, -1, 218, 219, 237, -1,
					  237, 236, 218, -1, 37, 237, 219, -1,
					  238, 220, 239, -1, 222, 221, 240, -1,
					  240, 241, 222, -1, 221, 223, 242, -1,
					  242, 240, 221, -1, 223, 224, 243, -1,
					  243, 242, 223, -1, 224, 225, 244, -1,
					  244, 243, 224, -1, 225, 226, 245, -1,
					  245, 244, 225, -1, 226, 227, 246, -1,
					  246, 245, 226, -1, 227, 228, 247, -1,
					  247, 246, 227, -1, 228, 229, 248, -1,
					  248, 247, 228, -1, 229, 230, 249, -1,
					  249, 248, 229, -1, 230, 231, 250, -1,
					  250, 249, 230, -1, 231, 232, 251, -1,
					  251, 250, 231, -1, 232, 233, 252, -1,
					  252, 251, 232, -1, 233, 234, 253, -1,
					  253, 252, 233, -1, 234, 235, 254, -1,
					  254, 253, 234, -1, 235, 236, 255, -1,
					  255, 254, 235, -1, 236, 237, 256, -1,
					  256, 255, 236, -1, 37, 256, 237, -1,
					  238, 239, 257, -1, 241, 240, 258, -1,
					  258, 259, 241, -1, 240, 242, 260, -1,
					  260, 258, 240, -1, 242, 243, 261, -1,
					  261, 260, 242, -1, 243, 244, 262, -1,
					  262, 261, 243, -1, 244, 245, 263, -1,
					  263, 262, 244, -1, 245, 246, 264, -1,
					  264, 263, 245, -1, 246, 247, 265, -1,
					  265, 264, 246, -1, 247, 248, 266, -1,
					  266, 265, 247, -1, 248, 249, 267, -1,
					  267, 266, 248, -1, 249, 250, 268, -1,
					  268, 267, 249, -1, 250, 251, 269, -1,
					  269, 268, 250, -1, 251, 252, 270, -1,
					  270, 269, 251, -1, 252, 253, 271, -1,
					  271, 270, 252, -1, 253, 254, 272, -1,
					  272, 271, 253, -1, 254, 255, 273, -1,
					  273, 272, 254, -1, 255, 256, 274, -1,
					  274, 273, 255, -1, 37, 274, 256, -1,
					  238, 257, 275, -1, 259, 258, 276, -1,
					  276, 277, 259, -1, 258, 260, 278, -1,
					  278, 276, 258, -1, 260, 261, 279, -1,
					  279, 278, 260, -1, 261, 262, 280, -1,
					  280, 279, 261, -1, 262, 263, 281, -1,
					  281, 280, 262, -1, 263, 264, 282, -1,
					  282, 281, 263, -1, 264, 265, 283, -1,
					  283, 282, 264, -1, 265, 266, 284, -1,
					  284, 283, 265, -1, 266, 267, 285, -1,
					  285, 284, 266, -1, 267, 268, 286, -1,
					  286, 285, 267, -1, 268, 269, 287, -1,
					  287, 286, 268, -1, 269, 270, 288, -1,
					  288, 287, 269, -1, 270, 271, 289, -1,
					  289, 288, 270, -1, 271, 272, 290, -1,
					  290, 289, 271, -1, 272, 273, 291, -1,
					  291, 290, 272, -1, 273, 274, 292, -1,
					  292, 291, 273, -1, 37, 292, 274, -1,
					  238, 275, 293, -1, 277, 276, 294, -1,
					  294, 295, 277, -1, 276, 278, 296, -1,
					  296, 294, 276, -1, 278, 279, 297, -1,
					  297, 296, 278, -1, 279, 280, 298, -1,
					  298, 297, 279, -1, 280, 281, 299, -1,
					  299, 298, 280, -1, 281, 282, 300, -1,
					  300, 299, 281, -1, 282, 283, 301, -1,
					  301, 300, 282, -1, 283, 284, 302, -1,
					  302, 301, 283, -1, 284, 285, 303, -1,
					  303, 302, 284, -1, 285, 286, 304, -1,
					  304, 303, 285, -1, 286, 287, 305, -1,
					  305, 304, 286, -1, 287, 288, 306, -1,
					  306, 305, 287, -1, 288, 289, 307, -1,
					  307, 306, 288, -1, 289, 290, 308, -1,
					  308, 307, 289, -1, 290, 291, 309, -1,
					  309, 308, 290, -1, 291, 292, 310, -1,
					  310, 309, 291, -1, 37, 310, 292, -1,
					  0, 293, 311, -1, 295, 294, 312, -1,
					  312, 313, 295, -1, 294, 296, 314, -1,
					  314, 312, 294, -1, 296, 297, 315, -1,
					  315, 314, 296, -1, 297, 298, 316, -1,
					  316, 315, 297, -1, 298, 299, 317, -1,
					  317, 316, 298, -1, 299, 300, 318, -1,
					  318, 317, 299, -1, 300, 301, 319, -1,
					  319, 318, 300, -1, 301, 302, 320, -1,
					  320, 319, 301, -1, 302, 303, 321, -1,
					  321, 320, 302, -1, 303, 304, 322, -1,
					  322, 321, 303, -1, 304, 305, 323, -1,
					  323, 322, 304, -1, 305, 306, 324, -1,
					  324, 323, 305, -1, 306, 307, 325, -1,
					  325, 324, 306, -1, 307, 308, 326, -1,
					  326, 325, 307, -1, 308, 309, 327, -1,
					  327, 326, 308, -1, 309, 310, 328, -1,
					  328, 327, 309, -1, 37, 328, 310, -1,
					  0, 311, 1, -1, 313, 312, 4, -1,
					  4, 3, 313, -1, 312, 314, 7, -1,
					  7, 4, 312, -1, 314, 315, 9, -1,
					  9, 7, 314, -1, 315, 316, 11, -1,
					  11, 9, 315, -1, 316, 317, 13, -1,
					  13, 11, 316, -1, 317, 318, 15, -1,
					  15, 13, 317, -1, 318, 319, 17, -1,
					  17, 15, 318, -1, 319, 320, 19, -1,
					  19, 17, 319, -1, 320, 321, 21, -1,
					  21, 19, 320, -1, 321, 322, 23, -1,
					  23, 21, 321, -1, 322, 323, 25, -1,
					  25, 23, 322, -1, 323, 324, 27, -1,
					  27, 25, 323, -1, 324, 325, 29, -1,
					  29, 27, 324, -1, 325, 326, 31, -1,
					  31, 29, 325, -1, 326, 327, 33, -1,
					  33, 31, 326, -1, 327, 328, 35, -1,
					  35, 33, 327, -1, 37, 35, 328, -1 ]
		    }
		}
		Separator {
		    Coordinate3 {
			point	[ 1.84033 11.8583 -1.48609,
					  2.16763 11.9135 -0.910197,
					  2.92751 10.6888 -1.15351,
					  2.51925 10.62 -1.87185,
					  2.33471 11.9402 -0.275206,
					  3.13591 10.7221 -0.361473,
					  2.33471 11.9374 0.379394,
					  3.13591 10.7186 0.455027,
					  2.16763 11.9051 1.01413,
					  2.92751 10.6784 1.24675,
					  1.84033 11.8449 1.58952,
					  2.51925 10.6032 1.96445,
					  3.67852 9.45807 -1.39251,
					  3.19079 9.37582 -2.25068,
					  3.92749 9.49784 -0.446289,
					  3.92749 9.49359 0.529157,
					  3.67852 9.44556 1.475,
					  3.19079 9.35582 2.33242,
					  4.29165 8.1432 -1.56507,
					  3.74717 8.05138 -2.52308,
					  4.56958 8.1876 -0.508752,
					  4.56958 8.18285 0.580184,
					  4.29165 8.12924 1.63607,
					  3.74717 8.02905 2.59324,
					  2.74178 10.6559 -1.11547,
					  1.97884 11.8801 -0.874266,
					  2.89311 10.6792 -0.342035,
					  2.09168 11.8973 -0.257167,
					  2.89311 10.6758 0.435216,
					  2.09168 11.8946 0.36098,
					  2.74178 10.6458 1.20842,
					  1.97884 11.872 0.977906,
					  3.49491 9.42553 -1.35327,
					  3.68485 9.45497 -0.425964,
					  3.68485 9.45089 0.508459,
					  3.49491 9.41336 1.43547,
					  4.10919 8.11086 -1.52524,
					  4.32702 8.14474 -0.487964,
					  4.32702 8.14017 0.559022,
					  4.10919 8.09724 1.59596,
					  4.155 6.65345 -2.66242,
					  4.54587 6.7178 -1.61444,
					  4.77772 6.75391 -0.522194,
					  4.77772 6.7491 0.581115,
					  4.54587 6.70345 1.67301,
					  4.155 6.62996 2.72038,
					  4.72784 6.75005 -1.65451,
					  5.17019 5.34078 -1.27226,
					  4.78532 5.2763 -2.04944,
					  5.02025 6.79677 -0.543178,
					  5.32017 5.36345 -0.408451,
					  5.02025 6.79177 0.602471,
					  5.32017 5.35968 0.455243,
					  4.72784 6.73536 1.71335,
					  5.17019 5.32947 1.31882,
					  4.78532 5.25822 2.09541,
					  5.33596 3.89264 -0.811804,
					  5.24002 3.87814 -1.36439,
					  5.4319 3.90715 -0.259214,
					  5.4319 3.90474 0.293303,
					  5.33596 3.88541 0.845745,
					  5.24002 3.86609 1.39819,
					  5.23875 2.45567 -0.36,
					  5.19583 2.44918 -0.607173,
					  5.28166 2.46215 -0.112827,
					  5.28166 2.46108 0.134312,
					  5.23875 2.45243 0.381419,
					  5.19583 2.44379 0.628526,
					  5.23748 3.87528 -0.811879,
					  5.23494 3.87242 -0.259366,
					  5.23494 3.87001 0.293151,
					  5.23748 3.86805 0.845669,
					  4.93296 5.29872 -1.22075,
					  5.07696 5.32049 -0.391409,
					  5.07696 5.31688 0.437826,
					  4.93296 5.28787 1.26695 ]
		    }
		    Normal {
			vector	[ 0.712743 0.532845 -0.456152,
					  0.778887 0.544937 -0.310449,
					  0.766211 0.53991 -0.34845,
					  0.715356 0.528416 -0.457212,
					  0.830476 0.551694 -0.0770944,
					  0.828088 0.548233 -0.117094,
					  0.820042 0.549074 0.1614,
					  0.828071 0.547185 0.122008,
					  0.74812 0.537236 0.389479,
					  0.766163 0.536834 0.353275,
					  0.712742 0.528845 0.460785,
					  0.714051 0.526627 0.461296,
					  0.798089 0.48546 -0.356906,
					  0.753577 0.457404 -0.472127,
					  0.861139 0.494108 -0.119571,
					  0.860934 0.492968 0.125595,
					  0.797479 0.482112 0.362761,
					  0.735681 0.488136 0.469571,
					  0.852982 0.366606 -0.371514,
					  0.805447 0.333761 -0.489755,
					  0.918139 0.376029 -0.124989,
					  0.917991 0.374843 0.129558,
					  0.852539 0.363119 0.375929,
					  0.788734 0.374085 0.487811,
					  -0.813129 -0.528697 0.243515,
					  -0.810997 -0.540607 0.223669,
					  -0.816483 -0.537512 0.210801,
					  -0.82951 -0.519015 0.206243,
					  -0.8319 -0.547745 0.088981,
					  -0.827499 -0.549869 0.113531,
					  -0.83222 -0.54703 -0.0903793,
					  -0.832476 -0.550976 -0.0583872,
					  -0.814527 -0.538431 -0.215958,
					  -0.816904 -0.545788 -0.186502,
					  -0.80271 -0.526981 -0.27919,
					  -0.811188 -0.534175 -0.237972,
					  -0.818911 -0.494436 0.291407,
					  -0.836529 -0.48748 0.250167,
					  -0.864304 -0.493775 0.0957295,
					  -0.864696 -0.492934 -0.096524,
					  -0.839272 -0.484662 -0.246424,
					  -0.830122 -0.457894 -0.318167,
					  -0.862676 -0.384546 0.328503,
					  -0.888525 -0.370151 0.27113,
					  -0.921029 -0.375965 0.101768,
					  -0.921295 -0.375017 -0.102849,
					  -0.890128 -0.367035 -0.270107,
					  -0.876286 -0.33698 -0.344334,
					  -0.893736 -0.283626 0.347552,
					  -0.931044 -0.264839 0.251034,
					  -0.962098 -0.254345 0.0983724,
					  -0.961756 -0.252485 -0.106194,
					  -0.930618 -0.240443 -0.275929,
					  -0.917884 -0.263543 -0.296706,
					  0.851426 0.207597 -0.481641,
					  0.897991 0.243363 -0.366588,
					  0.939728 0.112393 -0.322924,
					  0.923748 0.131819 -0.359601,
					  0.959001 0.252611 -0.128469,
					  0.984767 0.14164 -0.100859,
					  0.95927 0.257296 0.116616,
					  0.987457 0.131392 0.0875454,
					  0.896193 0.239522 0.373454,
					  0.95118 0.12431 0.282495,
					  0.83172 0.244095 0.498658,
					  0.875184 0.126863 0.466861,
					  0.975924 -0.0183404 -0.217339,
					  0.985269 -0.00341226 -0.170979,
					  0.996047 -0.02241 -0.0859569,
					  0.996146 -0.0225685 0.0847595,
					  0.984934 -0.0320406 0.169936,
					  0.964054 0.00101647 0.265705,
					  0.978817 -0.118672 -0.166834,
					  0.987184 -0.113958 -0.111723,
					  0.992472 -0.109357 0.0551356,
					  0.978818 -0.120123 0.165791,
					  -0.995721 0.0409691 0.0828386,
					  -0.993575 0.0120081 0.112535,
					  -0.996277 -0.0670099 0.0542343,
					  -0.988951 -0.137179 0.0561931,
					  -0.997992 -0.0271152 0.0572368,
					  -0.997658 -0.0629062 0.0268537,
					  -0.998471 -0.00409336 -0.0551218,
					  -0.995978 -0.085177 -0.0277876,
					  -0.992192 0.0576874 -0.110579,
					  -0.992217 -0.111248 -0.0559417,
					  -0.978817 0.120125 -0.165794,
					  -0.996367 -0.0660729 -0.0537347,
					  -0.943604 -0.232145 0.236051,
					  -0.968111 -0.199872 0.151037,
					  -0.985085 -0.16248 0.0566384,
					  -0.983975 -0.15147 -0.0940784,
					  -0.964547 -0.195485 -0.1773,
					  -0.954951 -0.272193 -0.118236 ]
		    }
		    NormalBinding {
			value	PER_VERTEX_INDEXED
		    }
		    IndexedFaceSet {
			coordIndex	[ 0, 1, 2, -1, 2, 3, 0, -1,
					  1, 4, 5, -1, 5, 2, 1, -1,
					  4, 6, 7, -1, 7, 5, 4, -1,
					  6, 8, 9, -1, 9, 7, 6, -1,
					  8, 10, 11, -1, 11, 9, 8, -1,
					  3, 2, 12, -1, 12, 13, 3, -1,
					  2, 5, 14, -1, 14, 12, 2, -1,
					  5, 7, 15, -1, 15, 14, 5, -1,
					  7, 9, 16, -1, 16, 15, 7, -1,
					  9, 11, 17, -1, 17, 16, 9, -1,
					  13, 12, 18, -1, 18, 19, 13, -1,
					  12, 14, 20, -1, 20, 18, 12, -1,
					  14, 15, 21, -1, 21, 20, 14, -1,
					  15, 16, 22, -1, 22, 21, 15, -1,
					  16, 17, 23, -1, 23, 22, 16, -1,
					  3, 24, 25, -1, 25, 0, 3, -1,
					  24, 26, 27, -1, 27, 25, 24, -1,
					  26, 28, 29, -1, 29, 27, 26, -1,
					  28, 30, 31, -1, 31, 29, 28, -1,
					  30, 11, 10, -1, 10, 31, 30, -1,
					  13, 32, 24, -1, 24, 3, 13, -1,
					  32, 33, 26, -1, 26, 24, 32, -1,
					  33, 34, 28, -1, 28, 26, 33, -1,
					  34, 35, 30, -1, 30, 28, 34, -1,
					  35, 17, 11, -1, 11, 30, 35, -1,
					  19, 36, 32, -1, 32, 13, 19, -1,
					  36, 37, 33, -1, 33, 32, 36, -1,
					  37, 38, 34, -1, 34, 33, 37, -1,
					  38, 39, 35, -1, 35, 34, 38, -1,
					  39, 23, 17, -1, 17, 35, 39, -1,
					  40, 41, 36, -1, 36, 19, 40, -1,
					  41, 42, 37, -1, 37, 36, 41, -1,
					  42, 43, 38, -1, 38, 37, 42, -1,
					  43, 44, 39, -1, 39, 38, 43, -1,
					  44, 45, 23, -1, 23, 39, 44, -1,
					  40, 46, 47, -1, 47, 48, 40, -1,
					  46, 49, 50, -1, 50, 47, 46, -1,
					  49, 51, 52, -1, 52, 50, 49, -1,
					  51, 53, 54, -1, 54, 52, 51, -1,
					  53, 45, 55, -1, 55, 54, 53, -1,
					  48, 47, 56, -1, 56, 57, 48, -1,
					  47, 50, 58, -1, 58, 56, 47, -1,
					  50, 52, 59, -1, 59, 58, 50, -1,
					  52, 54, 60, -1, 60, 59, 52, -1,
					  54, 55, 61, -1, 61, 60, 54, -1,
					  57, 56, 62, -1, 62, 63, 57, -1,
					  56, 58, 64, -1, 64, 62, 56, -1,
					  58, 59, 65, -1, 65, 64, 58, -1,
					  59, 60, 66, -1, 66, 65, 59, -1,
					  60, 61, 67, -1, 67, 66, 60, -1,
					  63, 62, 68, -1, 68, 57, 63, -1,
					  62, 64, 69, -1, 69, 68, 62, -1,
					  64, 65, 70, -1, 70, 69, 64, -1,
					  65, 66, 71, -1, 71, 70, 65, -1,
					  66, 67, 61, -1, 61, 71, 66, -1,
					  48, 72, 41, -1, 41, 40, 48, -1,
					  72, 73, 42, -1, 42, 41, 72, -1,
					  73, 74, 43, -1, 43, 42, 73, -1,
					  74, 75, 44, -1, 44, 43, 74, -1,
					  75, 55, 45, -1, 45, 44, 75, -1,
					  57, 68, 72, -1, 72, 48, 57, -1,
					  68, 69, 73, -1, 73, 72, 68, -1,
					  69, 70, 74, -1, 74, 73, 69, -1,
					  70, 71, 75, -1, 75, 74, 70, -1,
					  71, 61, 55, -1, 55, 75, 71, -1,
					  19, 18, 46, -1, 46, 40, 19, -1,
					  18, 20, 49, -1, 49, 46, 18, -1,
					  20, 21, 51, -1, 51, 49, 20, -1,
					  21, 22, 53, -1, 53, 51, 21, -1,
					  22, 23, 45, -1, 45, 53, 22, -1 ]
			normalIndex	[ 0, 1, 2, -1, 2, 3, 0, -1,
					  1, 4, 5, -1, 5, 2, 1, -1,
					  4, 6, 7, -1, 7, 5, 4, -1,
					  6, 8, 9, -1, 9, 7, 6, -1,
					  8, 10, 11, -1, 11, 9, 8, -1,
					  3, 2, 12, -1, 12, 13, 3, -1,
					  2, 5, 14, -1, 14, 12, 2, -1,
					  5, 7, 15, -1, 15, 14, 5, -1,
					  7, 9, 16, -1, 16, 15, 7, -1,
					  9, 11, 17, -1, 17, 16, 9, -1,
					  13, 12, 18, -1, 18, 19, 13, -1,
					  12, 14, 20, -1, 20, 18, 12, -1,
					  14, 15, 21, -1, 21, 20, 14, -1,
					  15, 16, 22, -1, 22, 21, 15, -1,
					  16, 17, 23, -1, 23, 22, 16, -1,
					  24, 25, 26, -1, 26, 27, 24, -1,
					  25, 28, 29, -1, 29, 26, 25, -1,
					  28, 30, 31, -1, 31, 29, 28, -1,
					  30, 32, 33, -1, 33, 31, 30, -1,
					  32, 34, 35, -1, 35, 33, 32, -1,
					  36, 37, 25, -1, 25, 24, 36, -1,
					  37, 38, 28, -1, 28, 25, 37, -1,
					  38, 39, 30, -1, 30, 28, 38, -1,
					  39, 40, 32, -1, 32, 30, 39, -1,
					  40, 41, 34, -1, 34, 32, 40, -1,
					  42, 43, 37, -1, 37, 36, 42, -1,
					  43, 44, 38, -1, 38, 37, 43, -1,
					  44, 45, 39, -1, 39, 38, 44, -1,
					  45, 46, 40, -1, 40, 39, 45, -1,
					  46, 47, 41, -1, 41, 40, 46, -1,
					  48, 49, 43, -1, 43, 42, 48, -1,
					  49, 50, 44, -1, 44, 43, 49, -1,
					  50, 51, 45, -1, 45, 44, 50, -1,
					  51, 52, 46, -1, 46, 45, 51, -1,
					  52, 53, 47, -1, 47, 46, 52, -1,
					  54, 55, 56, -1, 56, 57, 54, -1,
					  55, 58, 59, -1, 59, 56, 55, -1,
					  58, 60, 61, -1, 61, 59, 58, -1,
					  60, 62, 63, -1, 63, 61, 60, -1,
					  62, 64, 65, -1, 65, 63, 62, -1,
					  57, 56, 66, -1, 66, 67, 57, -1,
					  56, 59, 68, -1, 68, 66, 56, -1,
					  59, 61, 69, -1, 69, 68, 59, -1,
					  61, 63, 70, -1, 70, 69, 61, -1,
					  63, 65, 71, -1, 71, 70, 63, -1,
					  67, 66, 72, -1, 72, 72, 67, -1,
					  66, 68, 73, -1, 73, 72, 66, -1,
					  68, 69, 74, -1, 74, 73, 68, -1,
					  69, 70, 75, -1, 75, 74, 69, -1,
					  70, 71, 75, -1, 75, 75, 70, -1,
					  76, 77, 78, -1, 78, 79, 76, -1,
					  77, 80, 81, -1, 81, 78, 77, -1,
					  80, 82, 83, -1, 83, 81, 80, -1,
					  82, 84, 85, -1, 85, 83, 82, -1,
					  84, 86, 87, -1, 87, 85, 84, -1,
					  88, 89, 49, -1, 49, 48, 88, -1,
					  89, 90, 50, -1, 50, 49, 89, -1,
					  90, 91, 51, -1, 51, 50, 90, -1,
					  91, 92, 52, -1, 52, 51, 91, -1,
					  92, 93, 53, -1, 53, 52, 92, -1,
					  79, 78, 89, -1, 89, 88, 79, -1,
					  78, 81, 90, -1, 90, 89, 78, -1,
					  81, 83, 91, -1, 91, 90, 81, -1,
					  83, 85, 92, -1, 92, 91, 83, -1,
					  85, 87, 93, -1, 93, 92, 85, -1,
					  19, 18, 55, -1, 55, 54, 19, -1,
					  18, 20, 58, -1, 58, 55, 18, -1,
					  20, 21, 60, -1, 60, 58, 20, -1,
					  21, 22, 62, -1, 62, 60, 21, -1,
					  22, 23, 64, -1, 64, 62, 22, -1 ]
		    }
		}
		Separator {
		    Coordinate3 {
			point	[ -4.75973 7.81517 -0.270014,
					  -5.43175 6.56691 0.089836,
					  -5.05879 6.08511 -0.850345,
					  -4.4143 7.35974 -1.16642,
					  -4.96759 8.23683 0.680529,
					  -5.65298 7.01172 1.09047,
					  -4.96759 8.59063 1.66594,
					  -5.65298 7.38455 2.12889,
					  -4.75973 8.86989 2.66761,
					  -5.43175 7.6778 3.18393,
					  -4.4143 9.08865 3.64899,
					  -5.05879 7.90407 4.21586,
					  -5.60538 6.6128 0.030642,
					  -4.93383 7.8613 -0.329045,
					  -5.8844 7.08384 1.04208,
					  -5.19904 8.30903 0.632322,
					  -5.8844 7.47098 2.12035,
					  -5.19904 8.677 1.65721,
					  -5.60538 7.75086 3.20042,
					  -4.93383 8.94303 2.68382,
					  -6.05908 5.45159 0.915145,
					  -6.60584 4.32393 1.76104,
					  -6.60826 4.13805 1.24072,
					  -5.91819 5.12334 0.152634,
					  -6.19648 5.77887 1.67871,
					  -6.60342 4.50981 2.28136,
					  -6.19648 6.05909 2.45917,
					  -6.60342 4.69652 2.80138,
					  -6.05908 6.29224 3.25653,
					  -6.60584 4.88405 3.3211,
					  -5.91819 6.52396 4.0537,
					  -6.60826 5.07159 3.84082,
					  -6.69981 4.35612 1.74948,
					  -6.28544 5.51167 0.838656,
					  -6.79136 4.57419 2.25824,
					  -6.42855 5.85255 1.63395,
					  -6.79136 4.7609 2.77826,
					  -6.42855 6.14441 2.44685,
					  -6.69981 4.91624 3.30954,
					  -6.28544 6.38724 3.27734,
					  -6.85325 3.16496 2.66385,
					  -6.8123 3.06742 2.43628,
					  -6.8942 3.2625 2.89142,
					  -6.8942 3.34602 3.12402,
					  -6.85325 3.4155 3.36166,
					  -6.8123 3.48499 3.5993,
					  -4.10157 9.03687 -0.57388,
					  -3.14807 10.1348 -0.719843,
					  -2.75851 9.75872 -1.34772,
					  -3.63618 8.58759 -1.32398,
					  -4.33913 9.43794 0.287293,
					  -3.34692 10.4705 0.001005,
					  -4.33913 9.76756 1.20537,
					  -3.34692 10.7464 0.769482,
					  -4.10157 10.0059 2.12498,
					  -3.14807 10.9459 1.53925,
					  -3.63618 10.1363 2.98956,
					  -2.75851 11.0551 2.26294,
					  -2.97085 10.087 -0.662107,
					  -3.92637 8.99017 -0.515261,
					  -3.11525 10.3978 0.047969,
					  -4.10761 9.36556 0.335074,
					  -3.11525 10.6604 0.779506,
					  -4.10761 9.68132 1.21454,
					  -2.97085 10.8723 1.5251,
					  -3.92637 9.93254 2.10946,
					  -2.00674 11.1776 -0.803085,
					  -1.87458 10.9256 -1.36257,
					  -2.11441 11.423 -0.235604,
					  -2.11441 11.6319 0.346186,
					  -2.00674 11.8035 0.940152,
					  -1.87458 11.965 1.53215,
					  -2.18689 11.2272 -0.859195,
					  -2.34631 11.4963 -0.281281,
					  -2.34631 11.7175 0.334819,
					  -2.18689 11.8774 0.95195 ]
		    }
		    Normal {
			vector	[ 0.810956 -0.395035 0.431622,
					  0.871101 -0.311401 0.379754,
					  0.83117 -0.289684 0.474594,
					  0.783044 -0.384513 0.488868,
					  0.841829 -0.463642 0.276335,
					  0.90339 -0.358969 0.234581,
					  0.842101 -0.532778 0.0837501,
					  0.903221 -0.427145 0.0417018,
					  0.812666 -0.577494 -0.0779433,
					  0.874519 -0.468955 -0.123685,
					  0.804197 -0.572802 -0.158633,
					  0.857951 -0.495354 -0.136176,
					  -0.842367 0.246611 -0.479167,
					  -0.776644 0.351619 -0.522673,
					  -0.735624 0.273021 -0.619932,
					  -0.802806 0.166559 -0.572503,
					  -0.900664 0.346567 -0.262098,
					  -0.838989 0.455289 -0.298009,
					  -0.89993 0.434755 -0.0333825,
					  -0.838856 0.541211 -0.0583985,
					  -0.840702 0.495825 0.217662,
					  -0.776247 0.603913 0.180911,
					  -0.77632 0.532334 0.337561,
					  -0.711423 0.641892 0.286099,
					  0.918811 -0.291534 0.266073,
					  0.969547 -0.20629 0.131999,
					  0.950149 -0.269357 0.15705,
					  0.889136 -0.288322 0.355398,
					  0.941948 -0.291986 0.165764,
					  0.971598 -0.212081 0.104969,
					  0.942652 -0.333154 0.0203599,
					  0.966035 -0.251101 0.0610251,
					  0.915814 -0.399168 -0.0441582,
					  0.957783 -0.284239 0.0431293,
					  0.893088 -0.448389 0.0366235,
					  0.969716 -0.242359 0.0302316,
					  -0.964447 0.0682048 -0.255325,
					  -0.906179 0.147164 -0.396463,
					  -0.887096 0.149987 -0.436536,
					  -0.971023 0.0994 -0.217336,
					  -0.984871 0.112655 -0.131672,
					  -0.945287 0.257527 -0.200279,
					  -0.984867 0.170903 0.0288013,
					  -0.949574 0.312909 -0.0199389,
					  -0.975406 0.189432 0.11269,
					  -0.914929 0.367092 0.167774,
					  -0.94903 0.249359 0.192777,
					  -0.839504 0.420079 0.344626,
					  0.980651 -0.11279 0.160007,
					  0.98777 -0.0964946 0.122469,
					  0.978165 -0.168625 0.121483,
					  0.98255 -0.185821 0.0081674,
					  0.987052 -0.146587 -0.0651254,
					  0.984681 -0.105504 -0.138825,
					  -0.984681 -0.00689726 -0.174232,
					  -0.992059 0.0176768 -0.124524,
					  -0.996342 0.0798577 0.030417,
					  -0.984681 0.105503 0.138829,
					  -0.701936 0.45763 -0.545766,
					  -0.661081 0.505699 -0.554293,
					  -0.613077 0.449559 -0.649641,
					  -0.663059 0.384992 -0.641976,
					  -0.762347 0.557095 -0.329352,
					  -0.720397 0.602628 -0.343319,
					  -0.762157 0.639844 -0.0985692,
					  -0.720382 0.683418 -0.118277,
					  -0.701371 0.700527 0.13168,
					  -0.661036 0.742805 0.106168,
					  -0.639385 0.732527 0.233648,
					  -0.611407 0.761781 0.214174,
					  0.704971 -0.556333 0.439897,
					  0.739361 -0.502281 0.448397,
					  0.720834 -0.491736 0.488461,
					  0.709153 -0.538874 0.454661,
					  0.724215 -0.612412 0.31696,
					  0.765504 -0.565457 0.307022,
					  0.724518 -0.673136 0.14819,
					  0.76589 -0.630486 0.126097,
					  0.708492 -0.705231 0.0262461,
					  0.742175 -0.669935 -0.019045,
					  0.698795 -0.714326 -0.037725,
					  0.737758 -0.668202 -0.0960179,
					  0.710901 -0.558765 0.427085,
					  0.726939 -0.545336 0.417335,
					  0.719531 -0.605264 0.340486,
					  0.72411 -0.66589 0.179597,
					  0.709578 -0.702354 0.0565449,
					  0.705926 -0.708274 0.0039291,
					  -0.672662 0.525417 -0.52102,
					  -0.609733 0.453593 -0.649984,
					  -0.722118 0.619898 -0.307036,
					  -0.712116 0.697324 -0.0814254,
					  -0.64317 0.752609 0.141113,
					  -0.609734 0.763444 0.213022 ]
		    }
		    NormalBinding {
			value	PER_VERTEX_INDEXED
		    }
		    IndexedFaceSet {
			coordIndex	[ 0, 1, 2, -1, 2, 3, 0, -1,
					  4, 5, 1, -1, 1, 0, 4, -1,
					  6, 7, 5, -1, 5, 4, 6, -1,
					  8, 9, 7, -1, 7, 6, 8, -1,
					  10, 11, 9, -1, 9, 8, 10, -1,
					  12, 13, 3, -1, 3, 2, 12, -1,
					  14, 15, 13, -1, 13, 12, 14, -1,
					  16, 17, 15, -1, 15, 14, 16, -1,
					  18, 19, 17, -1, 17, 16, 18, -1,
					  11, 10, 19, -1, 19, 18, 11, -1,
					  20, 21, 22, -1, 22, 23, 20, -1,
					  24, 25, 21, -1, 21, 20, 24, -1,
					  26, 27, 25, -1, 25, 24, 26, -1,
					  28, 29, 27, -1, 27, 26, 28, -1,
					  30, 31, 29, -1, 29, 28, 30, -1,
					  32, 33, 23, -1, 23, 22, 32, -1,
					  34, 35, 33, -1, 33, 32, 34, -1,
					  36, 37, 35, -1, 35, 34, 36, -1,
					  38, 39, 37, -1, 37, 36, 38, -1,
					  31, 30, 39, -1, 39, 38, 31, -1,
					  21, 40, 41, -1, 41, 22, 21, -1,
					  25, 42, 40, -1, 40, 21, 25, -1,
					  27, 43, 42, -1, 42, 25, 27, -1,
					  29, 44, 43, -1, 43, 27, 29, -1,
					  31, 45, 44, -1, 44, 29, 31, -1,
					  40, 32, 22, -1, 22, 41, 40, -1,
					  42, 34, 32, -1, 32, 40, 42, -1,
					  43, 36, 34, -1, 34, 42, 43, -1,
					  44, 38, 36, -1, 36, 43, 44, -1,
					  45, 31, 38, -1, 38, 44, 45, -1,
					  1, 20, 23, -1, 23, 2, 1, -1,
					  5, 24, 20, -1, 20, 1, 5, -1,
					  7, 26, 24, -1, 24, 5, 7, -1,
					  9, 28, 26, -1, 26, 7, 9, -1,
					  11, 30, 28, -1, 28, 9, 11, -1,
					  33, 12, 2, -1, 2, 23, 33, -1,
					  35, 14, 12, -1, 12, 33, 35, -1,
					  37, 16, 14, -1, 14, 35, 37, -1,
					  39, 18, 16, -1, 16, 37, 39, -1,
					  30, 11, 18, -1, 18, 39, 30, -1,
					  46, 47, 48, -1, 48, 49, 46, -1,
					  50, 51, 47, -1, 47, 46, 50, -1,
					  52, 53, 51, -1, 51, 50, 52, -1,
					  54, 55, 53, -1, 53, 52, 54, -1,
					  56, 57, 55, -1, 55, 54, 56, -1,
					  58, 59, 49, -1, 49, 48, 58, -1,
					  60, 61, 59, -1, 59, 58, 60, -1,
					  62, 63, 61, -1, 61, 60, 62, -1,
					  64, 65, 63, -1, 63, 62, 64, -1,
					  57, 56, 65, -1, 65, 64, 57, -1,
					  13, 46, 49, -1, 49, 3, 13, -1,
					  15, 50, 46, -1, 46, 13, 15, -1,
					  17, 52, 50, -1, 50, 15, 17, -1,
					  19, 54, 52, -1, 52, 17, 19, -1,
					  10, 56, 54, -1, 54, 19, 10, -1,
					  59, 0, 3, -1, 3, 49, 59, -1,
					  61, 4, 0, -1, 0, 59, 61, -1,
					  63, 6, 4, -1, 4, 61, 63, -1,
					  65, 8, 6, -1, 6, 63, 65, -1,
					  56, 10, 8, -1, 8, 65, 56, -1,
					  66, 58, 48, -1, 48, 67, 66, -1,
					  68, 60, 58, -1, 58, 66, 68, -1,
					  69, 62, 60, -1, 60, 68, 69, -1,
					  70, 64, 62, -1, 62, 69, 70, -1,
					  71, 57, 64, -1, 64, 70, 71, -1,
					  47, 72, 67, -1, 67, 48, 47, -1,
					  51, 73, 72, -1, 72, 47, 51, -1,
					  53, 74, 73, -1, 73, 51, 53, -1,
					  55, 75, 74, -1, 74, 53, 55, -1,
					  57, 71, 75, -1, 75, 55, 57, -1 ]
			normalIndex	[ 0, 1, 2, -1, 2, 3, 0, -1,
					  4, 5, 1, -1, 1, 0, 4, -1,
					  6, 7, 5, -1, 5, 4, 6, -1,
					  8, 9, 7, -1, 7, 6, 8, -1,
					  10, 11, 9, -1, 9, 8, 10, -1,
					  12, 13, 14, -1, 14, 15, 12, -1,
					  16, 17, 13, -1, 13, 12, 16, -1,
					  18, 19, 17, -1, 17, 16, 18, -1,
					  20, 21, 19, -1, 19, 18, 20, -1,
					  22, 23, 21, -1, 21, 20, 22, -1,
					  24, 25, 26, -1, 26, 27, 24, -1,
					  28, 29, 25, -1, 25, 24, 28, -1,
					  30, 31, 29, -1, 29, 28, 30, -1,
					  32, 33, 31, -1, 31, 30, 32, -1,
					  34, 35, 33, -1, 33, 32, 34, -1,
					  36, 37, 38, -1, 38, 39, 36, -1,
					  40, 41, 37, -1, 37, 36, 40, -1,
					  42, 43, 41, -1, 41, 40, 42, -1,
					  44, 45, 43, -1, 43, 42, 44, -1,
					  46, 47, 45, -1, 45, 44, 46, -1,
					  25, 48, 49, -1, 49, 26, 25, -1,
					  29, 50, 48, -1, 48, 25, 29, -1,
					  31, 51, 50, -1, 50, 29, 31, -1,
					  33, 52, 51, -1, 51, 31, 33, -1,
					  35, 53, 52, -1, 52, 33, 35, -1,
					  54, 36, 39, -1, 39, 54, 54, -1,
					  55, 40, 36, -1, 36, 54, 55, -1,
					  56, 42, 40, -1, 40, 55, 56, -1,
					  57, 44, 42, -1, 42, 56, 57, -1,
					  57, 46, 44, -1, 44, 57, 57, -1,
					  1, 24, 27, -1, 27, 2, 1, -1,
					  5, 28, 24, -1, 24, 1, 5, -1,
					  7, 30, 28, -1, 28, 5, 7, -1,
					  9, 32, 30, -1, 30, 7, 9, -1,
					  11, 34, 32, -1, 32, 9, 11, -1,
					  37, 12, 15, -1, 15, 38, 37, -1,
					  41, 16, 12, -1, 12, 37, 41, -1,
					  43, 18, 16, -1, 16, 41, 43, -1,
					  45, 20, 18, -1, 18, 43, 45, -1,
					  47, 22, 20, -1, 20, 45, 47, -1,
					  58, 59, 60, -1, 60, 61, 58, -1,
					  62, 63, 59, -1, 59, 58, 62, -1,
					  64, 65, 63, -1, 63, 62, 64, -1,
					  66, 67, 65, -1, 65, 64, 66, -1,
					  68, 69, 67, -1, 67, 66, 68, -1,
					  70, 71, 72, -1, 72, 73, 70, -1,
					  74, 75, 71, -1, 71, 70, 74, -1,
					  76, 77, 75, -1, 75, 74, 76, -1,
					  78, 79, 77, -1, 77, 76, 78, -1,
					  80, 81, 79, -1, 79, 78, 80, -1,
					  13, 58, 61, -1, 61, 14, 13, -1,
					  17, 62, 58, -1, 58, 13, 17, -1,
					  19, 64, 62, -1, 62, 17, 19, -1,
					  21, 66, 64, -1, 64, 19, 21, -1,
					  23, 68, 66, -1, 66, 21, 23, -1,
					  71, 0, 3, -1, 3, 72, 71, -1,
					  75, 4, 0, -1, 0, 71, 75, -1,
					  77, 6, 4, -1, 4, 75, 77, -1,
					  79, 8, 6, -1, 6, 77, 79, -1,
					  81, 10, 8, -1, 8, 79, 81, -1,
					  82, 70, 73, -1, 73, 83, 82, -1,
					  84, 74, 70, -1, 70, 82, 84, -1,
					  85, 76, 74, -1, 74, 84, 85, -1,
					  86, 78, 76, -1, 76, 85, 86, -1,
					  87, 80, 78, -1, 78, 86, 87, -1,
					  59, 88, 89, -1, 89, 60, 59, -1,
					  63, 90, 88, -1, 88, 59, 63, -1,
					  65, 91, 90, -1, 90, 63, 65, -1,
					  67, 92, 91, -1, 91, 65, 67, -1,
					  69, 93, 92, -1, 92, 67, 69, -1 ]
		    }
		}
	    }
	}
    }
    Separator {
	Material {
	    ambientColor	0 0 0
	    diffuseColor	0.1 0.1 0.1
	}
	Separator {
	    Separator {
		Separator {
		    Coordinate3 {
			point	[ -0.4 20.2758 1.53121,
					  -0.55 20.2356 1.53104,
					  -0.475 20.235 1.66094,
					  -0.659808 20.1258 1.53056,
					  -0.529904 20.1248 1.75556,
					  -0.7 19.9758 1.5299,
					  -0.55 19.9746 1.78971,
					  -0.659808 19.8258 1.52925,
					  -0.529904 19.8248 1.75425,
					  -0.55 19.716 1.52877,
					  -0.475 19.7154 1.65867,
					  -0.4 19.6758 1.5286,
					  -0.325 20.235 1.66094,
					  -0.270096 20.1248 1.75556,
					  -0.25 19.9746 1.78971,
					  -0.270096 19.8248 1.75425,
					  -0.325 19.7154 1.65867,
					  -0.25 20.2356 1.53104,
					  -0.140192 20.1258 1.53056,
					  -0.1 19.9758 1.5299,
					  -0.140192 19.8258 1.52925,
					  -0.25 19.716 1.52877,
					  -0.325 20.2362 1.40114,
					  -0.270096 20.1268 1.30556,
					  -0.25 19.9769 1.2701,
					  -0.270096 19.8268 1.30425,
					  -0.325 19.7165 1.39887,
					  -0.475 20.2362 1.40114,
					  -0.529904 20.1268 1.30556,
					  -0.55 19.9769 1.2701,
					  -0.529904 19.8268 1.30425,
					  -0.475 19.7165 1.39887 ]
		    }
		    Normal {
			vector	[ -0.053487 0.997947 0.0352342,
					  -0.258817 0.965917 0.0042196,
					  -0.129408 0.96494 0.228351,
					  -0.654653 0.652998 0.38082,
					  -0.801495 0.376754 0.464394,
					  -0.736826 0.523606 0.427696,
					  -0.863446 -0.0792933 0.498171,
					  -0.863446 0.0749444 0.498843,
					  -0.736829 -0.52732 0.423105,
					  -0.801497 -0.380791 0.461087,
					  -0.654656 -0.656303 0.375088,
					  -0.0534969 -0.998216 0.0265259,
					  -0.129431 -0.966886 0.219954,
					  -0.258863 -0.965905 -0.00421547,
					  0.129409 0.96494 0.228351,
					  9.5564e-08 0.651347 0.75878,
					  -7.2604e-08 0.374736 0.927132,
					  1.90455e-07 0.521748 0.8531,
					  -8.70232e-08 -0.0814669 0.996676,
					  -1.18584e-07 0.0727702 0.997349,
					  1.01189e-07 -0.529168 0.848517,
					  9.68241e-08 -0.382807 0.923828,
					  -3.83771e-07 -0.657942 0.753069,
					  0.129432 -0.966886 0.21995,
					  0.258817 0.965917 0.00421058,
					  0.654656 0.653001 0.380809,
					  0.801496 0.376755 0.464392,
					  0.736829 0.523608 0.42769,
					  0.863444 -0.079292 0.498173,
					  0.863445 0.0749443 0.498844,
					  0.736828 -0.527317 0.423108,
					  0.801495 -0.380792 0.46109,
					  0.654662 -0.656294 0.375095,
					  0.258863 -0.965905 -0.00422265,
					  0.053487 0.998216 -0.0265286,
					  0.129409 0.966893 -0.219934,
					  0.654652 0.656299 -0.375104,
					  0.801495 0.380793 -0.461087,
					  0.736825 0.52732 -0.42311,
					  0.863444 -0.0749429 -0.498846,
					  0.863445 0.0792932 -0.498171,
					  0.736826 -0.523606 -0.427697,
					  0.801495 -0.376752 -0.464395,
					  0.654651 -0.653002 -0.380816,
					  0.0534973 -0.997946 -0.0352446,
					  0.129431 -0.964928 -0.228391,
					  -0.129409 0.966895 -0.219925,
					  8.88687e-08 0.657942 -0.753068,
					  -8.97483e-08 0.38281 -0.923827,
					  1.11665e-08 0.529171 -0.848515,
					  5.86886e-08 -0.0727695 -0.997349,
					  -1.08861e-07 0.0814677 -0.996676,
					  1.16469e-07 -0.521744 -0.853102,
					  1.85193e-08 -0.374735 -0.927132,
					  -1.34404e-08 -0.651338 -0.758788,
					  -0.129431 -0.964928 -0.228388,
					  -0.654651 0.6563 -0.375104,
					  -0.801496 0.380792 -0.461088,
					  -0.736825 0.52732 -0.423111,
					  -0.863447 -0.0749424 -0.498842,
					  -0.863446 0.0792934 -0.498169,
					  -0.736827 -0.523606 -0.427694,
					  -0.801497 -0.376755 -0.464391,
					  -0.654658 -0.652996 -0.380815 ]
		    }
		    NormalBinding {
			value	PER_VERTEX_INDEXED
		    }
		    IndexedFaceSet {
			coordIndex	[ 0, 1, 2, -1, 1, 3, 4, -1,
					  4, 2, 1, -1, 3, 5, 6, -1,
					  6, 4, 3, -1, 5, 7, 8, -1,
					  8, 6, 5, -1, 7, 9, 10, -1,
					  10, 8, 7, -1, 11, 10, 9, -1,
					  0, 2, 12, -1, 2, 4, 13, -1,
					  13, 12, 2, -1, 4, 6, 14, -1,
					  14, 13, 4, -1, 6, 8, 15, -1,
					  15, 14, 6, -1, 8, 10, 16, -1,
					  16, 15, 8, -1, 11, 16, 10, -1,
					  0, 12, 17, -1, 12, 13, 18, -1,
					  18, 17, 12, -1, 13, 14, 19, -1,
					  19, 18, 13, -1, 14, 15, 20, -1,
					  20, 19, 14, -1, 15, 16, 21, -1,
					  21, 20, 15, -1, 11, 21, 16, -1,
					  0, 17, 22, -1, 17, 18, 23, -1,
					  23, 22, 17, -1, 18, 19, 24, -1,
					  24, 23, 18, -1, 19, 20, 25, -1,
					  25, 24, 19, -1, 20, 21, 26, -1,
					  26, 25, 20, -1, 11, 26, 21, -1,
					  0, 22, 27, -1, 22, 23, 28, -1,
					  28, 27, 22, -1, 23, 24, 29, -1,
					  29, 28, 23, -1, 24, 25, 30, -1,
					  30, 29, 24, -1, 25, 26, 31, -1,
					  31, 30, 25, -1, 11, 31, 26, -1,
					  0, 27, 1, -1, 27, 28, 3, -1,
					  3, 1, 27, -1, 28, 29, 5, -1,
					  5, 3, 28, -1, 29, 30, 7, -1,
					  7, 5, 29, -1, 30, 31, 9, -1,
					  9, 7, 30, -1, 11, 9, 31, -1 ]
			normalIndex	[ 0, 1, 2, -1, 3, 4, 5, -1,
					  5, 3, 3, -1, 4, 6, 7, -1,
					  7, 5, 4, -1, 6, 8, 9, -1,
					  9, 7, 6, -1, 8, 10, 10, -1,
					  10, 9, 8, -1, 11, 12, 13, -1,
					  0, 2, 14, -1, 15, 16, 17, -1,
					  17, 15, 15, -1, 16, 18, 19, -1,
					  19, 17, 16, -1, 18, 20, 21, -1,
					  21, 19, 18, -1, 20, 22, 22, -1,
					  22, 21, 20, -1, 11, 23, 12, -1,
					  0, 14, 24, -1, 25, 26, 27, -1,
					  27, 25, 25, -1, 26, 28, 29, -1,
					  29, 27, 26, -1, 28, 30, 31, -1,
					  31, 29, 28, -1, 30, 32, 32, -1,
					  32, 31, 30, -1, 11, 33, 23, -1,
					  34, 24, 35, -1, 36, 37, 38, -1,
					  38, 36, 36, -1, 37, 39, 40, -1,
					  40, 38, 37, -1, 39, 41, 42, -1,
					  42, 40, 39, -1, 41, 43, 43, -1,
					  43, 42, 41, -1, 44, 45, 33, -1,
					  34, 35, 46, -1, 47, 48, 49, -1,
					  49, 47, 47, -1, 48, 50, 51, -1,
					  51, 49, 48, -1, 50, 52, 53, -1,
					  53, 51, 50, -1, 52, 54, 54, -1,
					  54, 53, 52, -1, 44, 55, 45, -1,
					  34, 46, 1, -1, 56, 57, 58, -1,
					  58, 56, 56, -1, 57, 59, 60, -1,
					  60, 58, 57, -1, 59, 61, 62, -1,
					  62, 60, 59, -1, 61, 63, 63, -1,
					  63, 62, 61, -1, 44, 13, 55, -1 ]
		    }
		}
		Separator {
		    Coordinate3 {
			point	[ 0.4 20.2758 1.53121,
					  0.25 20.2356 1.53104,
					  0.325 20.235 1.66094,
					  0.140192 20.1258 1.53056,
					  0.270096 20.1248 1.75556,
					  0.1 19.9758 1.5299,
					  0.25 19.9746 1.78971,
					  0.140192 19.8258 1.52925,
					  0.270096 19.8248 1.75425,
					  0.25 19.716 1.52877,
					  0.325 19.7154 1.65867,
					  0.4 19.6758 1.5286,
					  0.475 20.235 1.66094,
					  0.529904 20.1248 1.75556,
					  0.55 19.9746 1.78971,
					  0.529904 19.8248 1.75425,
					  0.475 19.7154 1.65867,
					  0.55 20.2356 1.53104,
					  0.659808 20.1258 1.53056,
					  0.7 19.9758 1.5299,
					  0.659808 19.8258 1.52925,
					  0.55 19.716 1.52877,
					  0.475 20.2362 1.40114,
					  0.529904 20.1268 1.30556,
					  0.55 19.9769 1.2701,
					  0.529904 19.8268 1.30425,
					  0.475 19.7165 1.39887,
					  0.325 20.2362 1.40114,
					  0.270096 20.1268 1.30556,
					  0.25 19.9769 1.2701,
					  0.270096 19.8268 1.30425,
					  0.325 19.7165 1.39887 ]
		    }
		    Normal {
			vector	[ -0.053487 0.997947 0.0352338,
					  -0.258817 0.965917 0.00421926,
					  -0.129408 0.96494 0.22835,
					  -0.654654 0.652999 0.380817,
					  -0.801496 0.376755 0.464392,
					  -0.736826 0.523606 0.427696,
					  -0.863446 -0.0792931 0.49817,
					  -0.863446 0.0749446 0.498843,
					  -0.736829 -0.52732 0.423104,
					  -0.801497 -0.380791 0.461086,
					  -0.654656 -0.656303 0.375088,
					  -0.0534969 -0.998216 0.0265266,
					  -0.129431 -0.966886 0.219954,
					  -0.258863 -0.965905 -0.00421504,
					  0.129409 0.96494 0.22835,
					  9.55666e-08 0.651348 0.758779,
					  -7.26035e-08 0.374735 0.927132,
					  1.90457e-07 0.521749 0.853099,
					  -8.70232e-08 -0.0814669 0.996676,
					  -1.18584e-07 0.0727702 0.997349,
					  1.0119e-07 -0.529174 0.848513,
					  9.68254e-08 -0.38281 0.923827,
					  -3.83774e-07 -0.657947 0.753065,
					  0.129432 -0.966886 0.219951,
					  0.258817 0.965917 0.00421019,
					  0.654653 0.652998 0.380818,
					  0.801496 0.376755 0.464392,
					  0.736827 0.523606 0.427696,
					  0.863446 -0.0792925 0.498171,
					  0.863446 0.0749442 0.498843,
					  0.73683 -0.527318 0.423105,
					  0.801497 -0.380793 0.461085,
					  0.654662 -0.656294 0.375095,
					  0.258863 -0.965905 -0.00422222,
					  0.053487 0.998216 -0.0265291,
					  0.129408 0.966893 -0.219935,
					  0.654651 0.656298 -0.375107,
					  0.801494 0.380793 -0.461089,
					  0.736824 0.527319 -0.423113,
					  0.863445 -0.0749426 -0.498845,
					  0.863446 0.0792933 -0.498171,
					  0.736828 -0.523608 -0.427692,
					  0.801495 -0.376752 -0.464395,
					  0.654656 -0.653008 -0.380797,
					  0.0534972 -0.997946 -0.0352439,
					  0.129431 -0.964928 -0.22839,
					  -0.129409 0.966895 -0.219925,
					  8.88663e-08 0.657941 -0.753069,
					  -8.97487e-08 0.382811 -0.923827,
					  1.11648e-08 0.529171 -0.848516,
					  5.86886e-08 -0.0727695 -0.997349,
					  -1.08861e-07 0.0814677 -0.996676,
					  1.16469e-07 -0.521739 -0.853105,
					  1.85193e-08 -0.374731 -0.927134,
					  -1.34403e-08 -0.651333 -0.758792,
					  -0.129431 -0.964929 -0.228387,
					  -0.654651 0.6563 -0.375104,
					  -0.801496 0.380792 -0.461088,
					  -0.736825 0.527319 -0.423111,
					  -0.863445 -0.0749417 -0.498845,
					  -0.863446 0.0792937 -0.498171,
					  -0.736826 -0.523605 -0.427697,
					  -0.801494 -0.376754 -0.464396,
					  -0.654658 -0.652995 -0.380815 ]
		    }
		    NormalBinding {
			value	PER_VERTEX_INDEXED
		    }
		    IndexedFaceSet {
			coordIndex	[ 0, 1, 2, -1, 1, 3, 4, -1,
					  4, 2, 1, -1, 3, 5, 6, -1,
					  6, 4, 3, -1, 5, 7, 8, -1,
					  8, 6, 5, -1, 7, 9, 10, -1,
					  10, 8, 7, -1, 11, 10, 9, -1,
					  0, 2, 12, -1, 2, 4, 13, -1,
					  13, 12, 2, -1, 4, 6, 14, -1,
					  14, 13, 4, -1, 6, 8, 15, -1,
					  15, 14, 6, -1, 8, 10, 16, -1,
					  16, 15, 8, -1, 11, 16, 10, -1,
					  0, 12, 17, -1, 12, 13, 18, -1,
					  18, 17, 12, -1, 13, 14, 19, -1,
					  19, 18, 13, -1, 14, 15, 20, -1,
					  20, 19, 14, -1, 15, 16, 21, -1,
					  21, 20, 15, -1, 11, 21, 16, -1,
					  0, 17, 22, -1, 17, 18, 23, -1,
					  23, 22, 17, -1, 18, 19, 24, -1,
					  24, 23, 18, -1, 19, 20, 25, -1,
					  25, 24, 19, -1, 20, 21, 26, -1,
					  26, 25, 20, -1, 11, 26, 21, -1,
					  0, 22, 27, -1, 22, 23, 28, -1,
					  28, 27, 22, -1, 23, 24, 29, -1,
					  29, 28, 23, -1, 24, 25, 30, -1,
					  30, 29, 24, -1, 25, 26, 31, -1,
					  31, 30, 25, -1, 11, 31, 26, -1,
					  0, 27, 1, -1, 27, 28, 3, -1,
					  3, 1, 27, -1, 28, 29, 5, -1,
					  5, 3, 28, -1, 29, 30, 7, -1,
					  7, 5, 29, -1, 30, 31, 9, -1,
					  9, 7, 30, -1, 11, 9, 31, -1 ]
			normalIndex	[ 0, 1, 2, -1, 3, 4, 5, -1,
					  5, 3, 3, -1, 4, 6, 7, -1,
					  7, 5, 4, -1, 6, 8, 9, -1,
					  9, 7, 6, -1, 8, 10, 10, -1,
					  10, 9, 8, -1, 11, 12, 13, -1,
					  0, 2, 14, -1, 15, 16, 17, -1,
					  17, 15, 15, -1, 16, 18, 19, -1,
					  19, 17, 16, -1, 18, 20, 21, -1,
					  21, 19, 18, -1, 20, 22, 22, -1,
					  22, 21, 20, -1, 11, 23, 12, -1,
					  0, 14, 24, -1, 25, 26, 27, -1,
					  27, 25, 25, -1, 26, 28, 29, -1,
					  29, 27, 26, -1, 28, 30, 31, -1,
					  31, 29, 28, -1, 30, 32, 32, -1,
					  32, 31, 30, -1, 11, 33, 23, -1,
					  34, 24, 35, -1, 36, 37, 38, -1,
					  38, 36, 36, -1, 37, 39, 40, -1,
					  40, 38, 37, -1, 39, 41, 42, -1,
					  42, 40, 39, -1, 41, 43, 43, -1,
					  43, 42, 41, -1, 44, 45, 33, -1,
					  34, 35, 46, -1, 47, 48, 49, -1,
					  49, 47, 47, -1, 48, 50, 51, -1,
					  51, 49, 48, -1, 50, 52, 53, -1,
					  53, 51, 50, -1, 52, 54, 54, -1,
					  54, 53, 52, -1, 44, 55, 45, -1,
					  34, 46, 1, -1, 56, 57, 58, -1,
					  58, 56, 56, -1, 57, 59, 60, -1,
					  60, 58, 57, -1, 59, 61, 62, -1,
					  62, 60, 59, -1, 61, 63, 63, -1,
					  63, 62, 61, -1, 44, 13, 55, -1 ]
		    }
		}
	    }
	}
    }
    Separator {
	Material {
	    ambientColor	1.0 0.75 0
	    diffuseColor	1.0 0.75 0
	}
	Separator {
	    Separator {
		Separator {
		    Coordinate3 {
			point	[ 1.77588 0.799395 0.140297,
					  2.17588 0.799395 0.140297,
					  2.08229 0.800517 -0.116816,
					  2.17588 -2.00058 0.12808,
					  2.08229 -1.99946 -0.129033,
					  1.77588 -2.00058 0.12808,
					  1.84534 0.801114 -0.253623,
					  1.84534 -1.99886 -0.26584,
					  1.57588 0.800907 -0.20611,
					  1.57588 -1.99907 -0.218327,
					  1.4 0.799993 0.00349,
					  1.4 -1.99998 -0.008727,
					  1.4 0.798798 0.277103,
					  1.4 -2.00117 0.264886,
					  1.57588 0.797884 0.486703,
					  1.57588 -2.00209 0.474486,
					  1.84534 0.797677 0.534216,
					  1.84534 -2.0023 0.521999,
					  2.08229 0.798274 0.397409,
					  2.08229 -2.0017 0.385192 ]
		    }
		    Normal {
			vector	[ 2.63668e-07 0.999991 0.00436297,
					  0.939693 0.00149236 -0.342016,
					  2.9919e-07 -0.999991 -0.00436344,
					  0.5 0.00377867 -0.866017,
					  -0.17365 0.00429692 -0.984798,
					  -0.766044 0.00280462 -0.642782,
					  -1 -5.32907e-15 0,
					  -0.766044 -0.00280466 0.642782,
					  -0.17365 -0.00429692 0.984798,
					  0.5 -0.00377867 0.866017,
					  0.939693 -0.00149229 0.342017 ]
		    }
		    NormalBinding {
			value	PER_VERTEX_INDEXED
		    }
		    IndexedFaceSet {
			coordIndex	[ 0, 1, 2, -1, 1, 3, 4, -1,
					  4, 2, 1, -1, 5, 4, 3, -1,
					  0, 2, 6, -1, 2, 4, 7, -1,
					  7, 6, 2, -1, 5, 7, 4, -1,
					  0, 6, 8, -1, 6, 7, 9, -1,
					  9, 8, 6, -1, 5, 9, 7, -1,
					  0, 8, 10, -1, 8, 9, 11, -1,
					  11, 10, 8, -1, 5, 11, 9, -1,
					  0, 10, 12, -1, 10, 11, 13, -1,
					  13, 12, 10, -1, 5, 13, 11, -1,
					  0, 12, 14, -1, 12, 13, 15, -1,
					  15, 14, 12, -1, 5, 15, 13, -1,
					  0, 14, 16, -1, 14, 15, 17, -1,
					  17, 16, 14, -1, 5, 17, 15, -1,
					  0, 16, 18, -1, 16, 17, 19, -1,
					  19, 18, 16, -1, 5, 19, 17, -1,
					  0, 18, 1, -1, 18, 19, 3, -1,
					  3, 1, 18, -1, 5, 3, 19, -1 ]
			normalIndex	[ 0, 0, 0, -1, 1, 1, 1, -1,
					  1, 1, 1, -1, 2, 2, 2, -1,
					  0, 0, 0, -1, 3, 3, 3, -1,
					  3, 3, 3, -1, 2, 2, 2, -1,
					  0, 0, 0, -1, 4, 4, 4, -1,
					  4, 4, 4, -1, 2, 2, 2, -1,
					  0, 0, 0, -1, 5, 5, 5, -1,
					  5, 5, 5, -1, 2, 2, 2, -1,
					  0, 0, 0, -1, 6, 6, 6, -1,
					  6, 6, 6, -1, 2, 2, 2, -1,
					  0, 0, 0, -1, 7, 7, 7, -1,
					  7, 7, 7, -1, 2, 2, 2, -1,
					  0, 0, 0, -1, 8, 8, 8, -1,
					  8, 8, 8, -1, 2, 2, 2, -1,
					  0, 0, 0, -1, 9, 9, 9, -1,
					  9, 9, 9, -1, 2, 2, 2, -1,
					  0, 0, 0, -1, 10, 10, 10, -1,
					  10, 10, 10, -1, 2, 2, 2, -1 ]
		    }
		}
		Separator {
		    Coordinate3 {
			point	[ -1.82412 0.799395 0.140297,
					  -1.42412 0.799395 0.140297,
					  -1.5177 0.800517 -0.116816,
					  -1.42412 -2.00058 0.12808,
					  -1.5177 -1.99946 -0.129033,
					  -1.82412 -2.00058 0.12808,
					  -1.75466 0.801114 -0.253623,
					  -1.75466 -1.99886 -0.26584,
					  -2.02412 0.800907 -0.20611,
					  -2.02412 -1.99907 -0.218327,
					  -2.2 0.799993 0.00349,
					  -2.2 -1.99998 -0.008727,
					  -2.2 0.798798 0.277103,
					  -2.2 -2.00117 0.264886,
					  -2.02412 0.797884 0.486703,
					  -2.02412 -2.00209 0.474486,
					  -1.75466 0.797677 0.534216,
					  -1.75466 -2.0023 0.521999,
					  -1.5177 0.798274 0.397409,
					  -1.5177 -2.0017 0.385192 ]
		    }
		    Normal {
			vector	[ 2.63668e-07 0.999991 0.00436294,
					  0.939693 0.00149228 -0.342015,
					  2.9919e-07 -0.999991 -0.00436345,
					  0.5 0.00377865 -0.866017,
					  -0.17365 0.00429692 -0.984798,
					  -0.766044 0.00280462 -0.642782,
					  -1 -7.10543e-15 0,
					  -0.766044 -0.00280462 0.642782,
					  -0.17365 -0.00429692 0.984798,
					  0.5 -0.00377865 0.866017,
					  0.939693 -0.00149229 0.342017 ]
		    }
		    NormalBinding {
			value	PER_VERTEX_INDEXED
		    }
		    IndexedFaceSet {
			coordIndex	[ 0, 1, 2, -1, 1, 3, 4, -1,
					  4, 2, 1, -1, 5, 4, 3, -1,
					  0, 2, 6, -1, 2, 4, 7, -1,
					  7, 6, 2, -1, 5, 7, 4, -1,
					  0, 6, 8, -1, 6, 7, 9, -1,
					  9, 8, 6, -1, 5, 9, 7, -1,
					  0, 8, 10, -1, 8, 9, 11, -1,
					  11, 10, 8, -1, 5, 11, 9, -1,
					  0, 10, 12, -1, 10, 11, 13, -1,
					  13, 12, 10, -1, 5, 13, 11, -1,
					  0, 12, 14, -1, 12, 13, 15, -1,
					  15, 14, 12, -1, 5, 15, 13, -1,
					  0, 14, 16, -1, 14, 15, 17, -1,
					  17, 16, 14, -1, 5, 17, 15, -1,
					  0, 16, 18, -1, 16, 17, 19, -1,
					  19, 18, 16, -1, 5, 19, 17, -1,
					  0, 18, 1, -1, 18, 19, 3, -1,
					  3, 1, 18, -1, 5, 3, 19, -1 ]
			normalIndex	[ 0, 0, 0, -1, 1, 1, 1, -1,
					  1, 1, 1, -1, 2, 2, 2, -1,
					  0, 0, 0, -1, 3, 3, 3, -1,
					  3, 3, 3, -1, 2, 2, 2, -1,
					  0, 0, 0, -1, 4, 4, 4, -1,
					  4, 4, 4, -1, 2, 2, 2, -1,
					  0, 0, 0, -1, 5, 5, 5, -1,
					  5, 5, 5, -1, 2, 2, 2, -1,
					  0, 0, 0, -1, 6, 6, 6, -1,
					  6, 6, 6, -1, 2, 2, 2, -1,
					  0, 0, 0, -1, 7, 7, 7, -1,
					  7, 7, 7, -1, 2, 2, 2, -1,
					  0, 0, 0, -1, 8, 8, 8, -1,
					  8, 8, 8, -1, 2, 2, 2, -1,
					  0, 0, 0, -1, 9, 9, 9, -1,
					  9, 9, 9, -1, 2, 2, 2, -1,
					  0, 0, 0, -1, 10, 10, 10, -1,
					  10, 10, 10, -1, 2, 2, 2, -1 ]
		    }
		}
		Separator {
		    Coordinate3 {
			point	[ -2.12664 -2.01516 3.47097,
					  -0.797215 -2.01429 3.27001,
					  -1.99688 -1.75922 2.10957,
					  -0.59648 -2.01255 2.87094,
					  -1.91419 -1.82507 1.24099,
					  -1.30161 -2.00173 0.391919,
					  -1.80709 -1.91034 0.116135,
					  -1.7 -1.99562 -1.00872,
					  -3.39423 -2.01321 3.02268,
					  -3.51603 -2.01133 2.5929,
					  -2.35562 -2.00129 0.291538 ]
		    }
		    Normal {
			vector	[ -0.0170359 0.982934 0.183168,
					  0.122699 0.990497 0.0621397,
					  -0.0248135 0.998163 0.0552725,
					  0.166012 0.985904 -0.0208101,
					  -0.0053231 0.998372 -0.056795,
					  0.206317 0.976971 -0.0544214,
					  0.0481092 0.996319 -0.0709505,
					  0.0075456 0.997164 -0.0748766,
					  -0.105732 0.987953 0.113002,
					  -0.177808 0.982983 -0.0461286,
					  -0.19153 0.977136 -0.0923112,
					  4.29887e-08 -0.999991 -0.00436326 ]
		    }
		    NormalBinding {
			value	PER_VERTEX_INDEXED
		    }
		    IndexedFaceSet {
			coordIndex	[ 0, 1, 2, -1, 1, 3, 4, -1,
					  4, 2, 1, -1, 3, 5, 6, -1,
					  6, 4, 3, -1, 7, 6, 5, -1,
					  0, 2, 8, -1, 2, 4, 9, -1,
					  9, 8, 2, -1, 4, 6, 10, -1,
					  10, 9, 4, -1, 7, 10, 6, -1,
					  0, 8, 1, -1, 8, 9, 3, -1,
					  3, 1, 8, -1, 9, 10, 5, -1,
					  5, 3, 9, -1, 7, 5, 10, -1 ]
			normalIndex	[ 0, 1, 2, -1, 1, 3, 4, -1,
					  4, 2, 1, -1, 3, 5, 6, -1,
					  6, 4, 3, -1, 7, 6, 5, -1,
					  0, 2, 8, -1, 2, 4, 9, -1,
					  9, 8, 2, -1, 4, 6, 10, -1,
					  10, 9, 4, -1, 7, 10, 6, -1,
					  11, 11, 11, -1, 11, 11, 11, -1,
					  11, 11, 11, -1, 11, 11, 11, -1,
					  11, 11, 11, -1, 11, 11, 11, -1 ]
		    }
		}
		Separator {
		    Coordinate3 {
			point	[ 2.057 -2.01522 3.48353,
					  3.33133 -2.01335 3.05477,
					  1.94819 -1.75927 2.1203,
					  3.45972 -2.01148 2.62691,
					  1.87885 -1.82511 1.25054,
					  2.33482 -2.00136 0.30799,
					  1.78906 -1.91038 0.124177,
					  1.69926 -1.99565 -1.00219,
					  0.730819 -2.01425 3.26216,
					  0.536241 -2.0125 2.86005,
					  1.27939 -2.00173 0.39216 ]
		    }
		    Normal {
			vector	[ 0.0142845 0.982933 0.183408,
					  0.130875 0.990593 0.0399546,
					  -0.0155944 0.998147 0.0588074,
					  0.159128 0.986028 -0.0492555,
					  -0.015861 0.998364 -0.0549415,
					  0.192993 0.977123 -0.0893565,
					  0.0343031 0.996351 -0.0781604,
					  -0.00632636 0.997165 -0.0749838,
					  -0.0852509 0.98788 0.129711,
					  -0.18386 0.982846 -0.0144867,
					  -0.20539 0.976985 -0.0575853,
					  1.64347e-07 -0.999991 -0.00436086 ]
		    }
		    NormalBinding {
			value	PER_VERTEX_INDEXED
		    }
		    IndexedFaceSet {
			coordIndex	[ 0, 1, 2, -1, 1, 3, 4, -1,
					  4, 2, 1, -1, 3, 5, 6, -1,
					  6, 4, 3, -1, 7, 6, 5, -1,
					  0, 2, 8, -1, 2, 4, 9, -1,
					  9, 8, 2, -1, 4, 6, 10, -1,
					  10, 9, 4, -1, 7, 10, 6, -1,
					  0, 8, 1, -1, 8, 9, 3, -1,
					  3, 1, 8, -1, 9, 10, 5, -1,
					  5, 3, 9, -1, 7, 5, 10, -1 ]
			normalIndex	[ 0, 1, 2, -1, 1, 3, 4, -1,
					  4, 2, 1, -1, 3, 5, 6, -1,
					  6, 4, 3, -1, 7, 6, 5, -1,
					  0, 2, 8, -1, 2, 4, 9, -1,
					  9, 8, 2, -1, 4, 6, 10, -1,
					  10, 9, 4, -1, 7, 10, 6, -1,
					  11, 11, 11, -1, 11, 11, 11, -1,
					  11, 11, 11, -1, 11, 11, 11, -1,
					  11, 11, 11, -1, 11, 11, 11, -1 ]
		    }
		}
	    }
	}
    }
    Separator {
	Material {
	    ambientColor	0.25 0.25 0.25
	    diffuseColor	1 1 1
	}
	Separator {
	    Coordinate3 {
		point	[ 0.330758 13.3093 2.13391,
				  0.198455 13.3093 2.13391,
				  0.498497 11.9279 2.55036,
				  0.805827 11.9283 2.46606,
				  0.066152 13.3093 2.13391,
				  0.187597 11.9276 2.60815,
				  -0.066152 13.3093 2.13391,
				  -0.131086 11.9276 2.60815,
				  -0.198455 13.3093 2.13391,
				  -0.42382 11.9281 2.51108,
				  -0.330758 13.3093 2.13391,
				  -0.7 11.9288 2.35207,
				  1.00513 10.5868 3.00779,
				  0.616562 10.5862 3.14922,
				  1.08445 9.2408 3.58186,
				  1.78253 9.24191 3.32778,
				  0.206752 10.586 3.18502,
				  0.371439 9.24006 3.75124,
				  -0.206752 10.586 3.18502,
				  -0.371439 9.24006 3.75124,
				  -0.616562 10.5862 3.14922,
				  -1.08445 9.2408 3.58186,
				  -1.00513 10.5868 3.00779,
				  -1.78253 9.24191 3.32778,
				  2.51932 7.8402 3.23665,
				  1.59933 7.83767 3.81735,
				  1.68263 6.38877 3.99765,
				  2.65053 6.39144 3.3867,
				  0.548243 7.83634 4.12196,
				  0.576797 6.38737 4.31812,
				  -0.548243 7.83634 4.12196,
				  -0.576797 6.38737 4.31812,
				  -1.59933 7.83767 3.81735,
				  -1.68263 6.38877 3.99765,
				  -2.51932 7.8402 3.23665,
				  -2.65053 6.39144 3.3867,
				  2.66428 4.92836 3.3967,
				  1.69135 4.92567 4.01082,
				  1.62297 3.47343 3.85128,
				  2.55656 3.476 3.26199,
				  0.579788 4.92427 4.33295,
				  0.556347 3.47208 4.16039,
				  -0.579788 4.92427 4.33295,
				  -0.556347 3.47208 4.16039,
				  -1.69135 4.92567 4.01082,
				  -1.62297 3.47343 3.85128,
				  -2.66428 4.92836 3.3967,
				  -2.55656 3.476 3.26199,
				  1.80649 2.07934 3.33803,
				  1.09903 2.07822 3.59552,
				  0.284947 0.929722 2.89744,
				  0.474911 0.929722 2.89744,
				  0.376432 2.07748 3.76718,
				  0.094982 0.929722 2.89744,
				  -0.376432 2.07748 3.76718,
				  -0.094982 0.929722 2.89744,
				  -1.09903 2.07822 3.59552,
				  -0.284947 0.929722 2.89744,
				  -1.80649 2.07934 3.33803,
				  -0.474911 0.929722 2.89744 ]
	    }
	    Normal {
		vector	[ 0.126734 0.300396 0.945357,
				  0.0578599 0.311711 0.948414,
				  0.152813 0.357172 0.921453,
				  0.268981 0.372584 0.888161,
				  4.92086e-07 0.324657 0.945832,
				  0.0570305 0.359653 0.931342,
				  -0.100244 0.306783 0.946486,
				  -0.110886 0.371963 0.921601,
				  -0.163195 0.24832 0.954832,
				  -0.276302 0.361372 0.890544,
				  -6.75537e-07 0.156093 0.987742,
				  -0.458757 0.389752 0.798521,
				  0.314326 0.390427 0.865313,
				  0.208128 0.39689 0.893958,
				  0.278125 0.324975 0.903901,
				  0.390784 0.295601 0.871727,
				  0.0545756 0.395596 0.916802,
				  0.0866888 0.324623 0.941863,
				  -0.0623831 0.385774 0.920482,
				  -0.118231 0.328135 0.937203,
				  -0.231315 0.401736 0.88606,
				  -0.28359 0.304122 0.909443,
				  -0.35426 0.436642 0.826948,
				  -0.325783 0.300548 0.896402,
				  0.52629 0.1632 0.834496,
				  0.369842 0.193526 0.908716,
				  0.408669 0.0733682 0.909729,
				  0.532938 0.052179 0.844544,
				  0.129133 0.200065 0.971236,
				  0.139927 0.0730802 0.987461,
				  -0.138019 0.200811 0.969859,
				  -0.140374 0.0730861 0.987397,
				  -0.39358 0.209804 0.895029,
				  -0.409079 0.073385 0.909543,
				  -0.462039 0.19257 0.8657,
				  -0.531243 0.0935463 0.842039,
				  0.532425 -0.0746809 0.843176,
				  0.409724 -0.054129 0.910602,
				  0.394413 -0.209302 0.89478,
				  0.462405 -0.196586 0.864601,
				  0.140544 -0.0544935 0.988574,
				  0.138379 -0.200857 0.969798,
				  -0.140245 -0.054488 0.988616,
				  -0.129255 -0.200124 0.971207,
				  -0.40945 -0.0541128 0.910727,
				  -0.370459 -0.192947 0.908588,
				  -0.533559 -0.0319339 0.84516,
				  -0.527504 -0.156452 0.835023,
				  0.136295 -0.506653 0.851309,
				  0.241723 -0.48635 0.839663,
				  0.0903221 -0.512047 0.854195,
				  -3.18144e-07 -0.357868 0.933772,
				  0.114735 -0.452755 0.884222,
				  0.0608692 -0.584891 0.808824,
				  -0.0692239 -0.45044 0.890119,
				  5.12971e-08 -0.603962 0.797013,
				  -0.216873 -0.437666 0.872591,
				  -0.0619845 -0.578387 0.813404,
				  -0.3816 -0.383376 0.841073,
				  -0.138366 -0.568229 0.811154,
				  -0.362061 0.400223 0.841863,
				  0.359934 -0.243988 0.900509,
				  0.173257 -0.249921 0.952639 ]
	    }
	    NormalBinding {
		value	PER_VERTEX_INDEXED
	    }
	    IndexedFaceSet {
		coordIndex	[ 0, 1, 2, -1, 2, 3, 0, -1,
				  1, 4, 5, -1, 5, 2, 1, -1,
				  4, 6, 7, -1, 7, 5, 4, -1,
				  6, 8, 9, -1, 9, 7, 6, -1,
				  8, 10, 11, -1, 11, 9, 8, -1,
				  12, 13, 14, -1, 14, 15, 12, -1,
				  13, 16, 17, -1, 17, 14, 13, -1,
				  16, 18, 19, -1, 19, 17, 16, -1,
				  18, 20, 21, -1, 21, 19, 18, -1,
				  20, 22, 23, -1, 23, 21, 20, -1,
				  24, 25, 26, -1, 26, 27, 24, -1,
				  25, 28, 29, -1, 29, 26, 25, -1,
				  28, 30, 31, -1, 31, 29, 28, -1,
				  30, 32, 33, -1, 33, 31, 30, -1,
				  32, 34, 35, -1, 35, 33, 32, -1,
				  36, 37, 38, -1, 38, 39, 36, -1,
				  37, 40, 41, -1, 41, 38, 37, -1,
				  40, 42, 43, -1, 43, 41, 40, -1,
				  42, 44, 45, -1, 45, 43, 42, -1,
				  44, 46, 47, -1, 47, 45, 44, -1,
				  48, 49, 50, -1, 50, 51, 48, -1,
				  49, 52, 53, -1, 53, 50, 49, -1,
				  52, 54, 55, -1, 55, 53, 52, -1,
				  54, 56, 57, -1, 57, 55, 54, -1,
				  56, 58, 59, -1, 59, 57, 56, -1,
				  3, 2, 13, -1, 13, 12, 3, -1,
				  2, 5, 16, -1, 16, 13, 2, -1,
				  5, 7, 18, -1, 18, 16, 5, -1,
				  7, 9, 20, -1, 20, 18, 7, -1,
				  9, 11, 22, -1, 22, 20, 9, -1,
				  15, 14, 25, -1, 25, 24, 15, -1,
				  14, 17, 28, -1, 28, 25, 14, -1,
				  17, 19, 30, -1, 30, 28, 17, -1,
				  19, 21, 32, -1, 32, 30, 19, -1,
				  21, 23, 34, -1, 34, 32, 21, -1,
				  27, 26, 37, -1, 37, 36, 27, -1,
				  26, 29, 40, -1, 40, 37, 26, -1,
				  29, 31, 42, -1, 42, 40, 29, -1,
				  31, 33, 44, -1, 44, 42, 31, -1,
				  33, 35, 46, -1, 46, 44, 33, -1,
				  39, 38, 49, -1, 49, 48, 39, -1,
				  38, 41, 52, -1, 52, 49, 38, -1,
				  41, 43, 54, -1, 54, 52, 41, -1,
				  43, 45, 56, -1, 56, 54, 43, -1,
				  45, 47, 58, -1, 58, 56, 45, -1 ]
		normalIndex	[ 0, 1, 2, -1, 2, 3, 0, -1,
				  1, 4, 5, -1, 5, 2, 1, -1,
				  4, 6, 7, -1, 7, 5, 4, -1,
				  6, 8, 9, -1, 9, 7, 6, -1,
				  8, 10, 10, -1, 11, 9, 8, -1,
				  12, 13, 14, -1, 14, 15, 12, -1,
				  13, 16, 17, -1, 17, 14, 13, -1,
				  16, 18, 19, -1, 19, 17, 16, -1,
				  18, 20, 21, -1, 21, 19, 18, -1,
				  20, 22, 23, -1, 23, 21, 20, -1,
				  24, 25, 26, -1, 26, 27, 24, -1,
				  25, 28, 29, -1, 29, 26, 25, -1,
				  28, 30, 31, -1, 31, 29, 28, -1,
				  30, 32, 33, -1, 33, 31, 30, -1,
				  32, 34, 35, -1, 35, 33, 32, -1,
				  36, 37, 38, -1, 38, 39, 36, -1,
				  37, 40, 41, -1, 41, 38, 37, -1,
				  40, 42, 43, -1, 43, 41, 40, -1,
				  42, 44, 45, -1, 45, 43, 42, -1,
				  44, 46, 47, -1, 47, 45, 44, -1,
				  48, 49, 50, -1, 50, 51, 48, -1,
				  49, 52, 53, -1, 53, 50, 49, -1,
				  52, 54, 55, -1, 55, 53, 52, -1,
				  54, 56, 57, -1, 57, 55, 54, -1,
				  56, 58, 59, -1, 59, 57, 56, -1,
				  3, 2, 13, -1, 13, 12, 3, -1,
				  2, 5, 16, -1, 16, 13, 2, -1,
				  5, 7, 18, -1, 18, 16, 5, -1,
				  7, 9, 20, -1, 20, 18, 7, -1,
				  60, 11, 22, -1, 22, 20, 60, -1,
				  15, 14, 25, -1, 25, 24, 15, -1,
				  14, 17, 28, -1, 28, 25, 14, -1,
				  17, 19, 30, -1, 30, 28, 17, -1,
				  19, 21, 32, -1, 32, 30, 19, -1,
				  21, 23, 34, -1, 34, 32, 21, -1,
				  27, 26, 37, -1, 37, 36, 27, -1,
				  26, 29, 40, -1, 40, 37, 26, -1,
				  29, 31, 42, -1, 42, 40, 29, -1,
				  31, 33, 44, -1, 44, 42, 31, -1,
				  33, 35, 46, -1, 46, 44, 33, -1,
				  39, 38, 49, -1, 61, 62, 39, -1,
				  38, 41, 52, -1, 52, 61, 38, -1,
				  41, 43, 54, -1, 54, 52, 41, -1,
				  43, 45, 56, -1, 56, 54, 43, -1,
				  45, 47, 58, -1, 58, 56, 45, -1 ]
	    }
	}
    }
    Separator {
	Material {
	    ambientColor	1.0 0.75 0.0
	    diffuseColor	1 0.75 0.0
	}
	Separator {
	    Coordinate3 {
		point	[ 0 16.2259 1.39377,
				  0.64242 17.7281 0.650825,
				  0 17.6066 3.9695,
				  -0.64242 17.7281 0.650825,
				  0 18.9571 1.19154 ]
	    }
	    Normal {
		vector	[ 0.933684 -0.315614 0.16918,
				  -0.933684 -0.315614 0.16918,
				  -0.901939 0.388396 0.188821,
				  0.901939 0.388396 0.188821 ]
	    }
	    NormalBinding {
		value	PER_VERTEX_INDEXED
	    }
	    IndexedFaceSet {
		coordIndex	[ 0, 1, 2, -1, 3, 0, 2, -1,
				  4, 3, 2, -1, 1, 4, 2, -1 ]
		normalIndex	[ 0, 0, 0, -1, 1, 1, 1, -1,
				  2, 2, 2, -1, 3, 3, 3, -1 ]
	    }
	}
    }
}
